,date,forecast_latitude,forecast_longitude,temperature_2m,precipitation_probability,precipitation,station_id,station_name,station_latitude,station_longitude
0,2024-11-12 21:00:00+00:00,2.375,42.25,25.994,80.0,1.1,17,Bardheere,2.35,42.2833
1,2024-11-12 22:00:00+00:00,2.375,42.25,25.694,75.0,0.5,17,Bardheere,2.35,42.2833
2,2024-11-12 23:00:00+00:00,2.375,42.25,25.293999,50.0,0.0,17,Bardheere,2.35,42.2833
3,2024-11-13 00:00:00+00:00,2.375,42.25,25.293999,38.0,0.0,17,Bardheere,2.35,42.2833
4,2024-11-13 01:00:00+00:00,2.375,42.25,25.144,40.0,0.0,17,Bardheere,2.35,42.2833
5,2024-11-13 02:00:00+00:00,2.375,42.25,25.094,28.0,0.0,17,Bardheere,2.35,42.2833
6,2024-11-13 03:00:00+00:00,2.375,42.25,24.994,13.0,0.0,17,Bardheere,2.35,42.2833
7,2024-11-13 04:00:00+00:00,2.375,42.25,25.293999,8.0,0.0,17,Bardheere,2.35,42.2833
8,2024-11-13 05:00:00+00:00,2.375,42.25,26.344,5.0,0.0,17,Bardheere,2.35,42.2833
9,2024-11-13 06:00:00+00:00,2.375,42.25,27.744,5.0,0.0,17,Bardheere,2.35,42.2833
10,2024-11-13 07:00:00+00:00,2.375,42.25,29.043999,5.0,0.0,17,Bardheere,2.35,42.2833
11,2024-11-13 08:00:00+00:00,2.375,42.25,30.293999,0.0,0.0,17,Bardheere,2.35,42.2833
12,2024-11-13 09:00:00+00:00,2.375,42.25,31.293999,13.0,0.1,17,Bardheere,2.35,42.2833
13,2024-11-13 10:00:00+00:00,2.375,42.25,31.543999,33.0,0.1,17,Bardheere,2.35,42.2833
14,2024-11-13 11:00:00+00:00,2.375,42.25,31.494,40.0,0.2,17,Bardheere,2.35,42.2833
15,2024-11-13 12:00:00+00:00,2.375,42.25,31.194,48.0,0.5,17,Bardheere,2.35,42.2833
16,2024-11-13 13:00:00+00:00,2.375,42.25,30.543999,50.0,0.9,17,Bardheere,2.35,42.2833
17,2024-11-13 14:00:00+00:00,2.375,42.25,30.494,50.0,0.0,17,Bardheere,2.35,42.2833
18,2024-11-13 15:00:00+00:00,2.375,42.25,30.094,23.0,0.0,17,Bardheere,2.35,42.2833
19,2024-11-13 16:00:00+00:00,2.375,42.25,28.894,18.0,0.5,17,Bardheere,2.35,42.2833
20,2024-11-13 17:00:00+00:00,2.375,42.25,27.744,20.0,1.7,17,Bardheere,2.35,42.2833
21,2024-11-13 18:00:00+00:00,2.375,42.25,26.844,13.0,2.9,17,Bardheere,2.35,42.2833
22,2024-11-13 19:00:00+00:00,2.375,42.25,26.194,18.0,2.8,17,Bardheere,2.35,42.2833
23,2024-11-13 20:00:00+00:00,2.375,42.25,25.994,10.0,0.2,17,Bardheere,2.35,42.2833
24,2024-11-13 21:00:00+00:00,2.375,42.25,25.844,10.0,0.0,17,Bardheere,2.35,42.2833
25,2024-11-13 22:00:00+00:00,2.375,42.25,25.594,13.0,0.0,17,Bardheere,2.35,42.2833
26,2024-11-13 23:00:00+00:00,2.375,42.25,25.094,8.0,0.0,17,Bardheere,2.35,42.2833
27,2024-11-14 00:00:00+00:00,2.375,42.25,24.793999,3.0,0.0,17,Bardheere,2.35,42.2833
28,2024-11-14 01:00:00+00:00,2.375,42.25,24.694,3.0,0.0,17,Bardheere,2.35,42.2833
29,2024-11-14 02:00:00+00:00,2.375,42.25,24.644,3.0,0.0,17,Bardheere,2.35,42.2833
30,2024-11-14 03:00:00+00:00,2.375,42.25,24.644,0.0,0.0,17,Bardheere,2.35,42.2833
31,2024-11-14 04:00:00+00:00,2.375,42.25,25.043999,0.0,0.0,17,Bardheere,2.35,42.2833
32,2024-11-14 05:00:00+00:00,2.375,42.25,25.894,0.0,0.0,17,Bardheere,2.35,42.2833
33,2024-11-14 06:00:00+00:00,2.375,42.25,27.194,0.0,0.0,17,Bardheere,2.35,42.2833
34,2024-11-14 07:00:00+00:00,2.375,42.25,28.094,13.0,0.0,17,Bardheere,2.35,42.2833
35,2024-11-14 08:00:00+00:00,2.375,42.25,29.793999,33.0,0.0,17,Bardheere,2.35,42.2833
36,2024-11-14 09:00:00+00:00,2.375,42.25,30.944,45.0,0.0,17,Bardheere,2.35,42.2833
37,2024-11-14 10:00:00+00:00,2.375,42.25,31.594,25.0,0.0,17,Bardheere,2.35,42.2833
38,2024-11-14 11:00:00+00:00,2.375,42.25,31.994,8.0,0.0,17,Bardheere,2.35,42.2833
39,2024-11-14 12:00:00+00:00,2.375,42.25,32.144,8.0,0.0,17,Bardheere,2.35,42.2833
40,2024-11-14 13:00:00+00:00,2.375,42.25,31.944,15.0,0.0,17,Bardheere,2.35,42.2833
41,2024-11-14 14:00:00+00:00,2.375,42.25,30.844,20.0,0.2,17,Bardheere,2.35,42.2833
42,2024-11-14 15:00:00+00:00,2.375,42.25,29.994,25.0,0.1,17,Bardheere,2.35,42.2833
43,2024-11-14 16:00:00+00:00,2.375,42.25,28.694,13.0,0.0,17,Bardheere,2.35,42.2833
44,2024-11-14 17:00:00+00:00,2.375,42.25,27.594,15.0,0.0,17,Bardheere,2.35,42.2833
45,2024-11-14 18:00:00+00:00,2.375,42.25,27.194,10.0,0.0,17,Bardheere,2.35,42.2833
46,2024-11-14 19:00:00+00:00,2.375,42.25,26.694,5.0,0.0,17,Bardheere,2.35,42.2833
47,2024-11-14 20:00:00+00:00,2.375,42.25,26.094,3.0,0.0,17,Bardheere,2.35,42.2833
48,2024-11-14 21:00:00+00:00,2.375,42.25,25.694,3.0,0.0,17,Bardheere,2.35,42.2833
49,2024-11-14 22:00:00+00:00,2.375,42.25,25.394,5.0,0.0,17,Bardheere,2.35,42.2833
50,2024-11-14 23:00:00+00:00,2.375,42.25,25.194,3.0,0.0,17,Bardheere,2.35,42.2833
51,2024-11-15 00:00:00+00:00,2.375,42.25,25.094,0.0,0.0,17,Bardheere,2.35,42.2833
52,2024-11-15 01:00:00+00:00,2.375,42.25,24.944,0.0,0.0,17,Bardheere,2.35,42.2833
53,2024-11-15 02:00:00+00:00,2.375,42.25,24.793999,0.0,0.0,17,Bardheere,2.35,42.2833
54,2024-11-15 03:00:00+00:00,2.375,42.25,24.744,0.0,0.0,17,Bardheere,2.35,42.2833
55,2024-11-15 04:00:00+00:00,2.375,42.25,25.194,0.0,0.0,17,Bardheere,2.35,42.2833
56,2024-11-15 05:00:00+00:00,2.375,42.25,26.194,0.0,0.0,17,Bardheere,2.35,42.2833
57,2024-11-15 06:00:00+00:00,2.375,42.25,27.644,0.0,0.0,17,Bardheere,2.35,42.2833
58,2024-11-15 07:00:00+00:00,2.375,42.25,29.144,7.0,0.0,17,Bardheere,2.35,42.2833
59,2024-11-15 08:00:00+00:00,2.375,42.25,30.194,18.0,0.1,17,Bardheere,2.35,42.2833
60,2024-11-15 09:00:00+00:00,2.375,42.25,30.844,23.0,0.0,17,Bardheere,2.35,42.2833
61,2024-11-15 10:00:00+00:00,2.375,42.25,31.394,19.0,0.0,17,Bardheere,2.35,42.2833
62,2024-11-15 11:00:00+00:00,2.375,42.25,31.744,11.0,0.0,17,Bardheere,2.35,42.2833
63,2024-11-15 12:00:00+00:00,2.375,42.25,31.744,5.0,0.0,17,Bardheere,2.35,42.2833
64,2024-11-15 13:00:00+00:00,2.375,42.25,31.744,3.0,0.0,17,Bardheere,2.35,42.2833
65,2024-11-15 14:00:00+00:00,2.375,42.25,31.444,3.0,0.0,17,Bardheere,2.35,42.2833
66,2024-11-15 15:00:00+00:00,2.375,42.25,30.594,3.0,0.0,17,Bardheere,2.35,42.2833
67,2024-11-15 16:00:00+00:00,2.375,42.25,30.043999,3.0,0.0,17,Bardheere,2.35,42.2833
68,2024-11-15 17:00:00+00:00,2.375,42.25,29.444,3.0,0.0,17,Bardheere,2.35,42.2833
69,2024-11-15 18:00:00+00:00,2.375,42.25,28.543999,3.0,0.0,17,Bardheere,2.35,42.2833
70,2024-11-15 19:00:00+00:00,2.375,42.25,27.894,3.0,0.0,17,Bardheere,2.35,42.2833
71,2024-11-15 20:00:00+00:00,2.375,42.25,27.344,3.0,0.0,17,Bardheere,2.35,42.2833
72,2024-11-15 21:00:00+00:00,2.375,42.25,26.793999,3.0,0.0,17,Bardheere,2.35,42.2833
73,2024-11-15 22:00:00+00:00,2.375,42.25,26.144,3.0,0.0,17,Bardheere,2.35,42.2833
74,2024-11-15 23:00:00+00:00,2.375,42.25,25.793999,3.0,0.0,17,Bardheere,2.35,42.2833
75,2024-11-16 00:00:00+00:00,2.375,42.25,25.644,3.0,0.0,17,Bardheere,2.35,42.2833
76,2024-11-16 01:00:00+00:00,2.375,42.25,25.644,3.0,0.0,17,Bardheere,2.35,42.2833
77,2024-11-16 02:00:00+00:00,2.375,42.25,25.594,2.0,0.0,17,Bardheere,2.35,42.2833
78,2024-11-16 03:00:00+00:00,2.375,42.25,25.444,2.0,0.0,17,Bardheere,2.35,42.2833
79,2024-11-16 04:00:00+00:00,2.375,42.25,25.694,1.0,0.0,17,Bardheere,2.35,42.2833
80,2024-11-16 05:00:00+00:00,2.375,42.25,26.293999,0.0,0.0,17,Bardheere,2.35,42.2833
81,2024-11-16 06:00:00+00:00,2.375,42.25,27.144,0.0,0.0,17,Bardheere,2.35,42.2833
82,2024-11-16 07:00:00+00:00,2.375,42.25,28.594,0.0,0.0,17,Bardheere,2.35,42.2833
83,2024-11-16 08:00:00+00:00,2.375,42.25,29.744,0.0,0.2,17,Bardheere,2.35,42.2833
84,2024-11-16 09:00:00+00:00,2.375,42.25,31.094,0.0,0.1,17,Bardheere,2.35,42.2833
85,2024-11-16 10:00:00+00:00,2.375,42.25,32.494,0.0,0.0,17,Bardheere,2.35,42.2833
86,2024-11-16 11:00:00+00:00,2.375,42.25,33.093998,0.0,0.0,17,Bardheere,2.35,42.2833
87,2024-11-16 12:00:00+00:00,2.375,42.25,33.244,0.0,0.0,17,Bardheere,2.35,42.2833
88,2024-11-16 13:00:00+00:00,2.375,42.25,32.894,0.0,0.0,17,Bardheere,2.35,42.2833
89,2024-11-16 14:00:00+00:00,2.375,42.25,32.094,0.0,0.0,17,Bardheere,2.35,42.2833
90,2024-11-16 15:00:00+00:00,2.375,42.25,31.194,0.0,0.0,17,Bardheere,2.35,42.2833
91,2024-11-16 16:00:00+00:00,2.375,42.25,30.144,0.0,0.0,17,Bardheere,2.35,42.2833
92,2024-11-16 17:00:00+00:00,2.375,42.25,28.994,0.0,0.0,17,Bardheere,2.35,42.2833
93,2024-11-16 18:00:00+00:00,2.375,42.25,28.043999,0.0,0.0,17,Bardheere,2.35,42.2833
94,2024-11-16 19:00:00+00:00,2.375,42.25,27.444,0.0,0.0,17,Bardheere,2.35,42.2833
95,2024-11-16 20:00:00+00:00,2.375,42.25,26.994,0.0,0.0,17,Bardheere,2.35,42.2833
96,2024-11-16 21:00:00+00:00,2.375,42.25,26.543999,0.0,0.0,17,Bardheere,2.35,42.2833
97,2024-11-16 22:00:00+00:00,2.375,42.25,25.994,0.0,0.0,17,Bardheere,2.35,42.2833
98,2024-11-16 23:00:00+00:00,2.375,42.25,25.444,0.0,0.0,17,Bardheere,2.35,42.2833
99,2024-11-17 00:00:00+00:00,2.375,42.25,24.944,0.0,0.0,17,Bardheere,2.35,42.2833
100,2024-11-17 01:00:00+00:00,2.375,42.25,24.293999,0.0,0.0,17,Bardheere,2.35,42.2833
101,2024-11-17 02:00:00+00:00,2.375,42.25,23.694,0.0,0.0,17,Bardheere,2.35,42.2833
102,2024-11-17 03:00:00+00:00,2.375,42.25,23.594,0.0,0.0,17,Bardheere,2.35,42.2833
103,2024-11-17 04:00:00+00:00,2.375,42.25,24.344,0.0,0.0,17,Bardheere,2.35,42.2833
104,2024-11-17 05:00:00+00:00,2.375,42.25,25.644,0.0,0.0,17,Bardheere,2.35,42.2833
105,2024-11-17 06:00:00+00:00,2.375,42.25,27.043999,0.0,0.0,17,Bardheere,2.35,42.2833
106,2024-11-17 07:00:00+00:00,2.375,42.25,28.543999,0.0,0.0,17,Bardheere,2.35,42.2833
107,2024-11-17 08:00:00+00:00,2.375,42.25,30.194,0.0,0.0,17,Bardheere,2.35,42.2833
108,2024-11-17 09:00:00+00:00,2.375,42.25,31.594,0.0,0.0,17,Bardheere,2.35,42.2833
109,2024-11-17 10:00:00+00:00,2.375,42.25,32.694,0.0,0.0,17,Bardheere,2.35,42.2833
110,2024-11-17 11:00:00+00:00,2.375,42.25,33.544,0.0,0.0,17,Bardheere,2.35,42.2833
111,2024-11-17 12:00:00+00:00,2.375,42.25,33.894,0.0,0.0,17,Bardheere,2.35,42.2833
112,2024-11-17 13:00:00+00:00,2.375,42.25,33.544,0.0,0.0,17,Bardheere,2.35,42.2833
113,2024-11-17 14:00:00+00:00,2.375,42.25,32.644,0.0,0.0,17,Bardheere,2.35,42.2833
114,2024-11-17 15:00:00+00:00,2.375,42.25,31.694,0.0,0.0,17,Bardheere,2.35,42.2833
115,2024-11-17 16:00:00+00:00,2.375,42.25,30.694,0.0,0.0,17,Bardheere,2.35,42.2833
116,2024-11-17 17:00:00+00:00,2.375,42.25,29.594,0.0,0.0,17,Bardheere,2.35,42.2833
117,2024-11-17 18:00:00+00:00,2.375,42.25,28.644,0.0,0.0,17,Bardheere,2.35,42.2833
118,2024-11-17 19:00:00+00:00,2.375,42.25,27.844,0.0,0.0,17,Bardheere,2.35,42.2833
119,2024-11-17 20:00:00+00:00,2.375,42.25,27.194,0.0,0.0,17,Bardheere,2.35,42.2833
120,2024-11-17 21:00:00+00:00,2.375,42.25,26.594,0.0,0.0,17,Bardheere,2.35,42.2833
121,2024-11-17 22:00:00+00:00,2.375,42.25,26.043999,0.0,0.0,17,Bardheere,2.35,42.2833
122,2024-11-17 23:00:00+00:00,2.375,42.25,25.543999,0.0,0.0,17,Bardheere,2.35,42.2833
123,2024-11-18 00:00:00+00:00,2.375,42.25,25.194,0.0,0.0,17,Bardheere,2.35,42.2833
124,2024-11-18 01:00:00+00:00,2.375,42.25,24.894,0.0,0.0,17,Bardheere,2.35,42.2833
125,2024-11-18 02:00:00+00:00,2.375,42.25,24.694,0.0,0.0,17,Bardheere,2.35,42.2833
126,2024-11-18 03:00:00+00:00,2.375,42.25,24.844,0.0,0.0,17,Bardheere,2.35,42.2833
127,2024-11-18 04:00:00+00:00,2.375,42.25,25.644,0.0,0.0,17,Bardheere,2.35,42.2833
128,2024-11-18 05:00:00+00:00,2.375,42.25,26.793999,0.0,0.0,17,Bardheere,2.35,42.2833
129,2024-11-18 06:00:00+00:00,2.375,42.25,27.644,0.0,0.0,17,Bardheere,2.35,42.2833
130,2024-11-18 07:00:00+00:00,2.375,42.25,28.944,0.0,0.1,17,Bardheere,2.35,42.2833
131,2024-11-18 08:00:00+00:00,2.375,42.25,30.194,0.0,0.1,17,Bardheere,2.35,42.2833
132,2024-11-18 09:00:00+00:00,2.375,42.25,31.144,0.0,0.1,17,Bardheere,2.35,42.2833
133,2024-11-18 10:00:00+00:00,2.375,42.25,31.644,0.0,0.1,17,Bardheere,2.35,42.2833
134,2024-11-18 11:00:00+00:00,2.375,42.25,31.793999,0.0,0.1,17,Bardheere,2.35,42.2833
135,2024-11-18 12:00:00+00:00,2.375,42.25,31.694,0.0,0.1,17,Bardheere,2.35,42.2833
136,2024-11-18 13:00:00+00:00,2.375,42.25,31.293999,1.0,0.0,17,Bardheere,2.35,42.2833
137,2024-11-18 14:00:00+00:00,2.375,42.25,30.644,2.0,0.0,17,Bardheere,2.35,42.2833
138,2024-11-18 15:00:00+00:00,2.375,42.25,29.944,3.0,0.0,17,Bardheere,2.35,42.2833
139,2024-11-18 16:00:00+00:00,2.375,42.25,29.144,4.0,0.0,17,Bardheere,2.35,42.2833
140,2024-11-18 17:00:00+00:00,2.375,42.25,28.293999,5.0,0.0,17,Bardheere,2.35,42.2833
141,2024-11-18 18:00:00+00:00,2.375,42.25,27.594,6.0,0.0,17,Bardheere,2.35,42.2833
142,2024-11-18 19:00:00+00:00,2.375,42.25,27.094,8.0,0.6,17,Bardheere,2.35,42.2833
143,2024-11-18 20:00:00+00:00,2.375,42.25,26.694,9.0,0.6,17,Bardheere,2.35,42.2833
144,2024-11-18 21:00:00+00:00,2.375,42.25,26.394,10.0,0.6,17,Bardheere,2.35,42.2833
145,2024-11-18 22:00:00+00:00,2.375,42.25,26.094,11.0,0.0,17,Bardheere,2.35,42.2833
146,2024-11-18 23:00:00+00:00,2.375,42.25,25.844,12.0,0.0,17,Bardheere,2.35,42.2833
147,2024-11-19 00:00:00+00:00,2.375,42.25,25.644,13.0,0.0,17,Bardheere,2.35,42.2833
148,2024-11-19 01:00:00+00:00,2.375,42.25,25.494,14.0,0.0,17,Bardheere,2.35,42.2833
149,2024-11-19 02:00:00+00:00,2.375,42.25,25.444,14.0,0.0,17,Bardheere,2.35,42.2833
150,2024-11-19 03:00:00+00:00,2.375,42.25,25.543999,14.0,0.0,17,Bardheere,2.35,42.2833
151,2024-11-19 04:00:00+00:00,2.375,42.25,25.944,14.0,0.3,17,Bardheere,2.35,42.2833
152,2024-11-19 05:00:00+00:00,2.375,42.25,26.543999,14.0,0.3,17,Bardheere,2.35,42.2833
153,2024-11-19 06:00:00+00:00,2.375,42.25,27.244,14.0,0.3,17,Bardheere,2.35,42.2833
154,2024-11-19 07:00:00+00:00,2.375,42.25,28.194,14.0,0.1,17,Bardheere,2.35,42.2833
155,2024-11-19 08:00:00+00:00,2.375,42.25,29.244,14.0,0.1,17,Bardheere,2.35,42.2833
156,2024-11-19 09:00:00+00:00,2.375,42.25,30.094,14.0,0.1,17,Bardheere,2.35,42.2833
157,2024-11-19 10:00:00+00:00,2.375,42.25,30.644,14.0,0.1,17,Bardheere,2.35,42.2833
158,2024-11-19 11:00:00+00:00,2.375,42.25,30.994,14.0,0.1,17,Bardheere,2.35,42.2833
159,2024-11-19 12:00:00+00:00,2.375,42.25,31.043999,15.0,0.1,17,Bardheere,2.35,42.2833
160,2024-11-19 13:00:00+00:00,2.375,42.25,30.694,16.0,0.4,17,Bardheere,2.35,42.2833
161,2024-11-19 14:00:00+00:00,2.375,42.25,29.994,17.0,0.4,17,Bardheere,2.35,42.2833
162,2024-11-19 15:00:00+00:00,2.375,42.25,29.244,18.0,0.4,17,Bardheere,2.35,42.2833
163,2024-11-19 16:00:00+00:00,2.375,42.25,28.394,20.0,1.5,17,Bardheere,2.35,42.2833
164,2024-11-19 17:00:00+00:00,2.375,42.25,27.444,22.0,1.5,17,Bardheere,2.35,42.2833
165,2024-11-19 18:00:00+00:00,2.375,42.25,26.694,23.0,1.5,17,Bardheere,2.35,42.2833
166,2024-11-19 19:00:00+00:00,2.375,42.25,26.244,25.0,0.1,17,Bardheere,2.35,42.2833
167,2024-11-19 20:00:00+00:00,2.375,42.25,26.043999,26.0,0.1,17,Bardheere,2.35,42.2833
168,2024-11-12 21:00:00+00:00,4.75,45.25,26.748499,8.0,0.0,4,Belet Weyne,4.7358,45.2036
169,2024-11-12 22:00:00+00:00,4.75,45.25,26.3485,3.0,0.0,4,Belet Weyne,4.7358,45.2036
170,2024-11-12 23:00:00+00:00,4.75,45.25,25.748499,13.0,0.7,4,Belet Weyne,4.7358,45.2036
171,2024-11-13 00:00:00+00:00,4.75,45.25,25.3485,25.0,0.6,4,Belet Weyne,4.7358,45.2036
172,2024-11-13 01:00:00+00:00,4.75,45.25,24.9485,45.0,1.3,4,Belet Weyne,4.7358,45.2036
173,2024-11-13 02:00:00+00:00,4.75,45.25,24.7985,70.0,1.5,4,Belet Weyne,4.7358,45.2036
174,2024-11-13 03:00:00+00:00,4.75,45.25,24.7985,70.0,1.0,4,Belet Weyne,4.7358,45.2036
175,2024-11-13 04:00:00+00:00,4.75,45.25,25.0985,70.0,0.4,4,Belet Weyne,4.7358,45.2036
176,2024-11-13 05:00:00+00:00,4.75,45.25,26.1485,68.0,0.0,4,Belet Weyne,4.7358,45.2036
177,2024-11-13 06:00:00+00:00,4.75,45.25,27.1485,45.0,0.2,4,Belet Weyne,4.7358,45.2036
178,2024-11-13 07:00:00+00:00,4.75,45.25,28.1985,45.0,0.1,4,Belet Weyne,4.7358,45.2036
179,2024-11-13 08:00:00+00:00,4.75,45.25,29.3485,33.0,0.0,4,Belet Weyne,4.7358,45.2036
180,2024-11-13 09:00:00+00:00,4.75,45.25,30.498499,20.0,0.0,4,Belet Weyne,4.7358,45.2036
181,2024-11-13 10:00:00+00:00,4.75,45.25,31.498499,13.0,0.0,4,Belet Weyne,4.7358,45.2036
182,2024-11-13 11:00:00+00:00,4.75,45.25,31.998499,13.0,0.0,4,Belet Weyne,4.7358,45.2036
183,2024-11-13 12:00:00+00:00,4.75,45.25,31.9485,10.0,0.0,4,Belet Weyne,4.7358,45.2036
184,2024-11-13 13:00:00+00:00,4.75,45.25,30.6485,3.0,0.1,4,Belet Weyne,4.7358,45.2036
185,2024-11-13 14:00:00+00:00,4.75,45.25,29.5985,8.0,0.0,4,Belet Weyne,4.7358,45.2036
186,2024-11-13 15:00:00+00:00,4.75,45.25,28.7985,3.0,0.0,4,Belet Weyne,4.7358,45.2036
187,2024-11-13 16:00:00+00:00,4.75,45.25,28.0485,0.0,0.0,4,Belet Weyne,4.7358,45.2036
188,2024-11-13 17:00:00+00:00,4.75,45.25,27.3985,0.0,0.0,4,Belet Weyne,4.7358,45.2036
189,2024-11-13 18:00:00+00:00,4.75,45.25,26.8985,0.0,0.0,4,Belet Weyne,4.7358,45.2036
190,2024-11-13 19:00:00+00:00,4.75,45.25,26.6985,0.0,0.0,4,Belet Weyne,4.7358,45.2036
191,2024-11-13 20:00:00+00:00,4.75,45.25,25.8985,0.0,0.0,4,Belet Weyne,4.7358,45.2036
192,2024-11-13 21:00:00+00:00,4.75,45.25,25.5485,0.0,0.0,4,Belet Weyne,4.7358,45.2036
193,2024-11-13 22:00:00+00:00,4.75,45.25,25.248499,0.0,0.0,4,Belet Weyne,4.7358,45.2036
194,2024-11-13 23:00:00+00:00,4.75,45.25,24.8985,0.0,0.0,4,Belet Weyne,4.7358,45.2036
195,2024-11-14 00:00:00+00:00,4.75,45.25,24.6985,15.0,0.0,4,Belet Weyne,4.7358,45.2036
196,2024-11-14 01:00:00+00:00,4.75,45.25,24.6485,40.0,0.1,4,Belet Weyne,4.7358,45.2036
197,2024-11-14 02:00:00+00:00,4.75,45.25,24.6485,63.0,1.0,4,Belet Weyne,4.7358,45.2036
198,2024-11-14 03:00:00+00:00,4.75,45.25,24.498499,58.0,1.5,4,Belet Weyne,4.7358,45.2036
199,2024-11-14 04:00:00+00:00,4.75,45.25,24.6485,48.0,0.9,4,Belet Weyne,4.7358,45.2036
200,2024-11-14 05:00:00+00:00,4.75,45.25,25.248499,38.0,0.4,4,Belet Weyne,4.7358,45.2036
201,2024-11-14 06:00:00+00:00,4.75,45.25,26.2985,20.0,0.3,4,Belet Weyne,4.7358,45.2036
202,2024-11-14 07:00:00+00:00,4.75,45.25,27.748499,15.0,0.1,4,Belet Weyne,4.7358,45.2036
203,2024-11-14 08:00:00+00:00,4.75,45.25,29.0985,15.0,0.1,4,Belet Weyne,4.7358,45.2036
204,2024-11-14 09:00:00+00:00,4.75,45.25,30.5485,13.0,0.0,4,Belet Weyne,4.7358,45.2036
205,2024-11-14 10:00:00+00:00,4.75,45.25,31.5485,8.0,0.0,4,Belet Weyne,4.7358,45.2036
206,2024-11-14 11:00:00+00:00,4.75,45.25,32.148502,3.0,0.0,4,Belet Weyne,4.7358,45.2036
207,2024-11-14 12:00:00+00:00,4.75,45.25,32.3485,3.0,0.0,4,Belet Weyne,4.7358,45.2036
208,2024-11-14 13:00:00+00:00,4.75,45.25,32.0985,3.0,0.0,4,Belet Weyne,4.7358,45.2036
209,2024-11-14 14:00:00+00:00,4.75,45.25,30.998499,3.0,0.0,4,Belet Weyne,4.7358,45.2036
210,2024-11-14 15:00:00+00:00,4.75,45.25,29.1985,0.0,0.0,4,Belet Weyne,4.7358,45.2036
211,2024-11-14 16:00:00+00:00,4.75,45.25,28.2985,0.0,0.0,4,Belet Weyne,4.7358,45.2036
212,2024-11-14 17:00:00+00:00,4.75,45.25,27.7985,0.0,0.0,4,Belet Weyne,4.7358,45.2036
213,2024-11-14 18:00:00+00:00,4.75,45.25,27.0485,0.0,0.0,4,Belet Weyne,4.7358,45.2036
214,2024-11-14 19:00:00+00:00,4.75,45.25,26.4485,0.0,0.0,4,Belet Weyne,4.7358,45.2036
215,2024-11-14 20:00:00+00:00,4.75,45.25,26.2985,0.0,0.0,4,Belet Weyne,4.7358,45.2036
216,2024-11-14 21:00:00+00:00,4.75,45.25,25.5985,8.0,0.0,4,Belet Weyne,4.7358,45.2036
217,2024-11-14 22:00:00+00:00,4.75,45.25,25.1485,3.0,0.0,4,Belet Weyne,4.7358,45.2036
218,2024-11-14 23:00:00+00:00,4.75,45.25,24.8985,0.0,0.0,4,Belet Weyne,4.7358,45.2036
219,2024-11-15 00:00:00+00:00,4.75,45.25,24.6985,0.0,0.0,4,Belet Weyne,4.7358,45.2036
220,2024-11-15 01:00:00+00:00,4.75,45.25,24.4485,0.0,0.0,4,Belet Weyne,4.7358,45.2036
221,2024-11-15 02:00:00+00:00,4.75,45.25,24.3485,2.0,0.0,4,Belet Weyne,4.7358,45.2036
222,2024-11-15 03:00:00+00:00,4.75,45.25,24.3485,3.0,0.0,4,Belet Weyne,4.7358,45.2036
223,2024-11-15 04:00:00+00:00,4.75,45.25,24.748499,2.0,0.0,4,Belet Weyne,4.7358,45.2036
224,2024-11-15 05:00:00+00:00,4.75,45.25,25.6485,1.0,0.0,4,Belet Weyne,4.7358,45.2036
225,2024-11-15 06:00:00+00:00,4.75,45.25,27.7985,0.0,0.0,4,Belet Weyne,4.7358,45.2036
226,2024-11-15 07:00:00+00:00,4.75,45.25,29.8485,0.0,0.0,4,Belet Weyne,4.7358,45.2036
227,2024-11-15 08:00:00+00:00,4.75,45.25,31.7985,0.0,0.0,4,Belet Weyne,4.7358,45.2036
228,2024-11-15 09:00:00+00:00,4.75,45.25,33.348503,0.0,0.0,4,Belet Weyne,4.7358,45.2036
229,2024-11-15 10:00:00+00:00,4.75,45.25,34.398502,0.0,0.0,4,Belet Weyne,4.7358,45.2036
230,2024-11-15 11:00:00+00:00,4.75,45.25,35.0485,0.0,0.0,4,Belet Weyne,4.7358,45.2036
231,2024-11-15 12:00:00+00:00,4.75,45.25,35.2985,0.0,0.0,4,Belet Weyne,4.7358,45.2036
232,2024-11-15 13:00:00+00:00,4.75,45.25,34.9985,0.0,0.0,4,Belet Weyne,4.7358,45.2036
233,2024-11-15 14:00:00+00:00,4.75,45.25,34.1985,0.0,0.0,4,Belet Weyne,4.7358,45.2036
234,2024-11-15 15:00:00+00:00,4.75,45.25,31.8485,0.0,0.0,4,Belet Weyne,4.7358,45.2036
235,2024-11-15 16:00:00+00:00,4.75,45.25,29.248499,0.0,0.0,4,Belet Weyne,4.7358,45.2036
236,2024-11-15 17:00:00+00:00,4.75,45.25,26.8985,0.0,0.0,4,Belet Weyne,4.7358,45.2036
237,2024-11-15 18:00:00+00:00,4.75,45.25,25.1485,0.0,0.0,4,Belet Weyne,4.7358,45.2036
238,2024-11-15 19:00:00+00:00,4.75,45.25,23.8985,0.0,0.0,4,Belet Weyne,4.7358,45.2036
239,2024-11-15 20:00:00+00:00,4.75,45.25,22.8485,0.0,0.0,4,Belet Weyne,4.7358,45.2036
240,2024-11-15 21:00:00+00:00,4.75,45.25,22.0485,0.0,0.0,4,Belet Weyne,4.7358,45.2036
241,2024-11-15 22:00:00+00:00,4.75,45.25,23.2985,0.0,0.0,4,Belet Weyne,4.7358,45.2036
242,2024-11-15 23:00:00+00:00,4.75,45.25,22.2985,0.0,0.0,4,Belet Weyne,4.7358,45.2036
243,2024-11-16 00:00:00+00:00,4.75,45.25,21.9485,0.0,0.0,4,Belet Weyne,4.7358,45.2036
244,2024-11-16 01:00:00+00:00,4.75,45.25,21.8985,0.0,0.0,4,Belet Weyne,4.7358,45.2036
245,2024-11-16 02:00:00+00:00,4.75,45.25,21.748499,0.0,0.0,4,Belet Weyne,4.7358,45.2036
246,2024-11-16 03:00:00+00:00,4.75,45.25,21.0985,0.0,0.0,4,Belet Weyne,4.7358,45.2036
247,2024-11-16 04:00:00+00:00,4.75,45.25,22.248499,0.0,0.0,4,Belet Weyne,4.7358,45.2036
248,2024-11-16 05:00:00+00:00,4.75,45.25,25.0985,0.0,0.0,4,Belet Weyne,4.7358,45.2036
249,2024-11-16 06:00:00+00:00,4.75,45.25,26.9485,0.0,0.0,4,Belet Weyne,4.7358,45.2036
250,2024-11-16 07:00:00+00:00,4.75,45.25,29.1985,0.0,0.0,4,Belet Weyne,4.7358,45.2036
251,2024-11-16 08:00:00+00:00,4.75,45.25,31.3485,0.0,0.0,4,Belet Weyne,4.7358,45.2036
252,2024-11-16 09:00:00+00:00,4.75,45.25,33.4485,0.0,0.0,4,Belet Weyne,4.7358,45.2036
253,2024-11-16 10:00:00+00:00,4.75,45.25,35.0485,0.0,0.0,4,Belet Weyne,4.7358,45.2036
254,2024-11-16 11:00:00+00:00,4.75,45.25,35.898502,0.0,0.0,4,Belet Weyne,4.7358,45.2036
255,2024-11-16 12:00:00+00:00,4.75,45.25,35.898502,0.0,0.0,4,Belet Weyne,4.7358,45.2036
256,2024-11-16 13:00:00+00:00,4.75,45.25,35.2985,0.0,0.0,4,Belet Weyne,4.7358,45.2036
257,2024-11-16 14:00:00+00:00,4.75,45.25,34.0485,0.0,0.0,4,Belet Weyne,4.7358,45.2036
258,2024-11-16 15:00:00+00:00,4.75,45.25,32.6985,0.0,0.0,4,Belet Weyne,4.7358,45.2036
259,2024-11-16 16:00:00+00:00,4.75,45.25,31.2985,0.0,0.0,4,Belet Weyne,4.7358,45.2036
260,2024-11-16 17:00:00+00:00,4.75,45.25,29.7985,0.0,0.0,4,Belet Weyne,4.7358,45.2036
261,2024-11-16 18:00:00+00:00,4.75,45.25,28.5485,0.0,0.0,4,Belet Weyne,4.7358,45.2036
262,2024-11-16 19:00:00+00:00,4.75,45.25,27.7985,0.0,0.0,4,Belet Weyne,4.7358,45.2036
263,2024-11-16 20:00:00+00:00,4.75,45.25,27.3485,0.0,0.0,4,Belet Weyne,4.7358,45.2036
264,2024-11-16 21:00:00+00:00,4.75,45.25,26.8485,0.0,0.0,4,Belet Weyne,4.7358,45.2036
265,2024-11-16 22:00:00+00:00,4.75,45.25,26.1985,0.0,0.0,4,Belet Weyne,4.7358,45.2036
266,2024-11-16 23:00:00+00:00,4.75,45.25,25.5985,0.0,0.0,4,Belet Weyne,4.7358,45.2036
267,2024-11-17 00:00:00+00:00,4.75,45.25,25.0485,0.0,0.0,4,Belet Weyne,4.7358,45.2036
268,2024-11-17 01:00:00+00:00,4.75,45.25,24.4485,0.0,0.0,4,Belet Weyne,4.7358,45.2036
269,2024-11-17 02:00:00+00:00,4.75,45.25,23.998499,0.0,0.0,4,Belet Weyne,4.7358,45.2036
270,2024-11-17 03:00:00+00:00,4.75,45.25,24.1985,0.0,0.0,4,Belet Weyne,4.7358,45.2036
271,2024-11-17 04:00:00+00:00,4.75,45.25,25.5985,0.0,0.0,4,Belet Weyne,4.7358,45.2036
272,2024-11-17 05:00:00+00:00,4.75,45.25,27.6485,0.0,0.0,4,Belet Weyne,4.7358,45.2036
273,2024-11-17 06:00:00+00:00,4.75,45.25,29.5985,0.0,0.0,4,Belet Weyne,4.7358,45.2036
274,2024-11-17 07:00:00+00:00,4.75,45.25,31.1985,0.0,0.0,4,Belet Weyne,4.7358,45.2036
275,2024-11-17 08:00:00+00:00,4.75,45.25,32.6985,1.0,0.0,4,Belet Weyne,4.7358,45.2036
276,2024-11-17 09:00:00+00:00,4.75,45.25,33.898502,2.0,0.0,4,Belet Weyne,4.7358,45.2036
277,2024-11-17 10:00:00+00:00,4.75,45.25,34.6985,2.0,0.0,4,Belet Weyne,4.7358,45.2036
278,2024-11-17 11:00:00+00:00,4.75,45.25,35.1985,3.0,0.0,4,Belet Weyne,4.7358,45.2036
279,2024-11-17 12:00:00+00:00,4.75,45.25,35.348503,3.0,0.0,4,Belet Weyne,4.7358,45.2036
280,2024-11-17 13:00:00+00:00,4.75,45.25,35.0485,3.0,0.0,4,Belet Weyne,4.7358,45.2036
281,2024-11-17 14:00:00+00:00,4.75,45.25,34.398502,2.0,0.0,4,Belet Weyne,4.7358,45.2036
282,2024-11-17 15:00:00+00:00,4.75,45.25,33.598503,2.0,0.0,4,Belet Weyne,4.7358,45.2036
283,2024-11-17 16:00:00+00:00,4.75,45.25,32.7485,1.0,0.0,4,Belet Weyne,4.7358,45.2036
284,2024-11-17 17:00:00+00:00,4.75,45.25,31.7985,0.0,0.0,4,Belet Weyne,4.7358,45.2036
285,2024-11-17 18:00:00+00:00,4.75,45.25,30.748499,0.0,0.0,4,Belet Weyne,4.7358,45.2036
286,2024-11-17 19:00:00+00:00,4.75,45.25,29.5985,3.0,0.0,4,Belet Weyne,4.7358,45.2036
287,2024-11-17 20:00:00+00:00,4.75,45.25,28.3985,3.0,0.0,4,Belet Weyne,4.7358,45.2036
288,2024-11-17 21:00:00+00:00,4.75,45.25,27.3985,3.0,0.0,4,Belet Weyne,4.7358,45.2036
289,2024-11-17 22:00:00+00:00,4.75,45.25,26.6985,3.0,0.0,4,Belet Weyne,4.7358,45.2036
290,2024-11-17 23:00:00+00:00,4.75,45.25,26.1985,3.0,0.0,4,Belet Weyne,4.7358,45.2036
291,2024-11-18 00:00:00+00:00,4.75,45.25,25.7985,3.0,0.0,4,Belet Weyne,4.7358,45.2036
292,2024-11-18 01:00:00+00:00,4.75,45.25,25.3985,3.0,0.5,4,Belet Weyne,4.7358,45.2036
293,2024-11-18 02:00:00+00:00,4.75,45.25,25.0985,3.0,0.5,4,Belet Weyne,4.7358,45.2036
294,2024-11-18 03:00:00+00:00,4.75,45.25,25.3485,3.0,0.5,4,Belet Weyne,4.7358,45.2036
295,2024-11-18 04:00:00+00:00,4.75,45.25,26.5985,3.0,0.0,4,Belet Weyne,4.7358,45.2036
296,2024-11-18 05:00:00+00:00,4.75,45.25,28.2985,3.0,0.0,4,Belet Weyne,4.7358,45.2036
297,2024-11-18 06:00:00+00:00,4.75,45.25,29.5985,3.0,0.0,4,Belet Weyne,4.7358,45.2036
298,2024-11-18 07:00:00+00:00,4.75,45.25,31.3985,3.0,0.0,4,Belet Weyne,4.7358,45.2036
299,2024-11-18 08:00:00+00:00,4.75,45.25,32.9985,2.0,0.0,4,Belet Weyne,4.7358,45.2036
300,2024-11-18 09:00:00+00:00,4.75,45.25,34.1985,3.0,0.0,4,Belet Weyne,4.7358,45.2036
301,2024-11-18 10:00:00+00:00,4.75,45.25,34.898502,3.0,0.0,4,Belet Weyne,4.7358,45.2036
302,2024-11-18 11:00:00+00:00,4.75,45.25,35.2985,3.0,0.0,4,Belet Weyne,4.7358,45.2036
303,2024-11-18 12:00:00+00:00,4.75,45.25,35.2985,3.0,0.0,4,Belet Weyne,4.7358,45.2036
304,2024-11-18 13:00:00+00:00,4.75,45.25,34.9485,3.0,0.0,4,Belet Weyne,4.7358,45.2036
305,2024-11-18 14:00:00+00:00,4.75,45.25,34.2485,4.0,0.0,4,Belet Weyne,4.7358,45.2036
306,2024-11-18 15:00:00+00:00,4.75,45.25,33.2485,4.0,0.0,4,Belet Weyne,4.7358,45.2036
307,2024-11-18 16:00:00+00:00,4.75,45.25,31.748499,5.0,0.1,4,Belet Weyne,4.7358,45.2036
308,2024-11-18 17:00:00+00:00,4.75,45.25,29.9485,6.0,0.1,4,Belet Weyne,4.7358,45.2036
309,2024-11-18 18:00:00+00:00,4.75,45.25,28.4485,7.0,0.1,4,Belet Weyne,4.7358,45.2036
310,2024-11-18 19:00:00+00:00,4.75,45.25,27.3985,7.0,0.3,4,Belet Weyne,4.7358,45.2036
311,2024-11-18 20:00:00+00:00,4.75,45.25,26.6485,8.0,0.3,4,Belet Weyne,4.7358,45.2036
312,2024-11-18 21:00:00+00:00,4.75,45.25,26.0485,9.0,0.3,4,Belet Weyne,4.7358,45.2036
313,2024-11-18 22:00:00+00:00,4.75,45.25,25.6485,9.0,1.6,4,Belet Weyne,4.7358,45.2036
314,2024-11-18 23:00:00+00:00,4.75,45.25,25.3985,10.0,1.6,4,Belet Weyne,4.7358,45.2036
315,2024-11-19 00:00:00+00:00,4.75,45.25,25.2985,10.0,1.6,4,Belet Weyne,4.7358,45.2036
316,2024-11-19 01:00:00+00:00,4.75,45.25,25.1985,10.0,0.0,4,Belet Weyne,4.7358,45.2036
317,2024-11-19 02:00:00+00:00,4.75,45.25,25.248499,10.0,0.0,4,Belet Weyne,4.7358,45.2036
318,2024-11-19 03:00:00+00:00,4.75,45.25,25.5485,10.0,0.0,4,Belet Weyne,4.7358,45.2036
319,2024-11-19 04:00:00+00:00,4.75,45.25,26.1985,10.0,0.0,4,Belet Weyne,4.7358,45.2036
320,2024-11-19 05:00:00+00:00,4.75,45.25,27.0985,10.0,0.0,4,Belet Weyne,4.7358,45.2036
321,2024-11-19 06:00:00+00:00,4.75,45.25,28.1985,10.0,0.0,4,Belet Weyne,4.7358,45.2036
322,2024-11-19 07:00:00+00:00,4.75,45.25,29.5485,10.0,0.0,4,Belet Weyne,4.7358,45.2036
323,2024-11-19 08:00:00+00:00,4.75,45.25,31.0985,9.0,0.0,4,Belet Weyne,4.7358,45.2036
324,2024-11-19 09:00:00+00:00,4.75,45.25,32.4485,9.0,0.0,4,Belet Weyne,4.7358,45.2036
325,2024-11-19 10:00:00+00:00,4.75,45.25,33.5485,9.0,0.0,4,Belet Weyne,4.7358,45.2036
326,2024-11-19 11:00:00+00:00,4.75,45.25,34.4485,8.0,0.0,4,Belet Weyne,4.7358,45.2036
327,2024-11-19 12:00:00+00:00,4.75,45.25,34.848503,8.0,0.0,4,Belet Weyne,4.7358,45.2036
328,2024-11-19 13:00:00+00:00,4.75,45.25,34.5485,8.0,0.0,4,Belet Weyne,4.7358,45.2036
329,2024-11-19 14:00:00+00:00,4.75,45.25,33.7485,7.0,0.0,4,Belet Weyne,4.7358,45.2036
330,2024-11-19 15:00:00+00:00,4.75,45.25,32.598503,7.0,0.0,4,Belet Weyne,4.7358,45.2036
331,2024-11-19 16:00:00+00:00,4.75,45.25,30.998499,6.0,0.0,4,Belet Weyne,4.7358,45.2036
332,2024-11-19 17:00:00+00:00,4.75,45.25,29.0485,6.0,0.0,4,Belet Weyne,4.7358,45.2036
333,2024-11-19 18:00:00+00:00,4.75,45.25,27.5985,5.0,0.0,4,Belet Weyne,4.7358,45.2036
334,2024-11-19 19:00:00+00:00,4.75,45.25,26.998499,5.0,0.0,4,Belet Weyne,4.7358,45.2036
335,2024-11-19 20:00:00+00:00,4.75,45.25,26.8485,4.0,0.0,4,Belet Weyne,4.7358,45.2036
336,2024-11-12 21:00:00+00:00,1.25,42.625,25.539,33.0,0.3,3,Bualle,1.2536051,42.5681412
337,2024-11-12 22:00:00+00:00,1.25,42.625,25.389,25.0,0.1,3,Bualle,1.2536051,42.5681412
338,2024-11-12 23:00:00+00:00,1.25,42.625,25.039,25.0,0.8,3,Bualle,1.2536051,42.5681412
339,2024-11-13 00:00:00+00:00,1.25,42.625,25.239,20.0,0.0,3,Bualle,1.2536051,42.5681412
340,2024-11-13 01:00:00+00:00,1.25,42.625,25.088999,38.0,0.0,3,Bualle,1.2536051,42.5681412
341,2024-11-13 02:00:00+00:00,1.25,42.625,24.989,23.0,0.0,3,Bualle,1.2536051,42.5681412
342,2024-11-13 03:00:00+00:00,1.25,42.625,24.939,10.0,0.0,3,Bualle,1.2536051,42.5681412
343,2024-11-13 04:00:00+00:00,1.25,42.625,25.539,5.0,0.0,3,Bualle,1.2536051,42.5681412
344,2024-11-13 05:00:00+00:00,1.25,42.625,26.838999,0.0,0.0,3,Bualle,1.2536051,42.5681412
345,2024-11-13 06:00:00+00:00,1.25,42.625,28.389,0.0,0.0,3,Bualle,1.2536051,42.5681412
346,2024-11-13 07:00:00+00:00,1.25,42.625,29.889,0.0,0.0,3,Bualle,1.2536051,42.5681412
347,2024-11-13 08:00:00+00:00,1.25,42.625,31.489,0.0,0.0,3,Bualle,1.2536051,42.5681412
348,2024-11-13 09:00:00+00:00,1.25,42.625,32.389,10.0,0.0,3,Bualle,1.2536051,42.5681412
349,2024-11-13 10:00:00+00:00,1.25,42.625,33.289,8.0,0.0,3,Bualle,1.2536051,42.5681412
350,2024-11-13 11:00:00+00:00,1.25,42.625,33.339,33.0,0.0,3,Bualle,1.2536051,42.5681412
351,2024-11-13 12:00:00+00:00,1.25,42.625,32.939003,30.0,0.0,3,Bualle,1.2536051,42.5681412
352,2024-11-13 13:00:00+00:00,1.25,42.625,32.389,28.0,0.0,3,Bualle,1.2536051,42.5681412
353,2024-11-13 14:00:00+00:00,1.25,42.625,30.289,50.0,1.9,3,Bualle,1.2536051,42.5681412
354,2024-11-13 15:00:00+00:00,1.25,42.625,28.189,63.0,10.8,3,Bualle,1.2536051,42.5681412
355,2024-11-13 16:00:00+00:00,1.25,42.625,26.989,75.0,6.2,3,Bualle,1.2536051,42.5681412
356,2024-11-13 17:00:00+00:00,1.25,42.625,26.689,78.0,2.0,3,Bualle,1.2536051,42.5681412
357,2024-11-13 18:00:00+00:00,1.25,42.625,26.439,68.0,1.0,3,Bualle,1.2536051,42.5681412
358,2024-11-13 19:00:00+00:00,1.25,42.625,26.088999,63.0,1.7,3,Bualle,1.2536051,42.5681412
359,2024-11-13 20:00:00+00:00,1.25,42.625,25.939,58.0,1.4,3,Bualle,1.2536051,42.5681412
360,2024-11-13 21:00:00+00:00,1.25,42.625,25.689,33.0,0.3,3,Bualle,1.2536051,42.5681412
361,2024-11-13 22:00:00+00:00,1.25,42.625,25.338999,13.0,0.0,3,Bualle,1.2536051,42.5681412
362,2024-11-13 23:00:00+00:00,1.25,42.625,24.989,3.0,0.0,3,Bualle,1.2536051,42.5681412
363,2024-11-14 00:00:00+00:00,1.25,42.625,24.789,0.0,0.0,3,Bualle,1.2536051,42.5681412
364,2024-11-14 01:00:00+00:00,1.25,42.625,24.639,0.0,0.0,3,Bualle,1.2536051,42.5681412
365,2024-11-14 02:00:00+00:00,1.25,42.625,24.389,0.0,0.0,3,Bualle,1.2536051,42.5681412
366,2024-11-14 03:00:00+00:00,1.25,42.625,24.139,0.0,0.0,3,Bualle,1.2536051,42.5681412
367,2024-11-14 04:00:00+00:00,1.25,42.625,24.838999,0.0,0.0,3,Bualle,1.2536051,42.5681412
368,2024-11-14 05:00:00+00:00,1.25,42.625,26.439,0.0,0.0,3,Bualle,1.2536051,42.5681412
369,2024-11-14 06:00:00+00:00,1.25,42.625,28.088999,3.0,0.0,3,Bualle,1.2536051,42.5681412
370,2024-11-14 07:00:00+00:00,1.25,42.625,29.439,3.0,0.0,3,Bualle,1.2536051,42.5681412
371,2024-11-14 08:00:00+00:00,1.25,42.625,30.639,28.0,0.0,3,Bualle,1.2536051,42.5681412
372,2024-11-14 09:00:00+00:00,1.25,42.625,31.139,40.0,0.0,3,Bualle,1.2536051,42.5681412
373,2024-11-14 10:00:00+00:00,1.25,42.625,31.239,30.0,0.0,3,Bualle,1.2536051,42.5681412
374,2024-11-14 11:00:00+00:00,1.25,42.625,31.489,40.0,0.0,3,Bualle,1.2536051,42.5681412
375,2024-11-14 12:00:00+00:00,1.25,42.625,31.689,45.0,0.0,3,Bualle,1.2536051,42.5681412
376,2024-11-14 13:00:00+00:00,1.25,42.625,31.389,55.0,0.1,3,Bualle,1.2536051,42.5681412
377,2024-11-14 14:00:00+00:00,1.25,42.625,29.189,65.0,1.3,3,Bualle,1.2536051,42.5681412
378,2024-11-14 15:00:00+00:00,1.25,42.625,27.539,40.0,0.5,3,Bualle,1.2536051,42.5681412
379,2024-11-14 16:00:00+00:00,1.25,42.625,26.739,13.0,0.1,3,Bualle,1.2536051,42.5681412
380,2024-11-14 17:00:00+00:00,1.25,42.625,26.289,3.0,0.0,3,Bualle,1.2536051,42.5681412
381,2024-11-14 18:00:00+00:00,1.25,42.625,26.039,0.0,0.0,3,Bualle,1.2536051,42.5681412
382,2024-11-14 19:00:00+00:00,1.25,42.625,25.939,0.0,0.0,3,Bualle,1.2536051,42.5681412
383,2024-11-14 20:00:00+00:00,1.25,42.625,25.689,0.0,0.0,3,Bualle,1.2536051,42.5681412
384,2024-11-14 21:00:00+00:00,1.25,42.625,25.239,0.0,0.0,3,Bualle,1.2536051,42.5681412
385,2024-11-14 22:00:00+00:00,1.25,42.625,24.838999,0.0,0.0,3,Bualle,1.2536051,42.5681412
386,2024-11-14 23:00:00+00:00,1.25,42.625,24.639,0.0,0.0,3,Bualle,1.2536051,42.5681412
387,2024-11-15 00:00:00+00:00,1.25,42.625,24.588999,0.0,0.0,3,Bualle,1.2536051,42.5681412
388,2024-11-15 01:00:00+00:00,1.25,42.625,24.689,1.0,0.0,3,Bualle,1.2536051,42.5681412
389,2024-11-15 02:00:00+00:00,1.25,42.625,24.789,2.0,0.0,3,Bualle,1.2536051,42.5681412
390,2024-11-15 03:00:00+00:00,1.25,42.625,24.789,3.0,0.0,3,Bualle,1.2536051,42.5681412
391,2024-11-15 04:00:00+00:00,1.25,42.625,25.389,4.0,0.0,3,Bualle,1.2536051,42.5681412
392,2024-11-15 05:00:00+00:00,1.25,42.625,26.689,5.0,0.0,3,Bualle,1.2536051,42.5681412
393,2024-11-15 06:00:00+00:00,1.25,42.625,28.039,5.0,0.0,3,Bualle,1.2536051,42.5681412
394,2024-11-15 07:00:00+00:00,1.25,42.625,29.539,5.0,0.0,3,Bualle,1.2536051,42.5681412
395,2024-11-15 08:00:00+00:00,1.25,42.625,30.539,4.0,0.0,3,Bualle,1.2536051,42.5681412
396,2024-11-15 09:00:00+00:00,1.25,42.625,31.539,5.0,0.1,3,Bualle,1.2536051,42.5681412
397,2024-11-15 10:00:00+00:00,1.25,42.625,32.339,8.0,0.0,3,Bualle,1.2536051,42.5681412
398,2024-11-15 11:00:00+00:00,1.25,42.625,32.489002,12.0,0.1,3,Bualle,1.2536051,42.5681412
399,2024-11-15 12:00:00+00:00,1.25,42.625,32.089,15.0,0.0,3,Bualle,1.2536051,42.5681412
400,2024-11-15 13:00:00+00:00,1.25,42.625,31.889,16.0,0.0,3,Bualle,1.2536051,42.5681412
401,2024-11-15 14:00:00+00:00,1.25,42.625,30.989,16.0,0.0,3,Bualle,1.2536051,42.5681412
402,2024-11-15 15:00:00+00:00,1.25,42.625,28.689,15.0,0.0,3,Bualle,1.2536051,42.5681412
403,2024-11-15 16:00:00+00:00,1.25,42.625,27.489,12.0,0.0,3,Bualle,1.2536051,42.5681412
404,2024-11-15 17:00:00+00:00,1.25,42.625,26.739,7.0,0.0,3,Bualle,1.2536051,42.5681412
405,2024-11-15 18:00:00+00:00,1.25,42.625,26.239,3.0,0.0,3,Bualle,1.2536051,42.5681412
406,2024-11-15 19:00:00+00:00,1.25,42.625,25.889,1.0,0.0,3,Bualle,1.2536051,42.5681412
407,2024-11-15 20:00:00+00:00,1.25,42.625,25.489,0.0,0.0,3,Bualle,1.2536051,42.5681412
408,2024-11-15 21:00:00+00:00,1.25,42.625,25.139,0.0,0.0,3,Bualle,1.2536051,42.5681412
409,2024-11-15 22:00:00+00:00,1.25,42.625,24.838999,3.0,0.0,3,Bualle,1.2536051,42.5681412
410,2024-11-15 23:00:00+00:00,1.25,42.625,24.639,3.0,0.0,3,Bualle,1.2536051,42.5681412
411,2024-11-16 00:00:00+00:00,1.25,42.625,24.489,3.0,0.0,3,Bualle,1.2536051,42.5681412
412,2024-11-16 01:00:00+00:00,1.25,42.625,24.389,3.0,0.0,3,Bualle,1.2536051,42.5681412
413,2024-11-16 02:00:00+00:00,1.25,42.625,24.289,3.0,0.0,3,Bualle,1.2536051,42.5681412
414,2024-11-16 03:00:00+00:00,1.25,42.625,24.139,3.0,0.0,3,Bualle,1.2536051,42.5681412
415,2024-11-16 04:00:00+00:00,1.25,42.625,24.889,3.0,0.0,3,Bualle,1.2536051,42.5681412
416,2024-11-16 05:00:00+00:00,1.25,42.625,26.338999,3.0,0.0,3,Bualle,1.2536051,42.5681412
417,2024-11-16 06:00:00+00:00,1.25,42.625,27.789,3.0,0.0,3,Bualle,1.2536051,42.5681412
418,2024-11-16 07:00:00+00:00,1.25,42.625,29.389,3.0,0.0,3,Bualle,1.2536051,42.5681412
419,2024-11-16 08:00:00+00:00,1.25,42.625,30.739,2.0,0.0,3,Bualle,1.2536051,42.5681412
420,2024-11-16 09:00:00+00:00,1.25,42.625,31.689,1.0,0.1,3,Bualle,1.2536051,42.5681412
421,2024-11-16 10:00:00+00:00,1.25,42.625,32.289,1.0,0.0,3,Bualle,1.2536051,42.5681412
422,2024-11-16 11:00:00+00:00,1.25,42.625,32.539,0.0,0.0,3,Bualle,1.2536051,42.5681412
423,2024-11-16 12:00:00+00:00,1.25,42.625,32.889,0.0,0.0,3,Bualle,1.2536051,42.5681412
424,2024-11-16 13:00:00+00:00,1.25,42.625,32.439003,0.0,0.0,3,Bualle,1.2536051,42.5681412
425,2024-11-16 14:00:00+00:00,1.25,42.625,31.539,1.0,0.0,3,Bualle,1.2536051,42.5681412
426,2024-11-16 15:00:00+00:00,1.25,42.625,30.489,2.0,0.0,3,Bualle,1.2536051,42.5681412
427,2024-11-16 16:00:00+00:00,1.25,42.625,29.139,2.0,0.0,3,Bualle,1.2536051,42.5681412
428,2024-11-16 17:00:00+00:00,1.25,42.625,27.639,3.0,0.0,3,Bualle,1.2536051,42.5681412
429,2024-11-16 18:00:00+00:00,1.25,42.625,26.389,3.0,0.0,3,Bualle,1.2536051,42.5681412
430,2024-11-16 19:00:00+00:00,1.25,42.625,25.588999,3.0,0.0,3,Bualle,1.2536051,42.5681412
431,2024-11-16 20:00:00+00:00,1.25,42.625,25.088999,2.0,0.0,3,Bualle,1.2536051,42.5681412
432,2024-11-16 21:00:00+00:00,1.25,42.625,24.639,2.0,0.0,3,Bualle,1.2536051,42.5681412
433,2024-11-16 22:00:00+00:00,1.25,42.625,24.289,1.0,0.0,3,Bualle,1.2536051,42.5681412
434,2024-11-16 23:00:00+00:00,1.25,42.625,24.039,0.0,0.0,3,Bualle,1.2536051,42.5681412
435,2024-11-17 00:00:00+00:00,1.25,42.625,23.789,0.0,0.0,3,Bualle,1.2536051,42.5681412
436,2024-11-17 01:00:00+00:00,1.25,42.625,23.389,0.0,0.0,3,Bualle,1.2536051,42.5681412
437,2024-11-17 02:00:00+00:00,1.25,42.625,22.989,0.0,0.0,3,Bualle,1.2536051,42.5681412
438,2024-11-17 03:00:00+00:00,1.25,42.625,23.189,0.0,0.0,3,Bualle,1.2536051,42.5681412
439,2024-11-17 04:00:00+00:00,1.25,42.625,24.289,0.0,0.0,3,Bualle,1.2536051,42.5681412
440,2024-11-17 05:00:00+00:00,1.25,42.625,25.989,0.0,0.0,3,Bualle,1.2536051,42.5681412
441,2024-11-17 06:00:00+00:00,1.25,42.625,27.639,0.0,0.0,3,Bualle,1.2536051,42.5681412
442,2024-11-17 07:00:00+00:00,1.25,42.625,29.139,1.0,0.0,3,Bualle,1.2536051,42.5681412
443,2024-11-17 08:00:00+00:00,1.25,42.625,30.588999,1.0,0.0,3,Bualle,1.2536051,42.5681412
444,2024-11-17 09:00:00+00:00,1.25,42.625,31.739,3.0,0.0,3,Bualle,1.2536051,42.5681412
445,2024-11-17 10:00:00+00:00,1.25,42.625,32.539,4.0,0.0,3,Bualle,1.2536051,42.5681412
446,2024-11-17 11:00:00+00:00,1.25,42.625,33.039,4.0,0.0,3,Bualle,1.2536051,42.5681412
447,2024-11-17 12:00:00+00:00,1.25,42.625,33.139,5.0,0.0,3,Bualle,1.2536051,42.5681412
448,2024-11-17 13:00:00+00:00,1.25,42.625,32.739002,5.0,0.0,3,Bualle,1.2536051,42.5681412
449,2024-11-17 14:00:00+00:00,1.25,42.625,31.889,6.0,0.0,3,Bualle,1.2536051,42.5681412
450,2024-11-17 15:00:00+00:00,1.25,42.625,30.889,6.0,0.0,3,Bualle,1.2536051,42.5681412
451,2024-11-17 16:00:00+00:00,1.25,42.625,29.639,6.0,0.0,3,Bualle,1.2536051,42.5681412
452,2024-11-17 17:00:00+00:00,1.25,42.625,28.139,5.0,0.0,3,Bualle,1.2536051,42.5681412
453,2024-11-17 18:00:00+00:00,1.25,42.625,26.939,5.0,0.0,3,Bualle,1.2536051,42.5681412
454,2024-11-17 19:00:00+00:00,1.25,42.625,26.139,2.0,0.0,3,Bualle,1.2536051,42.5681412
455,2024-11-17 20:00:00+00:00,1.25,42.625,25.639,1.0,0.0,3,Bualle,1.2536051,42.5681412
456,2024-11-17 21:00:00+00:00,1.25,42.625,25.189,1.0,0.0,3,Bualle,1.2536051,42.5681412
457,2024-11-17 22:00:00+00:00,1.25,42.625,24.838999,0.0,0.0,3,Bualle,1.2536051,42.5681412
458,2024-11-17 23:00:00+00:00,1.25,42.625,24.539,0.0,0.0,3,Bualle,1.2536051,42.5681412
459,2024-11-18 00:00:00+00:00,1.25,42.625,24.338999,0.0,0.0,3,Bualle,1.2536051,42.5681412
460,2024-11-18 01:00:00+00:00,1.25,42.625,24.039,0.0,0.0,3,Bualle,1.2536051,42.5681412
461,2024-11-18 02:00:00+00:00,1.25,42.625,23.838999,0.0,0.0,3,Bualle,1.2536051,42.5681412
462,2024-11-18 03:00:00+00:00,1.25,42.625,24.088999,0.0,0.0,3,Bualle,1.2536051,42.5681412
463,2024-11-18 04:00:00+00:00,1.25,42.625,25.289,0.0,0.0,3,Bualle,1.2536051,42.5681412
464,2024-11-18 05:00:00+00:00,1.25,42.625,26.989,0.0,0.0,3,Bualle,1.2536051,42.5681412
465,2024-11-18 06:00:00+00:00,1.25,42.625,28.239,0.0,0.0,3,Bualle,1.2536051,42.5681412
466,2024-11-18 07:00:00+00:00,1.25,42.625,29.789,1.0,0.1,3,Bualle,1.2536051,42.5681412
467,2024-11-18 08:00:00+00:00,1.25,42.625,31.088999,1.0,0.1,3,Bualle,1.2536051,42.5681412
468,2024-11-18 09:00:00+00:00,1.25,42.625,31.989,1.0,0.1,3,Bualle,1.2536051,42.5681412
469,2024-11-18 10:00:00+00:00,1.25,42.625,32.289,2.0,0.1,3,Bualle,1.2536051,42.5681412
470,2024-11-18 11:00:00+00:00,1.25,42.625,32.189003,2.0,0.1,3,Bualle,1.2536051,42.5681412
471,2024-11-18 12:00:00+00:00,1.25,42.625,31.789,3.0,0.1,3,Bualle,1.2536051,42.5681412
472,2024-11-18 13:00:00+00:00,1.25,42.625,30.939,4.0,0.2,3,Bualle,1.2536051,42.5681412
473,2024-11-18 14:00:00+00:00,1.25,42.625,29.789,4.0,0.2,3,Bualle,1.2536051,42.5681412
474,2024-11-18 15:00:00+00:00,1.25,42.625,28.739,5.0,0.2,3,Bualle,1.2536051,42.5681412
475,2024-11-18 16:00:00+00:00,1.25,42.625,27.989,6.0,0.0,3,Bualle,1.2536051,42.5681412
476,2024-11-18 17:00:00+00:00,1.25,42.625,27.389,7.0,0.0,3,Bualle,1.2536051,42.5681412
477,2024-11-18 18:00:00+00:00,1.25,42.625,26.838999,8.0,0.0,3,Bualle,1.2536051,42.5681412
478,2024-11-18 19:00:00+00:00,1.25,42.625,26.338999,9.0,0.0,3,Bualle,1.2536051,42.5681412
479,2024-11-18 20:00:00+00:00,1.25,42.625,25.889,10.0,0.0,3,Bualle,1.2536051,42.5681412
480,2024-11-18 21:00:00+00:00,1.25,42.625,25.539,12.0,0.0,3,Bualle,1.2536051,42.5681412
481,2024-11-18 22:00:00+00:00,1.25,42.625,25.239,13.0,0.1,3,Bualle,1.2536051,42.5681412
482,2024-11-18 23:00:00+00:00,1.25,42.625,25.039,14.0,0.1,3,Bualle,1.2536051,42.5681412
483,2024-11-19 00:00:00+00:00,1.25,42.625,24.889,15.0,0.1,3,Bualle,1.2536051,42.5681412
484,2024-11-19 01:00:00+00:00,1.25,42.625,24.739,16.0,0.0,3,Bualle,1.2536051,42.5681412
485,2024-11-19 02:00:00+00:00,1.25,42.625,24.689,17.0,0.0,3,Bualle,1.2536051,42.5681412
486,2024-11-19 03:00:00+00:00,1.25,42.625,24.989,19.0,0.0,3,Bualle,1.2536051,42.5681412
487,2024-11-19 04:00:00+00:00,1.25,42.625,25.939,20.0,0.0,3,Bualle,1.2536051,42.5681412
488,2024-11-19 05:00:00+00:00,1.25,42.625,27.239,21.0,0.0,3,Bualle,1.2536051,42.5681412
489,2024-11-19 06:00:00+00:00,1.25,42.625,28.588999,22.0,0.0,3,Bualle,1.2536051,42.5681412
490,2024-11-19 07:00:00+00:00,1.25,42.625,29.989,24.0,0.0,3,Bualle,1.2536051,42.5681412
491,2024-11-19 08:00:00+00:00,1.25,42.625,31.389,25.0,0.0,3,Bualle,1.2536051,42.5681412
492,2024-11-19 09:00:00+00:00,1.25,42.625,32.339,26.0,0.0,3,Bualle,1.2536051,42.5681412
493,2024-11-19 10:00:00+00:00,1.25,42.625,32.789,28.0,0.0,3,Bualle,1.2536051,42.5681412
494,2024-11-19 11:00:00+00:00,1.25,42.625,32.789,29.0,0.0,3,Bualle,1.2536051,42.5681412
495,2024-11-19 12:00:00+00:00,1.25,42.625,32.289,30.0,0.0,3,Bualle,1.2536051,42.5681412
496,2024-11-19 13:00:00+00:00,1.25,42.625,31.039,31.0,0.7,3,Bualle,1.2536051,42.5681412
497,2024-11-19 14:00:00+00:00,1.25,42.625,29.239,33.0,0.7,3,Bualle,1.2536051,42.5681412
498,2024-11-19 15:00:00+00:00,1.25,42.625,27.838999,35.0,0.7,3,Bualle,1.2536051,42.5681412
499,2024-11-19 16:00:00+00:00,1.25,42.625,27.088999,36.0,0.9,3,Bualle,1.2536051,42.5681412
500,2024-11-19 17:00:00+00:00,1.25,42.625,26.739,38.0,0.9,3,Bualle,1.2536051,42.5681412
501,2024-11-19 18:00:00+00:00,1.25,42.625,26.389,40.0,0.9,3,Bualle,1.2536051,42.5681412
502,2024-11-19 19:00:00+00:00,1.25,42.625,26.039,41.0,0.0,3,Bualle,1.2536051,42.5681412
503,2024-11-19 20:00:00+00:00,1.25,42.625,25.789,43.0,0.0,3,Bualle,1.2536051,42.5681412
504,2024-11-12 21:00:00+00:00,3.875,45.625,26.2625,15.0,0.0,5,Bulo Burti,3.85,45.5667
505,2024-11-12 22:00:00+00:00,3.875,45.625,26.0125,20.0,0.0,5,Bulo Burti,3.85,45.5667
506,2024-11-12 23:00:00+00:00,3.875,45.625,25.7625,25.0,0.0,5,Bulo Burti,3.85,45.5667
507,2024-11-13 00:00:00+00:00,3.875,45.625,25.4625,28.0,0.0,5,Bulo Burti,3.85,45.5667
508,2024-11-13 01:00:00+00:00,3.875,45.625,25.3125,35.0,0.0,5,Bulo Burti,3.85,45.5667
509,2024-11-13 02:00:00+00:00,3.875,45.625,25.1625,33.0,0.0,5,Bulo Burti,3.85,45.5667
510,2024-11-13 03:00:00+00:00,3.875,45.625,25.0625,30.0,0.0,5,Bulo Burti,3.85,45.5667
511,2024-11-13 04:00:00+00:00,3.875,45.625,25.7125,18.0,0.0,5,Bulo Burti,3.85,45.5667
512,2024-11-13 05:00:00+00:00,3.875,45.625,27.1625,38.0,0.0,5,Bulo Burti,3.85,45.5667
513,2024-11-13 06:00:00+00:00,3.875,45.625,27.7125,38.0,0.1,5,Bulo Burti,3.85,45.5667
514,2024-11-13 07:00:00+00:00,3.875,45.625,29.1625,33.0,0.1,5,Bulo Burti,3.85,45.5667
515,2024-11-13 08:00:00+00:00,3.875,45.625,30.0125,50.0,0.0,5,Bulo Burti,3.85,45.5667
516,2024-11-13 09:00:00+00:00,3.875,45.625,30.6625,38.0,0.0,5,Bulo Burti,3.85,45.5667
517,2024-11-13 10:00:00+00:00,3.875,45.625,30.7625,38.0,0.1,5,Bulo Burti,3.85,45.5667
518,2024-11-13 11:00:00+00:00,3.875,45.625,31.4625,35.0,0.0,5,Bulo Burti,3.85,45.5667
519,2024-11-13 12:00:00+00:00,3.875,45.625,32.1125,45.0,0.0,5,Bulo Burti,3.85,45.5667
520,2024-11-13 13:00:00+00:00,3.875,45.625,32.1625,45.0,0.0,5,Bulo Burti,3.85,45.5667
521,2024-11-13 14:00:00+00:00,3.875,45.625,31.7625,43.0,0.0,5,Bulo Burti,3.85,45.5667
522,2024-11-13 15:00:00+00:00,3.875,45.625,29.9125,38.0,0.2,5,Bulo Burti,3.85,45.5667
523,2024-11-13 16:00:00+00:00,3.875,45.625,27.8125,35.0,0.5,5,Bulo Burti,3.85,45.5667
524,2024-11-13 17:00:00+00:00,3.875,45.625,26.9625,15.0,0.7,5,Bulo Burti,3.85,45.5667
525,2024-11-13 18:00:00+00:00,3.875,45.625,26.4125,5.0,0.3,5,Bulo Burti,3.85,45.5667
526,2024-11-13 19:00:00+00:00,3.875,45.625,25.862501,3.0,0.0,5,Bulo Burti,3.85,45.5667
527,2024-11-13 20:00:00+00:00,3.875,45.625,25.4125,0.0,0.0,5,Bulo Burti,3.85,45.5667
528,2024-11-13 21:00:00+00:00,3.875,45.625,25.0125,0.0,0.0,5,Bulo Burti,3.85,45.5667
529,2024-11-13 22:00:00+00:00,3.875,45.625,24.8125,0.0,0.0,5,Bulo Burti,3.85,45.5667
530,2024-11-13 23:00:00+00:00,3.875,45.625,24.862501,0.0,0.0,5,Bulo Burti,3.85,45.5667
531,2024-11-14 00:00:00+00:00,3.875,45.625,24.9125,0.0,0.0,5,Bulo Burti,3.85,45.5667
532,2024-11-14 01:00:00+00:00,3.875,45.625,24.862501,3.0,0.0,5,Bulo Burti,3.85,45.5667
533,2024-11-14 02:00:00+00:00,3.875,45.625,24.862501,10.0,0.0,5,Bulo Burti,3.85,45.5667
534,2024-11-14 03:00:00+00:00,3.875,45.625,24.7625,13.0,0.0,5,Bulo Burti,3.85,45.5667
535,2024-11-14 04:00:00+00:00,3.875,45.625,25.112501,25.0,0.1,5,Bulo Burti,3.85,45.5667
536,2024-11-14 05:00:00+00:00,3.875,45.625,26.0625,28.0,0.1,5,Bulo Burti,3.85,45.5667
537,2024-11-14 06:00:00+00:00,3.875,45.625,28.0625,25.0,0.0,5,Bulo Burti,3.85,45.5667
538,2024-11-14 07:00:00+00:00,3.875,45.625,29.0125,30.0,0.1,5,Bulo Burti,3.85,45.5667
539,2024-11-14 08:00:00+00:00,3.875,45.625,29.5625,23.0,0.1,5,Bulo Burti,3.85,45.5667
540,2024-11-14 09:00:00+00:00,3.875,45.625,30.612501,15.0,0.0,5,Bulo Burti,3.85,45.5667
541,2024-11-14 10:00:00+00:00,3.875,45.625,31.362501,13.0,0.0,5,Bulo Burti,3.85,45.5667
542,2024-11-14 11:00:00+00:00,3.875,45.625,31.5625,15.0,0.0,5,Bulo Burti,3.85,45.5667
543,2024-11-14 12:00:00+00:00,3.875,45.625,31.612501,13.0,0.0,5,Bulo Burti,3.85,45.5667
544,2024-11-14 13:00:00+00:00,3.875,45.625,31.862501,5.0,0.0,5,Bulo Burti,3.85,45.5667
545,2024-11-14 14:00:00+00:00,3.875,45.625,31.2125,3.0,0.0,5,Bulo Burti,3.85,45.5667
546,2024-11-14 15:00:00+00:00,3.875,45.625,29.7125,0.0,0.0,5,Bulo Burti,3.85,45.5667
547,2024-11-14 16:00:00+00:00,3.875,45.625,28.2625,0.0,0.1,5,Bulo Burti,3.85,45.5667
548,2024-11-14 17:00:00+00:00,3.875,45.625,26.5625,0.0,0.3,5,Bulo Burti,3.85,45.5667
549,2024-11-14 18:00:00+00:00,3.875,45.625,25.9625,0.0,0.0,5,Bulo Burti,3.85,45.5667
550,2024-11-14 19:00:00+00:00,3.875,45.625,25.6625,3.0,0.0,5,Bulo Burti,3.85,45.5667
551,2024-11-14 20:00:00+00:00,3.875,45.625,25.3125,0.0,0.0,5,Bulo Burti,3.85,45.5667
552,2024-11-14 21:00:00+00:00,3.875,45.625,25.112501,0.0,0.0,5,Bulo Burti,3.85,45.5667
553,2024-11-14 22:00:00+00:00,3.875,45.625,24.8125,0.0,0.0,5,Bulo Burti,3.85,45.5667
554,2024-11-14 23:00:00+00:00,3.875,45.625,24.6625,0.0,0.0,5,Bulo Burti,3.85,45.5667
555,2024-11-15 00:00:00+00:00,3.875,45.625,24.612501,0.0,0.0,5,Bulo Burti,3.85,45.5667
556,2024-11-15 01:00:00+00:00,3.875,45.625,24.5125,0.0,0.0,5,Bulo Burti,3.85,45.5667
557,2024-11-15 02:00:00+00:00,3.875,45.625,24.5125,0.0,0.0,5,Bulo Burti,3.85,45.5667
558,2024-11-15 03:00:00+00:00,3.875,45.625,24.4625,0.0,0.0,5,Bulo Burti,3.85,45.5667
559,2024-11-15 04:00:00+00:00,3.875,45.625,25.3125,0.0,0.0,5,Bulo Burti,3.85,45.5667
560,2024-11-15 05:00:00+00:00,3.875,45.625,26.5625,0.0,0.0,5,Bulo Burti,3.85,45.5667
561,2024-11-15 06:00:00+00:00,3.875,45.625,28.112501,0.0,0.0,5,Bulo Burti,3.85,45.5667
562,2024-11-15 07:00:00+00:00,3.875,45.625,30.0125,0.0,0.0,5,Bulo Burti,3.85,45.5667
563,2024-11-15 08:00:00+00:00,3.875,45.625,31.9625,0.0,0.0,5,Bulo Burti,3.85,45.5667
564,2024-11-15 09:00:00+00:00,3.875,45.625,33.8625,0.0,0.0,5,Bulo Burti,3.85,45.5667
565,2024-11-15 10:00:00+00:00,3.875,45.625,35.0625,0.0,0.0,5,Bulo Burti,3.85,45.5667
566,2024-11-15 11:00:00+00:00,3.875,45.625,35.8125,0.0,0.0,5,Bulo Burti,3.85,45.5667
567,2024-11-15 12:00:00+00:00,3.875,45.625,35.962498,0.0,0.0,5,Bulo Burti,3.85,45.5667
568,2024-11-15 13:00:00+00:00,3.875,45.625,35.5625,0.0,0.0,5,Bulo Burti,3.85,45.5667
569,2024-11-15 14:00:00+00:00,3.875,45.625,34.712498,0.0,0.0,5,Bulo Burti,3.85,45.5667
570,2024-11-15 15:00:00+00:00,3.875,45.625,32.462498,0.0,0.0,5,Bulo Burti,3.85,45.5667
571,2024-11-15 16:00:00+00:00,3.875,45.625,30.2125,0.0,0.0,5,Bulo Burti,3.85,45.5667
572,2024-11-15 17:00:00+00:00,3.875,45.625,28.5125,0.0,0.0,5,Bulo Burti,3.85,45.5667
573,2024-11-15 18:00:00+00:00,3.875,45.625,26.7125,0.0,0.0,5,Bulo Burti,3.85,45.5667
574,2024-11-15 19:00:00+00:00,3.875,45.625,25.3125,0.0,0.0,5,Bulo Burti,3.85,45.5667
575,2024-11-15 20:00:00+00:00,3.875,45.625,24.5125,0.0,0.0,5,Bulo Burti,3.85,45.5667
576,2024-11-15 21:00:00+00:00,3.875,45.625,23.8125,0.0,0.0,5,Bulo Burti,3.85,45.5667
577,2024-11-15 22:00:00+00:00,3.875,45.625,23.5625,0.0,0.0,5,Bulo Burti,3.85,45.5667
578,2024-11-15 23:00:00+00:00,3.875,45.625,23.8125,0.0,0.0,5,Bulo Burti,3.85,45.5667
579,2024-11-16 00:00:00+00:00,3.875,45.625,23.862501,0.0,0.0,5,Bulo Burti,3.85,45.5667
580,2024-11-16 01:00:00+00:00,3.875,45.625,23.9125,0.0,0.0,5,Bulo Burti,3.85,45.5667
581,2024-11-16 02:00:00+00:00,3.875,45.625,23.862501,0.0,0.0,5,Bulo Burti,3.85,45.5667
582,2024-11-16 03:00:00+00:00,3.875,45.625,23.7625,0.0,0.0,5,Bulo Burti,3.85,45.5667
583,2024-11-16 04:00:00+00:00,3.875,45.625,24.5625,0.0,0.0,5,Bulo Burti,3.85,45.5667
584,2024-11-16 05:00:00+00:00,3.875,45.625,25.7625,0.0,0.0,5,Bulo Burti,3.85,45.5667
585,2024-11-16 06:00:00+00:00,3.875,45.625,27.5125,0.0,0.0,5,Bulo Burti,3.85,45.5667
586,2024-11-16 07:00:00+00:00,3.875,45.625,29.4625,0.0,0.0,5,Bulo Burti,3.85,45.5667
587,2024-11-16 08:00:00+00:00,3.875,45.625,31.4125,0.0,0.0,5,Bulo Burti,3.85,45.5667
588,2024-11-16 09:00:00+00:00,3.875,45.625,33.0625,0.0,0.0,5,Bulo Burti,3.85,45.5667
589,2024-11-16 10:00:00+00:00,3.875,45.625,34.512497,0.0,0.0,5,Bulo Burti,3.85,45.5667
590,2024-11-16 11:00:00+00:00,3.875,45.625,35.512497,0.0,0.0,5,Bulo Burti,3.85,45.5667
591,2024-11-16 12:00:00+00:00,3.875,45.625,35.8125,0.0,0.0,5,Bulo Burti,3.85,45.5667
592,2024-11-16 13:00:00+00:00,3.875,45.625,35.3625,0.0,0.0,5,Bulo Burti,3.85,45.5667
593,2024-11-16 14:00:00+00:00,3.875,45.625,34.3125,0.0,0.0,5,Bulo Burti,3.85,45.5667
594,2024-11-16 15:00:00+00:00,3.875,45.625,33.012497,0.0,0.0,5,Bulo Burti,3.85,45.5667
595,2024-11-16 16:00:00+00:00,3.875,45.625,31.362501,0.0,0.0,5,Bulo Burti,3.85,45.5667
596,2024-11-16 17:00:00+00:00,3.875,45.625,29.4125,0.0,0.0,5,Bulo Burti,3.85,45.5667
597,2024-11-16 18:00:00+00:00,3.875,45.625,27.862501,0.0,0.0,5,Bulo Burti,3.85,45.5667
598,2024-11-16 19:00:00+00:00,3.875,45.625,26.9125,0.0,0.0,5,Bulo Burti,3.85,45.5667
599,2024-11-16 20:00:00+00:00,3.875,45.625,26.2625,0.0,0.0,5,Bulo Burti,3.85,45.5667
600,2024-11-16 21:00:00+00:00,3.875,45.625,25.8125,0.0,0.0,5,Bulo Burti,3.85,45.5667
601,2024-11-16 22:00:00+00:00,3.875,45.625,25.4625,0.0,0.0,5,Bulo Burti,3.85,45.5667
602,2024-11-16 23:00:00+00:00,3.875,45.625,25.2125,0.0,0.0,5,Bulo Burti,3.85,45.5667
603,2024-11-17 00:00:00+00:00,3.875,45.625,25.0625,0.0,0.0,5,Bulo Burti,3.85,45.5667
604,2024-11-17 01:00:00+00:00,3.875,45.625,24.7625,0.0,0.0,5,Bulo Burti,3.85,45.5667
605,2024-11-17 02:00:00+00:00,3.875,45.625,24.5125,0.0,0.0,5,Bulo Burti,3.85,45.5667
606,2024-11-17 03:00:00+00:00,3.875,45.625,24.8125,0.0,0.0,5,Bulo Burti,3.85,45.5667
607,2024-11-17 04:00:00+00:00,3.875,45.625,25.9625,0.0,0.0,5,Bulo Burti,3.85,45.5667
608,2024-11-17 05:00:00+00:00,3.875,45.625,27.6625,0.0,0.0,5,Bulo Burti,3.85,45.5667
609,2024-11-17 06:00:00+00:00,3.875,45.625,29.2625,0.0,0.0,5,Bulo Burti,3.85,45.5667
610,2024-11-17 07:00:00+00:00,3.875,45.625,30.7125,0.0,0.0,5,Bulo Burti,3.85,45.5667
611,2024-11-17 08:00:00+00:00,3.875,45.625,32.1125,0.0,0.0,5,Bulo Burti,3.85,45.5667
612,2024-11-17 09:00:00+00:00,3.875,45.625,33.262497,0.0,0.0,5,Bulo Burti,3.85,45.5667
613,2024-11-17 10:00:00+00:00,3.875,45.625,34.1625,0.0,0.0,5,Bulo Burti,3.85,45.5667
614,2024-11-17 11:00:00+00:00,3.875,45.625,34.8125,0.0,0.0,5,Bulo Burti,3.85,45.5667
615,2024-11-17 12:00:00+00:00,3.875,45.625,35.0625,0.0,0.0,5,Bulo Burti,3.85,45.5667
616,2024-11-17 13:00:00+00:00,3.875,45.625,34.8125,0.0,0.0,5,Bulo Burti,3.85,45.5667
617,2024-11-17 14:00:00+00:00,3.875,45.625,34.1625,1.0,0.0,5,Bulo Burti,3.85,45.5667
618,2024-11-17 15:00:00+00:00,3.875,45.625,33.1625,2.0,0.0,5,Bulo Burti,3.85,45.5667
619,2024-11-17 16:00:00+00:00,3.875,45.625,31.5125,2.0,0.2,5,Bulo Burti,3.85,45.5667
620,2024-11-17 17:00:00+00:00,3.875,45.625,29.5125,3.0,0.2,5,Bulo Burti,3.85,45.5667
621,2024-11-17 18:00:00+00:00,3.875,45.625,27.862501,3.0,0.2,5,Bulo Burti,3.85,45.5667
622,2024-11-17 19:00:00+00:00,3.875,45.625,26.9625,0.0,0.0,5,Bulo Burti,3.85,45.5667
623,2024-11-17 20:00:00+00:00,3.875,45.625,26.4625,0.0,0.0,5,Bulo Burti,3.85,45.5667
624,2024-11-17 21:00:00+00:00,3.875,45.625,26.112501,0.0,0.0,5,Bulo Burti,3.85,45.5667
625,2024-11-17 22:00:00+00:00,3.875,45.625,25.8125,0.0,0.0,5,Bulo Burti,3.85,45.5667
626,2024-11-17 23:00:00+00:00,3.875,45.625,25.612501,0.0,0.0,5,Bulo Burti,3.85,45.5667
627,2024-11-18 00:00:00+00:00,3.875,45.625,25.4625,0.0,0.0,5,Bulo Burti,3.85,45.5667
628,2024-11-18 01:00:00+00:00,3.875,45.625,25.1625,0.0,0.0,5,Bulo Burti,3.85,45.5667
629,2024-11-18 02:00:00+00:00,3.875,45.625,24.862501,1.0,0.0,5,Bulo Burti,3.85,45.5667
630,2024-11-18 03:00:00+00:00,3.875,45.625,25.112501,1.0,0.0,5,Bulo Burti,3.85,45.5667
631,2024-11-18 04:00:00+00:00,3.875,45.625,26.4125,1.0,0.0,5,Bulo Burti,3.85,45.5667
632,2024-11-18 05:00:00+00:00,3.875,45.625,28.3125,2.0,0.0,5,Bulo Burti,3.85,45.5667
633,2024-11-18 06:00:00+00:00,3.875,45.625,29.6625,2.0,0.0,5,Bulo Burti,3.85,45.5667
634,2024-11-18 07:00:00+00:00,3.875,45.625,30.7625,3.0,0.0,5,Bulo Burti,3.85,45.5667
635,2024-11-18 08:00:00+00:00,3.875,45.625,32.3125,3.0,0.0,5,Bulo Burti,3.85,45.5667
636,2024-11-18 09:00:00+00:00,3.875,45.625,33.512497,4.0,0.0,5,Bulo Burti,3.85,45.5667
637,2024-11-18 10:00:00+00:00,3.875,45.625,34.512497,4.0,0.0,5,Bulo Burti,3.85,45.5667
638,2024-11-18 11:00:00+00:00,3.875,45.625,35.262497,5.0,0.0,5,Bulo Burti,3.85,45.5667
639,2024-11-18 12:00:00+00:00,3.875,45.625,35.0625,5.0,0.0,5,Bulo Burti,3.85,45.5667
640,2024-11-18 13:00:00+00:00,3.875,45.625,33.3125,5.0,0.2,5,Bulo Burti,3.85,45.5667
641,2024-11-18 14:00:00+00:00,3.875,45.625,30.6625,6.0,0.2,5,Bulo Burti,3.85,45.5667
642,2024-11-18 15:00:00+00:00,3.875,45.625,28.5125,6.0,0.2,5,Bulo Burti,3.85,45.5667
643,2024-11-18 16:00:00+00:00,3.875,45.625,27.362501,6.0,1.4,5,Bulo Burti,3.85,45.5667
644,2024-11-18 17:00:00+00:00,3.875,45.625,26.612501,7.0,1.4,5,Bulo Burti,3.85,45.5667
645,2024-11-18 18:00:00+00:00,3.875,45.625,26.1625,7.0,1.4,5,Bulo Burti,3.85,45.5667
646,2024-11-18 19:00:00+00:00,3.875,45.625,25.9125,7.0,0.1,5,Bulo Burti,3.85,45.5667
647,2024-11-18 20:00:00+00:00,3.875,45.625,25.9625,8.0,0.1,5,Bulo Burti,3.85,45.5667
648,2024-11-18 21:00:00+00:00,3.875,45.625,25.9625,8.0,0.1,5,Bulo Burti,3.85,45.5667
649,2024-11-18 22:00:00+00:00,3.875,45.625,25.9125,8.0,0.0,5,Bulo Burti,3.85,45.5667
650,2024-11-18 23:00:00+00:00,3.875,45.625,25.9125,8.0,0.0,5,Bulo Burti,3.85,45.5667
651,2024-11-19 00:00:00+00:00,3.875,45.625,25.8125,8.0,0.0,5,Bulo Burti,3.85,45.5667
652,2024-11-19 01:00:00+00:00,3.875,45.625,25.5125,8.0,0.0,5,Bulo Burti,3.85,45.5667
653,2024-11-19 02:00:00+00:00,3.875,45.625,25.1625,8.0,0.0,5,Bulo Burti,3.85,45.5667
654,2024-11-19 03:00:00+00:00,3.875,45.625,25.2125,7.0,0.0,5,Bulo Burti,3.85,45.5667
655,2024-11-19 04:00:00+00:00,3.875,45.625,26.0125,7.0,0.0,5,Bulo Burti,3.85,45.5667
656,2024-11-19 05:00:00+00:00,3.875,45.625,27.2125,6.0,0.0,5,Bulo Burti,3.85,45.5667
657,2024-11-19 06:00:00+00:00,3.875,45.625,28.5125,6.0,0.0,5,Bulo Burti,3.85,45.5667
658,2024-11-19 07:00:00+00:00,3.875,45.625,29.862501,5.0,0.0,5,Bulo Burti,3.85,45.5667
659,2024-11-19 08:00:00+00:00,3.875,45.625,31.3125,5.0,0.0,5,Bulo Burti,3.85,45.5667
660,2024-11-19 09:00:00+00:00,3.875,45.625,32.5625,4.0,0.0,5,Bulo Burti,3.85,45.5667
661,2024-11-19 10:00:00+00:00,3.875,45.625,33.6125,4.0,0.0,5,Bulo Burti,3.85,45.5667
662,2024-11-19 11:00:00+00:00,3.875,45.625,34.462498,3.0,0.0,5,Bulo Burti,3.85,45.5667
663,2024-11-19 12:00:00+00:00,3.875,45.625,34.8125,3.0,0.0,5,Bulo Burti,3.85,45.5667
664,2024-11-19 13:00:00+00:00,3.875,45.625,34.5625,3.0,0.0,5,Bulo Burti,3.85,45.5667
665,2024-11-19 14:00:00+00:00,3.875,45.625,33.8125,3.0,0.0,5,Bulo Burti,3.85,45.5667
666,2024-11-19 15:00:00+00:00,3.875,45.625,32.762497,3.0,0.0,5,Bulo Burti,3.85,45.5667
667,2024-11-19 16:00:00+00:00,3.875,45.625,31.2625,3.0,0.0,5,Bulo Burti,3.85,45.5667
668,2024-11-19 17:00:00+00:00,3.875,45.625,29.4125,3.0,0.0,5,Bulo Burti,3.85,45.5667
669,2024-11-19 18:00:00+00:00,3.875,45.625,27.9125,3.0,0.0,5,Bulo Burti,3.85,45.5667
670,2024-11-19 19:00:00+00:00,3.875,45.625,27.0625,3.0,0.0,5,Bulo Burti,3.85,45.5667
671,2024-11-19 20:00:00+00:00,3.875,45.625,26.5125,3.0,0.0,5,Bulo Burti,3.85,45.5667
672,2024-11-12 21:00:00+00:00,4.125,42.125,25.634499,10.0,0.0,2,Dollow,4.1648797,42.0738435
673,2024-11-12 22:00:00+00:00,4.125,42.125,25.3345,25.0,0.0,2,Dollow,4.1648797,42.0738435
674,2024-11-12 23:00:00+00:00,4.125,42.125,24.984499,20.0,0.0,2,Dollow,4.1648797,42.0738435
675,2024-11-13 00:00:00+00:00,4.125,42.125,24.6845,13.0,0.0,2,Dollow,4.1648797,42.0738435
676,2024-11-13 01:00:00+00:00,4.125,42.125,24.5345,5.0,0.0,2,Dollow,4.1648797,42.0738435
677,2024-11-13 02:00:00+00:00,4.125,42.125,24.4345,3.0,0.0,2,Dollow,4.1648797,42.0738435
678,2024-11-13 03:00:00+00:00,4.125,42.125,24.3345,3.0,0.0,2,Dollow,4.1648797,42.0738435
679,2024-11-13 04:00:00+00:00,4.125,42.125,24.884499,5.0,0.0,2,Dollow,4.1648797,42.0738435
680,2024-11-13 05:00:00+00:00,4.125,42.125,25.9345,20.0,0.0,2,Dollow,4.1648797,42.0738435
681,2024-11-13 06:00:00+00:00,4.125,42.125,27.484499,30.0,0.0,2,Dollow,4.1648797,42.0738435
682,2024-11-13 07:00:00+00:00,4.125,42.125,28.5345,58.0,0.2,2,Dollow,4.1648797,42.0738435
683,2024-11-13 08:00:00+00:00,4.125,42.125,29.3345,73.0,0.1,2,Dollow,4.1648797,42.0738435
684,2024-11-13 09:00:00+00:00,4.125,42.125,29.7845,85.0,0.1,2,Dollow,4.1648797,42.0738435
685,2024-11-13 10:00:00+00:00,4.125,42.125,30.484499,85.0,0.1,2,Dollow,4.1648797,42.0738435
686,2024-11-13 11:00:00+00:00,4.125,42.125,31.234499,78.0,0.1,2,Dollow,4.1648797,42.0738435
687,2024-11-13 12:00:00+00:00,4.125,42.125,31.6845,65.0,0.0,2,Dollow,4.1648797,42.0738435
688,2024-11-13 13:00:00+00:00,4.125,42.125,31.6845,38.0,0.0,2,Dollow,4.1648797,42.0738435
689,2024-11-13 14:00:00+00:00,4.125,42.125,31.3345,23.0,0.0,2,Dollow,4.1648797,42.0738435
690,2024-11-13 15:00:00+00:00,4.125,42.125,30.134499,8.0,0.1,2,Dollow,4.1648797,42.0738435
691,2024-11-13 16:00:00+00:00,4.125,42.125,27.5845,3.0,0.9,2,Dollow,4.1648797,42.0738435
692,2024-11-13 17:00:00+00:00,4.125,42.125,26.9345,0.0,0.1,2,Dollow,4.1648797,42.0738435
693,2024-11-13 18:00:00+00:00,4.125,42.125,26.734499,0.0,0.0,2,Dollow,4.1648797,42.0738435
694,2024-11-13 19:00:00+00:00,4.125,42.125,26.5345,0.0,0.0,2,Dollow,4.1648797,42.0738435
695,2024-11-13 20:00:00+00:00,4.125,42.125,26.1845,0.0,0.0,2,Dollow,4.1648797,42.0738435
696,2024-11-13 21:00:00+00:00,4.125,42.125,25.8345,0.0,0.0,2,Dollow,4.1648797,42.0738435
697,2024-11-13 22:00:00+00:00,4.125,42.125,25.5845,0.0,0.0,2,Dollow,4.1648797,42.0738435
698,2024-11-13 23:00:00+00:00,4.125,42.125,25.384499,0.0,0.0,2,Dollow,4.1648797,42.0738435
699,2024-11-14 00:00:00+00:00,4.125,42.125,25.134499,0.0,0.0,2,Dollow,4.1648797,42.0738435
700,2024-11-14 01:00:00+00:00,4.125,42.125,24.884499,0.0,0.0,2,Dollow,4.1648797,42.0738435
701,2024-11-14 02:00:00+00:00,4.125,42.125,24.634499,0.0,0.0,2,Dollow,4.1648797,42.0738435
702,2024-11-14 03:00:00+00:00,4.125,42.125,24.4345,3.0,0.0,2,Dollow,4.1648797,42.0738435
703,2024-11-14 04:00:00+00:00,4.125,42.125,25.0845,3.0,0.0,2,Dollow,4.1648797,42.0738435
704,2024-11-14 05:00:00+00:00,4.125,42.125,26.5845,3.0,0.0,2,Dollow,4.1648797,42.0738435
705,2024-11-14 06:00:00+00:00,4.125,42.125,27.734499,8.0,0.1,2,Dollow,4.1648797,42.0738435
706,2024-11-14 07:00:00+00:00,4.125,42.125,28.9345,18.0,0.1,2,Dollow,4.1648797,42.0738435
707,2024-11-14 08:00:00+00:00,4.125,42.125,30.2845,28.0,0.0,2,Dollow,4.1648797,42.0738435
708,2024-11-14 09:00:00+00:00,4.125,42.125,31.4345,25.0,0.0,2,Dollow,4.1648797,42.0738435
709,2024-11-14 10:00:00+00:00,4.125,42.125,32.5845,10.0,0.0,2,Dollow,4.1648797,42.0738435
710,2024-11-14 11:00:00+00:00,4.125,42.125,33.184498,3.0,0.0,2,Dollow,4.1648797,42.0738435
711,2024-11-14 12:00:00+00:00,4.125,42.125,33.2345,0.0,0.0,2,Dollow,4.1648797,42.0738435
712,2024-11-14 13:00:00+00:00,4.125,42.125,33.0845,0.0,0.0,2,Dollow,4.1648797,42.0738435
713,2024-11-14 14:00:00+00:00,4.125,42.125,32.684498,0.0,0.0,2,Dollow,4.1648797,42.0738435
714,2024-11-14 15:00:00+00:00,4.125,42.125,31.634499,0.0,0.0,2,Dollow,4.1648797,42.0738435
715,2024-11-14 16:00:00+00:00,4.125,42.125,30.234499,0.0,0.0,2,Dollow,4.1648797,42.0738435
716,2024-11-14 17:00:00+00:00,4.125,42.125,29.234499,0.0,0.0,2,Dollow,4.1648797,42.0738435
717,2024-11-14 18:00:00+00:00,4.125,42.125,28.484499,0.0,0.0,2,Dollow,4.1648797,42.0738435
718,2024-11-14 19:00:00+00:00,4.125,42.125,27.8345,0.0,0.0,2,Dollow,4.1648797,42.0738435
719,2024-11-14 20:00:00+00:00,4.125,42.125,27.384499,0.0,0.0,2,Dollow,4.1648797,42.0738435
720,2024-11-14 21:00:00+00:00,4.125,42.125,27.0345,0.0,0.0,2,Dollow,4.1648797,42.0738435
721,2024-11-14 22:00:00+00:00,4.125,42.125,26.484499,0.0,0.0,2,Dollow,4.1648797,42.0738435
722,2024-11-14 23:00:00+00:00,4.125,42.125,25.8345,0.0,0.0,2,Dollow,4.1648797,42.0738435
723,2024-11-15 00:00:00+00:00,4.125,42.125,25.234499,0.0,0.0,2,Dollow,4.1648797,42.0738435
724,2024-11-15 01:00:00+00:00,4.125,42.125,24.734499,0.0,0.0,2,Dollow,4.1648797,42.0738435
725,2024-11-15 02:00:00+00:00,4.125,42.125,24.2845,0.0,0.0,2,Dollow,4.1648797,42.0738435
726,2024-11-15 03:00:00+00:00,4.125,42.125,23.984499,0.0,0.0,2,Dollow,4.1648797,42.0738435
727,2024-11-15 04:00:00+00:00,4.125,42.125,24.5845,10.0,0.0,2,Dollow,4.1648797,42.0738435
728,2024-11-15 05:00:00+00:00,4.125,42.125,24.984499,23.0,0.2,2,Dollow,4.1648797,42.0738435
729,2024-11-15 06:00:00+00:00,4.125,42.125,25.5845,33.0,0.2,2,Dollow,4.1648797,42.0738435
730,2024-11-15 07:00:00+00:00,4.125,42.125,27.8345,35.0,0.0,2,Dollow,4.1648797,42.0738435
731,2024-11-15 08:00:00+00:00,4.125,42.125,30.1845,34.0,0.0,2,Dollow,4.1648797,42.0738435
732,2024-11-15 09:00:00+00:00,4.125,42.125,31.7845,30.0,0.1,2,Dollow,4.1648797,42.0738435
733,2024-11-15 10:00:00+00:00,4.125,42.125,31.9345,24.0,0.0,2,Dollow,4.1648797,42.0738435
734,2024-11-15 11:00:00+00:00,4.125,42.125,32.4845,17.0,0.0,2,Dollow,4.1648797,42.0738435
735,2024-11-15 12:00:00+00:00,4.125,42.125,32.7345,10.0,0.0,2,Dollow,4.1648797,42.0738435
736,2024-11-15 13:00:00+00:00,4.125,42.125,32.684498,6.0,0.0,2,Dollow,4.1648797,42.0738435
737,2024-11-15 14:00:00+00:00,4.125,42.125,32.4845,2.0,0.0,2,Dollow,4.1648797,42.0738435
738,2024-11-15 15:00:00+00:00,4.125,42.125,31.5845,0.0,0.0,2,Dollow,4.1648797,42.0738435
739,2024-11-15 16:00:00+00:00,4.125,42.125,30.0845,0.0,0.0,2,Dollow,4.1648797,42.0738435
740,2024-11-15 17:00:00+00:00,4.125,42.125,29.0345,0.0,0.0,2,Dollow,4.1648797,42.0738435
741,2024-11-15 18:00:00+00:00,4.125,42.125,28.234499,0.0,0.0,2,Dollow,4.1648797,42.0738435
742,2024-11-15 19:00:00+00:00,4.125,42.125,27.5345,0.0,0.0,2,Dollow,4.1648797,42.0738435
743,2024-11-15 20:00:00+00:00,4.125,42.125,26.884499,0.0,0.0,2,Dollow,4.1648797,42.0738435
744,2024-11-15 21:00:00+00:00,4.125,42.125,26.234499,0.0,0.0,2,Dollow,4.1648797,42.0738435
745,2024-11-15 22:00:00+00:00,4.125,42.125,25.6845,0.0,0.0,2,Dollow,4.1648797,42.0738435
746,2024-11-15 23:00:00+00:00,4.125,42.125,24.9345,0.0,0.0,2,Dollow,4.1648797,42.0738435
747,2024-11-16 00:00:00+00:00,4.125,42.125,24.4345,0.0,0.0,2,Dollow,4.1648797,42.0738435
748,2024-11-16 01:00:00+00:00,4.125,42.125,24.0845,0.0,0.0,2,Dollow,4.1648797,42.0738435
749,2024-11-16 02:00:00+00:00,4.125,42.125,23.734499,0.0,0.0,2,Dollow,4.1648797,42.0738435
750,2024-11-16 03:00:00+00:00,4.125,42.125,23.384499,0.0,0.0,2,Dollow,4.1648797,42.0738435
751,2024-11-16 04:00:00+00:00,4.125,42.125,23.734499,0.0,0.0,2,Dollow,4.1648797,42.0738435
752,2024-11-16 05:00:00+00:00,4.125,42.125,25.5845,0.0,0.0,2,Dollow,4.1648797,42.0738435
753,2024-11-16 06:00:00+00:00,4.125,42.125,27.8345,0.0,0.0,2,Dollow,4.1648797,42.0738435
754,2024-11-16 07:00:00+00:00,4.125,42.125,30.234499,0.0,0.0,2,Dollow,4.1648797,42.0738435
755,2024-11-16 08:00:00+00:00,4.125,42.125,31.8345,0.0,0.0,2,Dollow,4.1648797,42.0738435
756,2024-11-16 09:00:00+00:00,4.125,42.125,33.1345,0.0,0.0,2,Dollow,4.1648797,42.0738435
757,2024-11-16 10:00:00+00:00,4.125,42.125,34.2845,0.0,0.0,2,Dollow,4.1648797,42.0738435
758,2024-11-16 11:00:00+00:00,4.125,42.125,35.1345,0.0,0.0,2,Dollow,4.1648797,42.0738435
759,2024-11-16 12:00:00+00:00,4.125,42.125,35.7845,0.0,0.0,2,Dollow,4.1648797,42.0738435
760,2024-11-16 13:00:00+00:00,4.125,42.125,35.5345,0.0,0.0,2,Dollow,4.1648797,42.0738435
761,2024-11-16 14:00:00+00:00,4.125,42.125,34.7345,0.0,0.0,2,Dollow,4.1648797,42.0738435
762,2024-11-16 15:00:00+00:00,4.125,42.125,33.5345,0.0,0.0,2,Dollow,4.1648797,42.0738435
763,2024-11-16 16:00:00+00:00,4.125,42.125,31.8345,0.0,0.0,2,Dollow,4.1648797,42.0738435
764,2024-11-16 17:00:00+00:00,4.125,42.125,29.7845,0.0,0.0,2,Dollow,4.1648797,42.0738435
765,2024-11-16 18:00:00+00:00,4.125,42.125,27.984499,0.0,0.0,2,Dollow,4.1648797,42.0738435
766,2024-11-16 19:00:00+00:00,4.125,42.125,26.7845,0.0,0.0,2,Dollow,4.1648797,42.0738435
767,2024-11-16 20:00:00+00:00,4.125,42.125,25.884499,0.0,0.0,2,Dollow,4.1648797,42.0738435
768,2024-11-16 21:00:00+00:00,4.125,42.125,25.0845,0.0,0.0,2,Dollow,4.1648797,42.0738435
769,2024-11-16 22:00:00+00:00,4.125,42.125,24.3345,0.0,0.0,2,Dollow,4.1648797,42.0738435
770,2024-11-16 23:00:00+00:00,4.125,42.125,23.6845,0.0,0.0,2,Dollow,4.1648797,42.0738435
771,2024-11-17 00:00:00+00:00,4.125,42.125,23.134499,0.0,0.0,2,Dollow,4.1648797,42.0738435
772,2024-11-17 01:00:00+00:00,4.125,42.125,22.3345,0.0,0.0,2,Dollow,4.1648797,42.0738435
773,2024-11-17 02:00:00+00:00,4.125,42.125,21.5845,0.0,0.0,2,Dollow,4.1648797,42.0738435
774,2024-11-17 03:00:00+00:00,4.125,42.125,21.7845,0.0,0.0,2,Dollow,4.1648797,42.0738435
775,2024-11-17 04:00:00+00:00,4.125,42.125,23.5345,0.0,0.0,2,Dollow,4.1648797,42.0738435
776,2024-11-17 05:00:00+00:00,4.125,42.125,26.234499,0.0,0.0,2,Dollow,4.1648797,42.0738435
777,2024-11-17 06:00:00+00:00,4.125,42.125,28.734499,0.0,0.0,2,Dollow,4.1648797,42.0738435
778,2024-11-17 07:00:00+00:00,4.125,42.125,30.734499,0.0,0.0,2,Dollow,4.1648797,42.0738435
779,2024-11-17 08:00:00+00:00,4.125,42.125,32.5845,0.0,0.0,2,Dollow,4.1648797,42.0738435
780,2024-11-17 09:00:00+00:00,4.125,42.125,34.0845,0.0,0.0,2,Dollow,4.1648797,42.0738435
781,2024-11-17 10:00:00+00:00,4.125,42.125,35.184498,0.0,0.0,2,Dollow,4.1648797,42.0738435
782,2024-11-17 11:00:00+00:00,4.125,42.125,35.8845,0.0,0.0,2,Dollow,4.1648797,42.0738435
783,2024-11-17 12:00:00+00:00,4.125,42.125,36.184498,0.0,0.0,2,Dollow,4.1648797,42.0738435
784,2024-11-17 13:00:00+00:00,4.125,42.125,35.9845,0.0,0.0,2,Dollow,4.1648797,42.0738435
785,2024-11-17 14:00:00+00:00,4.125,42.125,35.3845,0.0,0.0,2,Dollow,4.1648797,42.0738435
786,2024-11-17 15:00:00+00:00,4.125,42.125,34.4845,0.0,0.0,2,Dollow,4.1648797,42.0738435
787,2024-11-17 16:00:00+00:00,4.125,42.125,33.1345,0.0,0.0,2,Dollow,4.1648797,42.0738435
788,2024-11-17 17:00:00+00:00,4.125,42.125,31.5345,0.0,0.0,2,Dollow,4.1648797,42.0738435
789,2024-11-17 18:00:00+00:00,4.125,42.125,30.134499,0.0,0.0,2,Dollow,4.1648797,42.0738435
790,2024-11-17 19:00:00+00:00,4.125,42.125,29.234499,0.0,0.0,2,Dollow,4.1648797,42.0738435
791,2024-11-17 20:00:00+00:00,4.125,42.125,28.634499,0.0,0.0,2,Dollow,4.1648797,42.0738435
792,2024-11-17 21:00:00+00:00,4.125,42.125,28.0345,0.0,0.0,2,Dollow,4.1648797,42.0738435
793,2024-11-17 22:00:00+00:00,4.125,42.125,27.4345,0.0,0.0,2,Dollow,4.1648797,42.0738435
794,2024-11-17 23:00:00+00:00,4.125,42.125,26.884499,0.0,0.0,2,Dollow,4.1648797,42.0738435
795,2024-11-18 00:00:00+00:00,4.125,42.125,26.384499,0.0,0.0,2,Dollow,4.1648797,42.0738435
796,2024-11-18 01:00:00+00:00,4.125,42.125,25.6845,1.0,0.0,2,Dollow,4.1648797,42.0738435
797,2024-11-18 02:00:00+00:00,4.125,42.125,25.0345,1.0,0.0,2,Dollow,4.1648797,42.0738435
798,2024-11-18 03:00:00+00:00,4.125,42.125,24.884499,2.0,0.0,2,Dollow,4.1648797,42.0738435
799,2024-11-18 04:00:00+00:00,4.125,42.125,25.6845,3.0,0.0,2,Dollow,4.1648797,42.0738435
800,2024-11-18 05:00:00+00:00,4.125,42.125,26.984499,4.0,0.0,2,Dollow,4.1648797,42.0738435
801,2024-11-18 06:00:00+00:00,4.125,42.125,27.9345,5.0,0.0,2,Dollow,4.1648797,42.0738435
802,2024-11-18 07:00:00+00:00,4.125,42.125,29.6845,6.0,0.1,2,Dollow,4.1648797,42.0738435
803,2024-11-18 08:00:00+00:00,4.125,42.125,31.0345,7.0,0.1,2,Dollow,4.1648797,42.0738435
804,2024-11-18 09:00:00+00:00,4.125,42.125,32.0345,8.0,0.1,2,Dollow,4.1648797,42.0738435
805,2024-11-18 10:00:00+00:00,4.125,42.125,32.5845,9.0,0.0,2,Dollow,4.1648797,42.0738435
806,2024-11-18 11:00:00+00:00,4.125,42.125,32.7345,10.0,0.0,2,Dollow,4.1648797,42.0738435
807,2024-11-18 12:00:00+00:00,4.125,42.125,32.7845,10.0,0.0,2,Dollow,4.1648797,42.0738435
808,2024-11-18 13:00:00+00:00,4.125,42.125,32.7345,10.0,0.0,2,Dollow,4.1648797,42.0738435
809,2024-11-18 14:00:00+00:00,4.125,42.125,32.5345,10.0,0.0,2,Dollow,4.1648797,42.0738435
810,2024-11-18 15:00:00+00:00,4.125,42.125,31.984499,9.0,0.0,2,Dollow,4.1648797,42.0738435
811,2024-11-18 16:00:00+00:00,4.125,42.125,30.7845,9.0,0.1,2,Dollow,4.1648797,42.0738435
812,2024-11-18 17:00:00+00:00,4.125,42.125,29.2845,8.0,0.1,2,Dollow,4.1648797,42.0738435
813,2024-11-18 18:00:00+00:00,4.125,42.125,27.984499,7.0,0.1,2,Dollow,4.1648797,42.0738435
814,2024-11-18 19:00:00+00:00,4.125,42.125,27.234499,6.0,0.0,2,Dollow,4.1648797,42.0738435
815,2024-11-18 20:00:00+00:00,4.125,42.125,26.734499,6.0,0.0,2,Dollow,4.1648797,42.0738435
816,2024-11-18 21:00:00+00:00,4.125,42.125,26.2845,6.0,0.0,2,Dollow,4.1648797,42.0738435
817,2024-11-18 22:00:00+00:00,4.125,42.125,25.8345,6.0,0.0,2,Dollow,4.1648797,42.0738435
818,2024-11-18 23:00:00+00:00,4.125,42.125,25.484499,7.0,0.0,2,Dollow,4.1648797,42.0738435
819,2024-11-19 00:00:00+00:00,4.125,42.125,25.1845,8.0,0.0,2,Dollow,4.1648797,42.0738435
820,2024-11-19 01:00:00+00:00,4.125,42.125,24.7845,10.0,0.0,2,Dollow,4.1648797,42.0738435
821,2024-11-19 02:00:00+00:00,4.125,42.125,24.4345,14.0,0.0,2,Dollow,4.1648797,42.0738435
822,2024-11-19 03:00:00+00:00,4.125,42.125,24.484499,18.0,0.0,2,Dollow,4.1648797,42.0738435
823,2024-11-19 04:00:00+00:00,4.125,42.125,25.134499,22.0,0.1,2,Dollow,4.1648797,42.0738435
824,2024-11-19 05:00:00+00:00,4.125,42.125,26.1845,27.0,0.1,2,Dollow,4.1648797,42.0738435
825,2024-11-19 06:00:00+00:00,4.125,42.125,27.3345,32.0,0.1,2,Dollow,4.1648797,42.0738435
826,2024-11-19 07:00:00+00:00,4.125,42.125,28.5845,37.0,0.1,2,Dollow,4.1648797,42.0738435
827,2024-11-19 08:00:00+00:00,4.125,42.125,29.9345,41.0,0.1,2,Dollow,4.1648797,42.0738435
828,2024-11-19 09:00:00+00:00,4.125,42.125,31.0845,45.0,0.1,2,Dollow,4.1648797,42.0738435
829,2024-11-19 10:00:00+00:00,4.125,42.125,31.884499,48.0,0.0,2,Dollow,4.1648797,42.0738435
830,2024-11-19 11:00:00+00:00,4.125,42.125,32.4845,50.0,0.0,2,Dollow,4.1648797,42.0738435
831,2024-11-19 12:00:00+00:00,4.125,42.125,32.7345,50.0,0.0,2,Dollow,4.1648797,42.0738435
832,2024-11-19 13:00:00+00:00,4.125,42.125,32.6345,49.0,0.0,2,Dollow,4.1648797,42.0738435
833,2024-11-19 14:00:00+00:00,4.125,42.125,32.184498,46.0,0.0,2,Dollow,4.1648797,42.0738435
834,2024-11-19 15:00:00+00:00,4.125,42.125,31.484499,42.0,0.0,2,Dollow,4.1648797,42.0738435
835,2024-11-19 16:00:00+00:00,4.125,42.125,30.384499,38.0,0.0,2,Dollow,4.1648797,42.0738435
836,2024-11-19 17:00:00+00:00,4.125,42.125,28.984499,32.0,0.0,2,Dollow,4.1648797,42.0738435
837,2024-11-19 18:00:00+00:00,4.125,42.125,27.8345,27.0,0.0,2,Dollow,4.1648797,42.0738435
838,2024-11-19 19:00:00+00:00,4.125,42.125,27.0845,21.0,0.0,2,Dollow,4.1648797,42.0738435
839,2024-11-19 20:00:00+00:00,4.125,42.125,26.5845,15.0,0.0,2,Dollow,4.1648797,42.0738435
840,2024-11-12 21:00:00+00:00,2.75,45.5,25.380499,20.0,0.2,6,Jowhar,2.78,45.5
841,2024-11-12 22:00:00+00:00,2.75,45.5,25.280499,20.0,0.4,6,Jowhar,2.78,45.5
842,2024-11-12 23:00:00+00:00,2.75,45.5,25.030499,18.0,0.3,6,Jowhar,2.78,45.5
843,2024-11-13 00:00:00+00:00,2.75,45.5,24.880499,13.0,0.0,6,Jowhar,2.78,45.5
844,2024-11-13 01:00:00+00:00,2.75,45.5,24.7305,25.0,0.0,6,Jowhar,2.78,45.5
845,2024-11-13 02:00:00+00:00,2.75,45.5,24.6805,10.0,0.0,6,Jowhar,2.78,45.5
846,2024-11-13 03:00:00+00:00,2.75,45.5,24.630499,5.0,0.0,6,Jowhar,2.78,45.5
847,2024-11-13 04:00:00+00:00,2.75,45.5,25.4805,8.0,0.0,6,Jowhar,2.78,45.5
848,2024-11-13 05:00:00+00:00,2.75,45.5,26.7305,10.0,0.0,6,Jowhar,2.78,45.5
849,2024-11-13 06:00:00+00:00,2.75,45.5,28.1805,13.0,0.0,6,Jowhar,2.78,45.5
850,2024-11-13 07:00:00+00:00,2.75,45.5,29.6805,33.0,0.1,6,Jowhar,2.78,45.5
851,2024-11-13 08:00:00+00:00,2.75,45.5,30.530499,40.0,0.1,6,Jowhar,2.78,45.5
852,2024-11-13 09:00:00+00:00,2.75,45.5,30.780499,55.0,0.1,6,Jowhar,2.78,45.5
853,2024-11-13 10:00:00+00:00,2.75,45.5,31.280499,65.0,0.0,6,Jowhar,2.78,45.5
854,2024-11-13 11:00:00+00:00,2.75,45.5,31.380499,65.0,0.0,6,Jowhar,2.78,45.5
855,2024-11-13 12:00:00+00:00,2.75,45.5,30.8305,75.0,0.1,6,Jowhar,2.78,45.5
856,2024-11-13 13:00:00+00:00,2.75,45.5,29.530499,83.0,0.8,6,Jowhar,2.78,45.5
857,2024-11-13 14:00:00+00:00,2.75,45.5,27.630499,78.0,5.0,6,Jowhar,2.78,45.5
858,2024-11-13 15:00:00+00:00,2.75,45.5,26.130499,60.0,2.6,6,Jowhar,2.78,45.5
859,2024-11-13 16:00:00+00:00,2.75,45.5,25.880499,23.0,0.0,6,Jowhar,2.78,45.5
860,2024-11-13 17:00:00+00:00,2.75,45.5,25.530499,13.0,0.0,6,Jowhar,2.78,45.5
861,2024-11-13 18:00:00+00:00,2.75,45.5,25.2305,3.0,0.0,6,Jowhar,2.78,45.5
862,2024-11-13 19:00:00+00:00,2.75,45.5,24.9305,0.0,0.0,6,Jowhar,2.78,45.5
863,2024-11-13 20:00:00+00:00,2.75,45.5,24.780499,0.0,0.0,6,Jowhar,2.78,45.5
864,2024-11-13 21:00:00+00:00,2.75,45.5,24.5805,0.0,0.0,6,Jowhar,2.78,45.5
865,2024-11-13 22:00:00+00:00,2.75,45.5,24.4305,0.0,0.0,6,Jowhar,2.78,45.5
866,2024-11-13 23:00:00+00:00,2.75,45.5,24.280499,0.0,0.0,6,Jowhar,2.78,45.5
867,2024-11-14 00:00:00+00:00,2.75,45.5,24.280499,0.0,0.0,6,Jowhar,2.78,45.5
868,2024-11-14 01:00:00+00:00,2.75,45.5,24.380499,0.0,0.0,6,Jowhar,2.78,45.5
869,2024-11-14 02:00:00+00:00,2.75,45.5,24.5805,0.0,0.0,6,Jowhar,2.78,45.5
870,2024-11-14 03:00:00+00:00,2.75,45.5,24.630499,0.0,0.0,6,Jowhar,2.78,45.5
871,2024-11-14 04:00:00+00:00,2.75,45.5,25.3305,3.0,0.0,6,Jowhar,2.78,45.5
872,2024-11-14 05:00:00+00:00,2.75,45.5,26.1805,20.0,0.2,6,Jowhar,2.78,45.5
873,2024-11-14 06:00:00+00:00,2.75,45.5,26.380499,40.0,0.6,6,Jowhar,2.78,45.5
874,2024-11-14 07:00:00+00:00,2.75,45.5,26.8305,43.0,0.3,6,Jowhar,2.78,45.5
875,2024-11-14 08:00:00+00:00,2.75,45.5,28.130499,43.0,0.2,6,Jowhar,2.78,45.5
876,2024-11-14 09:00:00+00:00,2.75,45.5,29.4305,43.0,0.1,6,Jowhar,2.78,45.5
877,2024-11-14 10:00:00+00:00,2.75,45.5,30.2305,48.0,0.1,6,Jowhar,2.78,45.5
878,2024-11-14 11:00:00+00:00,2.75,45.5,30.2305,50.0,0.1,6,Jowhar,2.78,45.5
879,2024-11-14 12:00:00+00:00,2.75,45.5,29.880499,55.0,0.1,6,Jowhar,2.78,45.5
880,2024-11-14 13:00:00+00:00,2.75,45.5,28.380499,73.0,1.8,6,Jowhar,2.78,45.5
881,2024-11-14 14:00:00+00:00,2.75,45.5,27.030499,63.0,4.3,6,Jowhar,2.78,45.5
882,2024-11-14 15:00:00+00:00,2.75,45.5,26.2305,40.0,3.3,6,Jowhar,2.78,45.5
883,2024-11-14 16:00:00+00:00,2.75,45.5,25.6805,15.0,0.8,6,Jowhar,2.78,45.5
884,2024-11-14 17:00:00+00:00,2.75,45.5,25.4305,3.0,0.0,6,Jowhar,2.78,45.5
885,2024-11-14 18:00:00+00:00,2.75,45.5,25.0805,0.0,0.0,6,Jowhar,2.78,45.5
886,2024-11-14 19:00:00+00:00,2.75,45.5,24.9305,0.0,0.0,6,Jowhar,2.78,45.5
887,2024-11-14 20:00:00+00:00,2.75,45.5,24.7305,0.0,0.0,6,Jowhar,2.78,45.5
888,2024-11-14 21:00:00+00:00,2.75,45.5,24.630499,0.0,0.1,6,Jowhar,2.78,45.5
889,2024-11-14 22:00:00+00:00,2.75,45.5,24.5805,0.0,0.0,6,Jowhar,2.78,45.5
890,2024-11-14 23:00:00+00:00,2.75,45.5,24.5805,0.0,0.0,6,Jowhar,2.78,45.5
891,2024-11-15 00:00:00+00:00,2.75,45.5,24.530499,0.0,0.0,6,Jowhar,2.78,45.5
892,2024-11-15 01:00:00+00:00,2.75,45.5,24.530499,0.0,0.0,6,Jowhar,2.78,45.5
893,2024-11-15 02:00:00+00:00,2.75,45.5,24.380499,0.0,0.0,6,Jowhar,2.78,45.5
894,2024-11-15 03:00:00+00:00,2.75,45.5,24.3305,0.0,0.0,6,Jowhar,2.78,45.5
895,2024-11-15 04:00:00+00:00,2.75,45.5,25.0805,0.0,0.0,6,Jowhar,2.78,45.5
896,2024-11-15 05:00:00+00:00,2.75,45.5,25.880499,0.0,0.0,6,Jowhar,2.78,45.5
897,2024-11-15 06:00:00+00:00,2.75,45.5,27.2305,0.0,0.0,6,Jowhar,2.78,45.5
898,2024-11-15 07:00:00+00:00,2.75,45.5,28.1805,0.0,0.0,6,Jowhar,2.78,45.5
899,2024-11-15 08:00:00+00:00,2.75,45.5,29.1805,0.0,0.0,6,Jowhar,2.78,45.5
900,2024-11-15 09:00:00+00:00,2.75,45.5,30.5805,0.0,0.0,6,Jowhar,2.78,45.5
901,2024-11-15 10:00:00+00:00,2.75,45.5,31.3305,0.0,0.0,6,Jowhar,2.78,45.5
902,2024-11-15 11:00:00+00:00,2.75,45.5,31.6805,0.0,0.0,6,Jowhar,2.78,45.5
903,2024-11-15 12:00:00+00:00,2.75,45.5,31.8305,0.0,0.0,6,Jowhar,2.78,45.5
904,2024-11-15 13:00:00+00:00,2.75,45.5,31.6805,0.0,0.0,6,Jowhar,2.78,45.5
905,2024-11-15 14:00:00+00:00,2.75,45.5,31.030499,0.0,0.0,6,Jowhar,2.78,45.5
906,2024-11-15 15:00:00+00:00,2.75,45.5,29.280499,0.0,0.0,6,Jowhar,2.78,45.5
907,2024-11-15 16:00:00+00:00,2.75,45.5,26.530499,0.0,0.0,6,Jowhar,2.78,45.5
908,2024-11-15 17:00:00+00:00,2.75,45.5,25.5805,0.0,0.0,6,Jowhar,2.78,45.5
909,2024-11-15 18:00:00+00:00,2.75,45.5,24.8305,0.0,0.0,6,Jowhar,2.78,45.5
910,2024-11-15 19:00:00+00:00,2.75,45.5,24.1805,0.0,0.0,6,Jowhar,2.78,45.5
911,2024-11-15 20:00:00+00:00,2.75,45.5,23.630499,0.0,0.0,6,Jowhar,2.78,45.5
912,2024-11-15 21:00:00+00:00,2.75,45.5,23.280499,0.0,0.0,6,Jowhar,2.78,45.5
913,2024-11-15 22:00:00+00:00,2.75,45.5,23.130499,0.0,0.0,6,Jowhar,2.78,45.5
914,2024-11-15 23:00:00+00:00,2.75,45.5,23.0805,0.0,0.0,6,Jowhar,2.78,45.5
915,2024-11-16 00:00:00+00:00,2.75,45.5,23.1805,0.0,0.0,6,Jowhar,2.78,45.5
916,2024-11-16 01:00:00+00:00,2.75,45.5,23.2305,0.0,0.0,6,Jowhar,2.78,45.5
917,2024-11-16 02:00:00+00:00,2.75,45.5,23.030499,0.0,0.0,6,Jowhar,2.78,45.5
918,2024-11-16 03:00:00+00:00,2.75,45.5,22.780499,0.0,0.0,6,Jowhar,2.78,45.5
919,2024-11-16 04:00:00+00:00,2.75,45.5,24.030499,0.0,0.0,6,Jowhar,2.78,45.5
920,2024-11-16 05:00:00+00:00,2.75,45.5,25.6805,0.0,0.0,6,Jowhar,2.78,45.5
921,2024-11-16 06:00:00+00:00,2.75,45.5,27.030499,0.0,0.0,6,Jowhar,2.78,45.5
922,2024-11-16 07:00:00+00:00,2.75,45.5,28.3305,0.0,0.0,6,Jowhar,2.78,45.5
923,2024-11-16 08:00:00+00:00,2.75,45.5,29.530499,0.0,0.0,6,Jowhar,2.78,45.5
924,2024-11-16 09:00:00+00:00,2.75,45.5,30.4805,0.0,0.0,6,Jowhar,2.78,45.5
925,2024-11-16 10:00:00+00:00,2.75,45.5,31.280499,0.0,0.0,6,Jowhar,2.78,45.5
926,2024-11-16 11:00:00+00:00,2.75,45.5,31.7305,0.0,0.0,6,Jowhar,2.78,45.5
927,2024-11-16 12:00:00+00:00,2.75,45.5,31.880499,0.0,0.0,6,Jowhar,2.78,45.5
928,2024-11-16 13:00:00+00:00,2.75,45.5,31.5805,0.0,0.0,6,Jowhar,2.78,45.5
929,2024-11-16 14:00:00+00:00,2.75,45.5,30.880499,0.0,0.0,6,Jowhar,2.78,45.5
930,2024-11-16 15:00:00+00:00,2.75,45.5,29.9305,0.0,0.0,6,Jowhar,2.78,45.5
931,2024-11-16 16:00:00+00:00,2.75,45.5,28.4305,0.0,0.0,6,Jowhar,2.78,45.5
932,2024-11-16 17:00:00+00:00,2.75,45.5,26.6805,0.0,0.0,6,Jowhar,2.78,45.5
933,2024-11-16 18:00:00+00:00,2.75,45.5,25.280499,0.0,0.0,6,Jowhar,2.78,45.5
934,2024-11-16 19:00:00+00:00,2.75,45.5,24.6805,0.0,0.0,6,Jowhar,2.78,45.5
935,2024-11-16 20:00:00+00:00,2.75,45.5,24.4805,0.0,0.0,6,Jowhar,2.78,45.5
936,2024-11-16 21:00:00+00:00,2.75,45.5,24.3305,0.0,0.0,6,Jowhar,2.78,45.5
937,2024-11-16 22:00:00+00:00,2.75,45.5,24.0805,0.0,0.0,6,Jowhar,2.78,45.5
938,2024-11-16 23:00:00+00:00,2.75,45.5,23.880499,0.0,0.0,6,Jowhar,2.78,45.5
939,2024-11-17 00:00:00+00:00,2.75,45.5,23.7305,0.0,0.0,6,Jowhar,2.78,45.5
940,2024-11-17 01:00:00+00:00,2.75,45.5,23.4305,0.0,0.0,6,Jowhar,2.78,45.5
941,2024-11-17 02:00:00+00:00,2.75,45.5,23.1805,0.0,0.0,6,Jowhar,2.78,45.5
942,2024-11-17 03:00:00+00:00,2.75,45.5,23.4305,0.0,0.0,6,Jowhar,2.78,45.5
943,2024-11-17 04:00:00+00:00,2.75,45.5,24.630499,0.0,0.0,6,Jowhar,2.78,45.5
944,2024-11-17 05:00:00+00:00,2.75,45.5,26.3305,0.0,0.0,6,Jowhar,2.78,45.5
945,2024-11-17 06:00:00+00:00,2.75,45.5,27.9305,0.0,0.0,6,Jowhar,2.78,45.5
946,2024-11-17 07:00:00+00:00,2.75,45.5,29.1805,2.0,0.1,6,Jowhar,2.78,45.5
947,2024-11-17 08:00:00+00:00,2.75,45.5,30.280499,5.0,0.1,6,Jowhar,2.78,45.5
948,2024-11-17 09:00:00+00:00,2.75,45.5,31.0805,8.0,0.1,6,Jowhar,2.78,45.5
949,2024-11-17 10:00:00+00:00,2.75,45.5,31.630499,11.0,0.0,6,Jowhar,2.78,45.5
950,2024-11-17 11:00:00+00:00,2.75,45.5,31.9305,14.0,0.0,6,Jowhar,2.78,45.5
951,2024-11-17 12:00:00+00:00,2.75,45.5,31.6805,15.0,0.0,6,Jowhar,2.78,45.5
952,2024-11-17 13:00:00+00:00,2.75,45.5,30.630499,15.0,0.1,6,Jowhar,2.78,45.5
953,2024-11-17 14:00:00+00:00,2.75,45.5,29.0805,13.0,0.1,6,Jowhar,2.78,45.5
954,2024-11-17 15:00:00+00:00,2.75,45.5,27.7305,11.0,0.1,6,Jowhar,2.78,45.5
955,2024-11-17 16:00:00+00:00,2.75,45.5,26.8305,9.0,0.0,6,Jowhar,2.78,45.5
956,2024-11-17 17:00:00+00:00,2.75,45.5,26.130499,7.0,0.0,6,Jowhar,2.78,45.5
957,2024-11-17 18:00:00+00:00,2.75,45.5,25.5805,5.0,0.0,6,Jowhar,2.78,45.5
958,2024-11-17 19:00:00+00:00,2.75,45.5,25.280499,6.0,0.0,6,Jowhar,2.78,45.5
959,2024-11-17 20:00:00+00:00,2.75,45.5,25.130499,4.0,0.0,6,Jowhar,2.78,45.5
960,2024-11-17 21:00:00+00:00,2.75,45.5,24.9805,3.0,0.0,6,Jowhar,2.78,45.5
961,2024-11-17 22:00:00+00:00,2.75,45.5,24.8305,1.0,0.0,6,Jowhar,2.78,45.5
962,2024-11-17 23:00:00+00:00,2.75,45.5,24.6805,0.0,0.0,6,Jowhar,2.78,45.5
963,2024-11-18 00:00:00+00:00,2.75,45.5,24.5805,0.0,0.0,6,Jowhar,2.78,45.5
964,2024-11-18 01:00:00+00:00,2.75,45.5,24.4305,0.0,0.0,6,Jowhar,2.78,45.5
965,2024-11-18 02:00:00+00:00,2.75,45.5,24.3305,0.0,0.0,6,Jowhar,2.78,45.5
966,2024-11-18 03:00:00+00:00,2.75,45.5,24.530499,1.0,0.0,6,Jowhar,2.78,45.5
967,2024-11-18 04:00:00+00:00,2.75,45.5,25.3305,1.0,0.1,6,Jowhar,2.78,45.5
968,2024-11-18 05:00:00+00:00,2.75,45.5,26.4305,2.0,0.1,6,Jowhar,2.78,45.5
969,2024-11-18 06:00:00+00:00,2.75,45.5,27.2305,3.0,0.1,6,Jowhar,2.78,45.5
970,2024-11-18 07:00:00+00:00,2.75,45.5,28.2305,5.0,0.1,6,Jowhar,2.78,45.5
971,2024-11-18 08:00:00+00:00,2.75,45.5,29.5805,6.0,0.1,6,Jowhar,2.78,45.5
972,2024-11-18 09:00:00+00:00,2.75,45.5,30.380499,7.0,0.1,6,Jowhar,2.78,45.5
973,2024-11-18 10:00:00+00:00,2.75,45.5,30.380499,8.0,0.5,6,Jowhar,2.78,45.5
974,2024-11-18 11:00:00+00:00,2.75,45.5,29.8305,9.0,0.5,6,Jowhar,2.78,45.5
975,2024-11-18 12:00:00+00:00,2.75,45.5,29.1805,10.0,0.5,6,Jowhar,2.78,45.5
976,2024-11-18 13:00:00+00:00,2.75,45.5,28.4305,11.0,0.9,6,Jowhar,2.78,45.5
977,2024-11-18 14:00:00+00:00,2.75,45.5,27.5805,12.0,0.9,6,Jowhar,2.78,45.5
978,2024-11-18 15:00:00+00:00,2.75,45.5,26.8305,13.0,0.9,6,Jowhar,2.78,45.5
979,2024-11-18 16:00:00+00:00,2.75,45.5,26.2305,14.0,0.1,6,Jowhar,2.78,45.5
980,2024-11-18 17:00:00+00:00,2.75,45.5,25.7305,15.0,0.1,6,Jowhar,2.78,45.5
981,2024-11-18 18:00:00+00:00,2.75,45.5,25.380499,16.0,0.1,6,Jowhar,2.78,45.5
982,2024-11-18 19:00:00+00:00,2.75,45.5,25.1805,17.0,0.0,6,Jowhar,2.78,45.5
983,2024-11-18 20:00:00+00:00,2.75,45.5,25.130499,18.0,0.0,6,Jowhar,2.78,45.5
984,2024-11-18 21:00:00+00:00,2.75,45.5,25.030499,19.0,0.0,6,Jowhar,2.78,45.5
985,2024-11-18 22:00:00+00:00,2.75,45.5,24.880499,19.0,0.0,6,Jowhar,2.78,45.5
986,2024-11-18 23:00:00+00:00,2.75,45.5,24.780499,20.0,0.0,6,Jowhar,2.78,45.5
987,2024-11-19 00:00:00+00:00,2.75,45.5,24.6805,20.0,0.0,6,Jowhar,2.78,45.5
988,2024-11-19 01:00:00+00:00,2.75,45.5,24.5805,20.0,0.0,6,Jowhar,2.78,45.5
989,2024-11-19 02:00:00+00:00,2.75,45.5,24.4805,20.0,0.0,6,Jowhar,2.78,45.5
990,2024-11-19 03:00:00+00:00,2.75,45.5,24.780499,20.0,0.0,6,Jowhar,2.78,45.5
991,2024-11-19 04:00:00+00:00,2.75,45.5,25.630499,19.0,0.0,6,Jowhar,2.78,45.5
992,2024-11-19 05:00:00+00:00,2.75,45.5,26.880499,19.0,0.0,6,Jowhar,2.78,45.5
993,2024-11-19 06:00:00+00:00,2.75,45.5,28.0805,18.0,0.0,6,Jowhar,2.78,45.5
994,2024-11-19 07:00:00+00:00,2.75,45.5,29.280499,17.0,0.0,6,Jowhar,2.78,45.5
995,2024-11-19 08:00:00+00:00,2.75,45.5,30.4305,17.0,0.0,6,Jowhar,2.78,45.5
996,2024-11-19 09:00:00+00:00,2.75,45.5,31.4305,16.0,0.0,6,Jowhar,2.78,45.5
997,2024-11-19 10:00:00+00:00,2.75,45.5,32.2805,16.0,0.0,6,Jowhar,2.78,45.5
998,2024-11-19 11:00:00+00:00,2.75,45.5,32.9305,15.0,0.0,6,Jowhar,2.78,45.5
999,2024-11-19 12:00:00+00:00,2.75,45.5,32.8805,15.0,0.0,6,Jowhar,2.78,45.5
1000,2024-11-19 13:00:00+00:00,2.75,45.5,31.7305,15.0,0.0,6,Jowhar,2.78,45.5
1001,2024-11-19 14:00:00+00:00,2.75,45.5,29.880499,15.0,0.0,6,Jowhar,2.78,45.5
1002,2024-11-19 15:00:00+00:00,2.75,45.5,28.280499,15.0,0.0,6,Jowhar,2.78,45.5
1003,2024-11-19 16:00:00+00:00,2.75,45.5,27.1805,15.0,0.0,6,Jowhar,2.78,45.5
1004,2024-11-19 17:00:00+00:00,2.75,45.5,26.3305,15.0,0.0,6,Jowhar,2.78,45.5
1005,2024-11-19 18:00:00+00:00,2.75,45.5,25.6805,15.0,0.0,6,Jowhar,2.78,45.5
1006,2024-11-19 19:00:00+00:00,2.75,45.5,25.380499,15.0,0.0,6,Jowhar,2.78,45.5
1007,2024-11-19 20:00:00+00:00,2.75,45.5,25.3305,16.0,0.0,6,Jowhar,2.78,45.5
1008,2024-11-12 21:00:00+00:00,3.75,42.5,25.289999,55.0,1.7,1,Luuq,3.8,42.55
1009,2024-11-12 22:00:00+00:00,3.75,42.5,24.789999,55.0,2.3,1,Luuq,3.8,42.55
1010,2024-11-12 23:00:00+00:00,3.75,42.5,24.939999,48.0,0.8,1,Luuq,3.8,42.55
1011,2024-11-13 00:00:00+00:00,3.75,42.5,24.939999,28.0,0.0,1,Luuq,3.8,42.55
1012,2024-11-13 01:00:00+00:00,3.75,42.5,24.84,10.0,0.0,1,Luuq,3.8,42.55
1013,2024-11-13 02:00:00+00:00,3.75,42.5,24.74,5.0,0.0,1,Luuq,3.8,42.55
1014,2024-11-13 03:00:00+00:00,3.75,42.5,24.64,3.0,0.0,1,Luuq,3.8,42.55
1015,2024-11-13 04:00:00+00:00,3.75,42.5,24.939999,3.0,0.0,1,Luuq,3.8,42.55
1016,2024-11-13 05:00:00+00:00,3.75,42.5,25.689999,5.0,0.0,1,Luuq,3.8,42.55
1017,2024-11-13 06:00:00+00:00,3.75,42.5,26.84,10.0,0.0,1,Luuq,3.8,42.55
1018,2024-11-13 07:00:00+00:00,3.75,42.5,27.89,30.0,0.0,1,Luuq,3.8,42.55
1019,2024-11-13 08:00:00+00:00,3.75,42.5,29.09,60.0,0.3,1,Luuq,3.8,42.55
1020,2024-11-13 09:00:00+00:00,3.75,42.5,29.89,80.0,0.2,1,Luuq,3.8,42.55
1021,2024-11-13 10:00:00+00:00,3.75,42.5,30.39,83.0,0.2,1,Luuq,3.8,42.55
1022,2024-11-13 11:00:00+00:00,3.75,42.5,30.689999,75.0,0.1,1,Luuq,3.8,42.55
1023,2024-11-13 12:00:00+00:00,3.75,42.5,31.039999,75.0,0.0,1,Luuq,3.8,42.55
1024,2024-11-13 13:00:00+00:00,3.75,42.5,30.689999,65.0,0.1,1,Luuq,3.8,42.55
1025,2024-11-13 14:00:00+00:00,3.75,42.5,30.49,50.0,0.0,1,Luuq,3.8,42.55
1026,2024-11-13 15:00:00+00:00,3.75,42.5,29.59,20.0,0.0,1,Luuq,3.8,42.55
1027,2024-11-13 16:00:00+00:00,3.75,42.5,28.59,3.0,0.0,1,Luuq,3.8,42.55
1028,2024-11-13 17:00:00+00:00,3.75,42.5,27.84,0.0,0.0,1,Luuq,3.8,42.55
1029,2024-11-13 18:00:00+00:00,3.75,42.5,27.189999,0.0,0.0,1,Luuq,3.8,42.55
1030,2024-11-13 19:00:00+00:00,3.75,42.5,26.74,0.0,0.0,1,Luuq,3.8,42.55
1031,2024-11-13 20:00:00+00:00,3.75,42.5,26.439999,0.0,0.0,1,Luuq,3.8,42.55
1032,2024-11-13 21:00:00+00:00,3.75,42.5,26.09,0.0,0.0,1,Luuq,3.8,42.55
1033,2024-11-13 22:00:00+00:00,3.75,42.5,25.84,0.0,0.0,1,Luuq,3.8,42.55
1034,2024-11-13 23:00:00+00:00,3.75,42.5,25.59,0.0,0.0,1,Luuq,3.8,42.55
1035,2024-11-14 00:00:00+00:00,3.75,42.5,25.34,0.0,0.0,1,Luuq,3.8,42.55
1036,2024-11-14 01:00:00+00:00,3.75,42.5,24.99,0.0,0.0,1,Luuq,3.8,42.55
1037,2024-11-14 02:00:00+00:00,3.75,42.5,24.689999,0.0,0.0,1,Luuq,3.8,42.55
1038,2024-11-14 03:00:00+00:00,3.75,42.5,24.439999,0.0,0.0,1,Luuq,3.8,42.55
1039,2024-11-14 04:00:00+00:00,3.75,42.5,24.939999,3.0,0.0,1,Luuq,3.8,42.55
1040,2024-11-14 05:00:00+00:00,3.75,42.5,26.189999,3.0,0.0,1,Luuq,3.8,42.55
1041,2024-11-14 06:00:00+00:00,3.75,42.5,27.64,15.0,0.0,1,Luuq,3.8,42.55
1042,2024-11-14 07:00:00+00:00,3.75,42.5,28.539999,40.0,0.1,1,Luuq,3.8,42.55
1043,2024-11-14 08:00:00+00:00,3.75,42.5,29.84,53.0,0.0,1,Luuq,3.8,42.55
1044,2024-11-14 09:00:00+00:00,3.75,42.5,31.039999,35.0,0.1,1,Luuq,3.8,42.55
1045,2024-11-14 10:00:00+00:00,3.75,42.5,32.04,15.0,0.0,1,Luuq,3.8,42.55
1046,2024-11-14 11:00:00+00:00,3.75,42.5,32.79,13.0,0.0,1,Luuq,3.8,42.55
1047,2024-11-14 12:00:00+00:00,3.75,42.5,33.14,3.0,0.0,1,Luuq,3.8,42.55
1048,2024-11-14 13:00:00+00:00,3.75,42.5,32.989998,5.0,0.0,1,Luuq,3.8,42.55
1049,2024-11-14 14:00:00+00:00,3.75,42.5,32.59,3.0,0.0,1,Luuq,3.8,42.55
1050,2024-11-14 15:00:00+00:00,3.75,42.5,31.289999,3.0,0.0,1,Luuq,3.8,42.55
1051,2024-11-14 16:00:00+00:00,3.75,42.5,29.789999,0.0,0.0,1,Luuq,3.8,42.55
1052,2024-11-14 17:00:00+00:00,3.75,42.5,28.789999,0.0,0.0,1,Luuq,3.8,42.55
1053,2024-11-14 18:00:00+00:00,3.75,42.5,28.289999,3.0,0.0,1,Luuq,3.8,42.55
1054,2024-11-14 19:00:00+00:00,3.75,42.5,27.99,3.0,0.0,1,Luuq,3.8,42.55
1055,2024-11-14 20:00:00+00:00,3.75,42.5,26.939999,3.0,0.0,1,Luuq,3.8,42.55
1056,2024-11-14 21:00:00+00:00,3.75,42.5,26.34,0.0,0.0,1,Luuq,3.8,42.55
1057,2024-11-14 22:00:00+00:00,3.75,42.5,25.89,0.0,0.0,1,Luuq,3.8,42.55
1058,2024-11-14 23:00:00+00:00,3.75,42.5,25.49,0.0,0.0,1,Luuq,3.8,42.55
1059,2024-11-15 00:00:00+00:00,3.75,42.5,24.99,0.0,0.0,1,Luuq,3.8,42.55
1060,2024-11-15 01:00:00+00:00,3.75,42.5,24.59,0.0,0.0,1,Luuq,3.8,42.55
1061,2024-11-15 02:00:00+00:00,3.75,42.5,24.289999,0.0,0.0,1,Luuq,3.8,42.55
1062,2024-11-15 03:00:00+00:00,3.75,42.5,24.189999,0.0,0.0,1,Luuq,3.8,42.55
1063,2024-11-15 04:00:00+00:00,3.75,42.5,24.789999,4.0,0.0,1,Luuq,3.8,42.55
1064,2024-11-15 05:00:00+00:00,3.75,42.5,25.49,9.0,0.1,1,Luuq,3.8,42.55
1065,2024-11-15 06:00:00+00:00,3.75,42.5,26.039999,15.0,0.2,1,Luuq,3.8,42.55
1066,2024-11-15 07:00:00+00:00,3.75,42.5,27.539999,21.0,0.2,1,Luuq,3.8,42.55
1067,2024-11-15 08:00:00+00:00,3.75,42.5,29.64,28.0,0.1,1,Luuq,3.8,42.55
1068,2024-11-15 09:00:00+00:00,3.75,42.5,31.039999,30.0,0.0,1,Luuq,3.8,42.55
1069,2024-11-15 10:00:00+00:00,3.75,42.5,31.939999,24.0,0.0,1,Luuq,3.8,42.55
1070,2024-11-15 11:00:00+00:00,3.75,42.5,32.489998,13.0,0.0,1,Luuq,3.8,42.55
1071,2024-11-15 12:00:00+00:00,3.75,42.5,32.89,5.0,0.0,1,Luuq,3.8,42.55
1072,2024-11-15 13:00:00+00:00,3.75,42.5,32.94,2.0,0.0,1,Luuq,3.8,42.55
1073,2024-11-15 14:00:00+00:00,3.75,42.5,32.489998,1.0,0.0,1,Luuq,3.8,42.55
1074,2024-11-15 15:00:00+00:00,3.75,42.5,31.14,0.0,0.0,1,Luuq,3.8,42.55
1075,2024-11-15 16:00:00+00:00,3.75,42.5,29.789999,0.0,0.0,1,Luuq,3.8,42.55
1076,2024-11-15 17:00:00+00:00,3.75,42.5,29.14,0.0,0.0,1,Luuq,3.8,42.55
1077,2024-11-15 18:00:00+00:00,3.75,42.5,28.59,0.0,0.0,1,Luuq,3.8,42.55
1078,2024-11-15 19:00:00+00:00,3.75,42.5,27.89,0.0,0.0,1,Luuq,3.8,42.55
1079,2024-11-15 20:00:00+00:00,3.75,42.5,27.09,0.0,0.0,1,Luuq,3.8,42.55
1080,2024-11-15 21:00:00+00:00,3.75,42.5,26.289999,0.0,0.0,1,Luuq,3.8,42.55
1081,2024-11-15 22:00:00+00:00,3.75,42.5,25.64,0.0,0.0,1,Luuq,3.8,42.55
1082,2024-11-15 23:00:00+00:00,3.75,42.5,25.09,0.0,0.0,1,Luuq,3.8,42.55
1083,2024-11-16 00:00:00+00:00,3.75,42.5,24.539999,0.0,0.0,1,Luuq,3.8,42.55
1084,2024-11-16 01:00:00+00:00,3.75,42.5,24.24,0.0,0.0,1,Luuq,3.8,42.55
1085,2024-11-16 02:00:00+00:00,3.75,42.5,23.789999,0.0,0.0,1,Luuq,3.8,42.55
1086,2024-11-16 03:00:00+00:00,3.75,42.5,23.539999,0.0,0.0,1,Luuq,3.8,42.55
1087,2024-11-16 04:00:00+00:00,3.75,42.5,24.189999,0.0,0.0,1,Luuq,3.8,42.55
1088,2024-11-16 05:00:00+00:00,3.75,42.5,25.34,0.0,0.0,1,Luuq,3.8,42.55
1089,2024-11-16 06:00:00+00:00,3.75,42.5,26.289999,0.0,0.0,1,Luuq,3.8,42.55
1090,2024-11-16 07:00:00+00:00,3.75,42.5,28.439999,0.0,0.0,1,Luuq,3.8,42.55
1091,2024-11-16 08:00:00+00:00,3.75,42.5,30.689999,0.0,0.0,1,Luuq,3.8,42.55
1092,2024-11-16 09:00:00+00:00,3.75,42.5,32.19,0.0,0.0,1,Luuq,3.8,42.55
1093,2024-11-16 10:00:00+00:00,3.75,42.5,33.44,0.0,0.0,1,Luuq,3.8,42.55
1094,2024-11-16 11:00:00+00:00,3.75,42.5,34.14,0.0,0.0,1,Luuq,3.8,42.55
1095,2024-11-16 12:00:00+00:00,3.75,42.5,34.29,0.0,0.0,1,Luuq,3.8,42.55
1096,2024-11-16 13:00:00+00:00,3.75,42.5,33.94,0.0,0.0,1,Luuq,3.8,42.55
1097,2024-11-16 14:00:00+00:00,3.75,42.5,33.09,0.0,0.0,1,Luuq,3.8,42.55
1098,2024-11-16 15:00:00+00:00,3.75,42.5,32.04,0.0,0.0,1,Luuq,3.8,42.55
1099,2024-11-16 16:00:00+00:00,3.75,42.5,30.74,0.0,0.0,1,Luuq,3.8,42.55
1100,2024-11-16 17:00:00+00:00,3.75,42.5,29.24,0.0,0.0,1,Luuq,3.8,42.55
1101,2024-11-16 18:00:00+00:00,3.75,42.5,27.939999,0.0,0.0,1,Luuq,3.8,42.55
1102,2024-11-16 19:00:00+00:00,3.75,42.5,26.939999,0.0,0.0,1,Luuq,3.8,42.55
1103,2024-11-16 20:00:00+00:00,3.75,42.5,26.14,0.0,0.0,1,Luuq,3.8,42.55
1104,2024-11-16 21:00:00+00:00,3.75,42.5,25.39,0.0,0.0,1,Luuq,3.8,42.55
1105,2024-11-16 22:00:00+00:00,3.75,42.5,24.59,0.0,0.0,1,Luuq,3.8,42.55
1106,2024-11-16 23:00:00+00:00,3.75,42.5,23.84,0.0,0.0,1,Luuq,3.8,42.55
1107,2024-11-17 00:00:00+00:00,3.75,42.5,23.289999,0.0,0.0,1,Luuq,3.8,42.55
1108,2024-11-17 01:00:00+00:00,3.75,42.5,22.84,0.0,0.0,1,Luuq,3.8,42.55
1109,2024-11-17 02:00:00+00:00,3.75,42.5,22.59,0.0,0.0,1,Luuq,3.8,42.55
1110,2024-11-17 03:00:00+00:00,3.75,42.5,22.89,0.0,0.0,1,Luuq,3.8,42.55
1111,2024-11-17 04:00:00+00:00,3.75,42.5,23.99,0.0,0.0,1,Luuq,3.8,42.55
1112,2024-11-17 05:00:00+00:00,3.75,42.5,25.64,0.0,0.0,1,Luuq,3.8,42.55
1113,2024-11-17 06:00:00+00:00,3.75,42.5,27.39,0.0,0.0,1,Luuq,3.8,42.55
1114,2024-11-17 07:00:00+00:00,3.75,42.5,29.34,1.0,0.0,1,Luuq,3.8,42.55
1115,2024-11-17 08:00:00+00:00,3.75,42.5,31.39,2.0,0.0,1,Luuq,3.8,42.55
1116,2024-11-17 09:00:00+00:00,3.75,42.5,33.09,3.0,0.0,1,Luuq,3.8,42.55
1117,2024-11-17 10:00:00+00:00,3.75,42.5,34.29,4.0,0.0,1,Luuq,3.8,42.55
1118,2024-11-17 11:00:00+00:00,3.75,42.5,35.09,5.0,0.0,1,Luuq,3.8,42.55
1119,2024-11-17 12:00:00+00:00,3.75,42.5,35.39,5.0,0.0,1,Luuq,3.8,42.55
1120,2024-11-17 13:00:00+00:00,3.75,42.5,35.04,5.0,0.0,1,Luuq,3.8,42.55
1121,2024-11-17 14:00:00+00:00,3.75,42.5,34.14,5.0,0.0,1,Luuq,3.8,42.55
1122,2024-11-17 15:00:00+00:00,3.75,42.5,33.14,5.0,0.0,1,Luuq,3.8,42.55
1123,2024-11-17 16:00:00+00:00,3.75,42.5,32.09,4.0,0.0,1,Luuq,3.8,42.55
1124,2024-11-17 17:00:00+00:00,3.75,42.5,30.89,3.0,0.0,1,Luuq,3.8,42.55
1125,2024-11-17 18:00:00+00:00,3.75,42.5,29.84,3.0,0.0,1,Luuq,3.8,42.55
1126,2024-11-17 19:00:00+00:00,3.75,42.5,28.99,2.0,0.0,1,Luuq,3.8,42.55
1127,2024-11-17 20:00:00+00:00,3.75,42.5,28.24,1.0,0.0,1,Luuq,3.8,42.55
1128,2024-11-17 21:00:00+00:00,3.75,42.5,27.59,0.0,0.0,1,Luuq,3.8,42.55
1129,2024-11-17 22:00:00+00:00,3.75,42.5,26.939999,0.0,0.0,1,Luuq,3.8,42.55
1130,2024-11-17 23:00:00+00:00,3.75,42.5,26.39,0.0,0.0,1,Luuq,3.8,42.55
1131,2024-11-18 00:00:00+00:00,3.75,42.5,25.84,0.0,0.0,1,Luuq,3.8,42.55
1132,2024-11-18 01:00:00+00:00,3.75,42.5,25.189999,0.0,0.0,1,Luuq,3.8,42.55
1133,2024-11-18 02:00:00+00:00,3.75,42.5,24.64,1.0,0.0,1,Luuq,3.8,42.55
1134,2024-11-18 03:00:00+00:00,3.75,42.5,24.49,2.0,0.0,1,Luuq,3.8,42.55
1135,2024-11-18 04:00:00+00:00,3.75,42.5,25.189999,3.0,0.4,1,Luuq,3.8,42.55
1136,2024-11-18 05:00:00+00:00,3.75,42.5,26.34,4.0,0.4,1,Luuq,3.8,42.55
1137,2024-11-18 06:00:00+00:00,3.75,42.5,27.189999,5.0,0.4,1,Luuq,3.8,42.55
1138,2024-11-18 07:00:00+00:00,3.75,42.5,29.539999,6.0,0.1,1,Luuq,3.8,42.55
1139,2024-11-18 08:00:00+00:00,3.75,42.5,30.789999,7.0,0.1,1,Luuq,3.8,42.55
1140,2024-11-18 09:00:00+00:00,3.75,42.5,31.74,8.0,0.1,1,Luuq,3.8,42.55
1141,2024-11-18 10:00:00+00:00,3.75,42.5,32.34,9.0,0.0,1,Luuq,3.8,42.55
1142,2024-11-18 11:00:00+00:00,3.75,42.5,32.64,9.0,0.0,1,Luuq,3.8,42.55
1143,2024-11-18 12:00:00+00:00,3.75,42.5,32.59,10.0,0.0,1,Luuq,3.8,42.55
1144,2024-11-18 13:00:00+00:00,3.75,42.5,32.04,10.0,0.0,1,Luuq,3.8,42.55
1145,2024-11-18 14:00:00+00:00,3.75,42.5,31.14,10.0,0.0,1,Luuq,3.8,42.55
1146,2024-11-18 15:00:00+00:00,3.75,42.5,30.14,10.0,0.0,1,Luuq,3.8,42.55
1147,2024-11-18 16:00:00+00:00,3.75,42.5,29.039999,10.0,1.1,1,Luuq,3.8,42.55
1148,2024-11-18 17:00:00+00:00,3.75,42.5,27.84,10.0,1.1,1,Luuq,3.8,42.55
1149,2024-11-18 18:00:00+00:00,3.75,42.5,26.89,9.0,1.1,1,Luuq,3.8,42.55
1150,2024-11-18 19:00:00+00:00,3.75,42.5,26.439999,9.0,0.3,1,Luuq,3.8,42.55
1151,2024-11-18 20:00:00+00:00,3.75,42.5,26.289999,9.0,0.3,1,Luuq,3.8,42.55
1152,2024-11-18 21:00:00+00:00,3.75,42.5,26.09,9.0,0.3,1,Luuq,3.8,42.55
1153,2024-11-18 22:00:00+00:00,3.75,42.5,25.789999,9.0,0.0,1,Luuq,3.8,42.55
1154,2024-11-18 23:00:00+00:00,3.75,42.5,25.439999,9.0,0.0,1,Luuq,3.8,42.55
1155,2024-11-19 00:00:00+00:00,3.75,42.5,25.14,10.0,0.0,1,Luuq,3.8,42.55
1156,2024-11-19 01:00:00+00:00,3.75,42.5,24.789999,11.0,0.0,1,Luuq,3.8,42.55
1157,2024-11-19 02:00:00+00:00,3.75,42.5,24.539999,13.0,0.0,1,Luuq,3.8,42.55
1158,2024-11-19 03:00:00+00:00,3.75,42.5,24.59,15.0,0.0,1,Luuq,3.8,42.55
1159,2024-11-19 04:00:00+00:00,3.75,42.5,25.189999,17.0,0.1,1,Luuq,3.8,42.55
1160,2024-11-19 05:00:00+00:00,3.75,42.5,26.189999,19.0,0.1,1,Luuq,3.8,42.55
1161,2024-11-19 06:00:00+00:00,3.75,42.5,27.24,22.0,0.1,1,Luuq,3.8,42.55
1162,2024-11-19 07:00:00+00:00,3.75,42.5,28.39,24.0,0.0,1,Luuq,3.8,42.55
1163,2024-11-19 08:00:00+00:00,3.75,42.5,29.59,26.0,0.0,1,Luuq,3.8,42.55
1164,2024-11-19 09:00:00+00:00,3.75,42.5,30.64,28.0,0.0,1,Luuq,3.8,42.55
1165,2024-11-19 10:00:00+00:00,3.75,42.5,31.49,29.0,0.0,1,Luuq,3.8,42.55
1166,2024-11-19 11:00:00+00:00,3.75,42.5,32.24,30.0,0.0,1,Luuq,3.8,42.55
1167,2024-11-19 12:00:00+00:00,3.75,42.5,32.54,30.0,0.0,1,Luuq,3.8,42.55
1168,2024-11-19 13:00:00+00:00,3.75,42.5,32.34,29.0,0.0,1,Luuq,3.8,42.55
1169,2024-11-19 14:00:00+00:00,3.75,42.5,31.74,28.0,0.0,1,Luuq,3.8,42.55
1170,2024-11-19 15:00:00+00:00,3.75,42.5,30.99,26.0,0.0,1,Luuq,3.8,42.55
1171,2024-11-19 16:00:00+00:00,3.75,42.5,30.039999,24.0,0.0,1,Luuq,3.8,42.55
1172,2024-11-19 17:00:00+00:00,3.75,42.5,28.99,21.0,0.0,1,Luuq,3.8,42.55
1173,2024-11-19 18:00:00+00:00,3.75,42.5,28.09,18.0,0.0,1,Luuq,3.8,42.55
1174,2024-11-19 19:00:00+00:00,3.75,42.5,27.59,15.0,0.0,1,Luuq,3.8,42.55
1175,2024-11-19 20:00:00+00:00,3.75,42.5,27.289999,12.0,0.0,1,Luuq,3.8,42.55
