,date,temperature_2m_max,temperature_2m_min,precipitation_sum,rain_sum,precipitation_hours
0,2021-11-10 21:00:00+00:00,24.981499,11.6315,0.0,0.0,0.0
1,2021-11-11 21:00:00+00:00,25.1315,11.981501,0.0,0.0,0.0
2,2021-11-12 21:00:00+00:00,24.4315,14.281501,0.0,0.0,0.0
3,2021-11-13 21:00:00+00:00,25.3815,12.531501,0.0,0.0,0.0
4,2021-11-14 21:00:00+00:00,26.2815,11.6815,0.0,0.0,0.0
5,2021-11-15 21:00:00+00:00,26.231499,14.1315,0.0,0.0,0.0
6,2021-11-16 21:00:00+00:00,27.2815,11.731501,0.0,0.0,0.0
7,2021-11-17 21:00:00+00:00,26.4315,11.531501,0.0,0.0,0.0
8,2021-11-18 21:00:00+00:00,25.9315,13.6815,0.0,0.0,0.0
9,2021-11-19 21:00:00+00:00,26.7815,11.5815,0.0,0.0,0.0
10,2021-11-20 21:00:00+00:00,27.3815,13.4315,0.0,0.0,0.0
11,2021-11-21 21:00:00+00:00,26.1815,11.231501,0.0,0.0,0.0
12,2021-11-22 21:00:00+00:00,23.0815,14.231501,0.0,0.0,0.0
13,2021-11-23 21:00:00+00:00,24.9315,14.1815,0.0,0.0,0.0
14,2021-11-24 21:00:00+00:00,25.8815,14.281501,0.0,0.0,0.0
15,2021-11-25 21:00:00+00:00,24.1815,14.1315,3.3999999,3.3999999,7.0
16,2021-11-26 21:00:00+00:00,24.231499,13.231501,0.1,0.1,1.0
17,2021-11-27 21:00:00+00:00,24.9315,12.3815,0.0,0.0,0.0
18,2021-11-28 21:00:00+00:00,24.1815,10.031501,0.0,0.0,0.0
19,2021-11-29 21:00:00+00:00,23.731499,9.6315,0.0,0.0,0.0
20,2021-11-30 21:00:00+00:00,24.5815,12.3315,0.0,0.0,0.0
21,2021-12-01 21:00:00+00:00,24.481499,10.731501,0.0,0.0,0.0
22,2021-12-02 21:00:00+00:00,24.7815,11.3315,0.0,0.0,0.0
23,2021-12-03 21:00:00+00:00,23.5815,13.281501,0.0,0.0,0.0
24,2021-12-04 21:00:00+00:00,24.3315,12.6815,0.0,0.0,0.0
25,2021-12-05 21:00:00+00:00,25.231499,10.8815,0.0,0.0,0.0
26,2021-12-06 21:00:00+00:00,25.231499,11.6815,0.0,0.0,0.0
27,2021-12-07 21:00:00+00:00,24.731499,13.5815,0.0,0.0,0.0
28,2021-12-08 21:00:00+00:00,24.6315,13.5815,0.0,0.0,0.0
29,2021-12-09 21:00:00+00:00,22.6815,12.8815,0.0,0.0,0.0
30,2021-12-10 21:00:00+00:00,24.3315,8.5815,0.0,0.0,0.0
31,2021-12-11 21:00:00+00:00,24.1815,10.6315,0.0,0.0,0.0
32,2021-12-12 21:00:00+00:00,24.8315,11.231501,0.0,0.0,0.0
33,2021-12-13 21:00:00+00:00,25.5815,11.8315,0.0,0.0,0.0
34,2021-12-14 21:00:00+00:00,26.0815,12.481501,0.0,0.0,0.0
35,2021-12-15 21:00:00+00:00,26.3815,12.481501,0.0,0.0,0.0
36,2021-12-16 21:00:00+00:00,26.0815,11.231501,0.1,0.1,1.0
37,2021-12-17 21:00:00+00:00,26.1315,13.5815,0.0,0.0,0.0
38,2021-12-18 21:00:00+00:00,26.231499,13.9315,0.4,0.4,3.0
39,2021-12-19 21:00:00+00:00,25.6815,12.8815,0.2,0.2,1.0
40,2021-12-20 21:00:00+00:00,25.3315,13.6315,0.0,0.0,0.0
41,2021-12-21 21:00:00+00:00,23.8815,14.3815,0.0,0.0,0.0
42,2021-12-22 21:00:00+00:00,26.7815,13.281501,0.0,0.0,0.0
43,2021-12-23 21:00:00+00:00,27.1815,12.981501,0.0,0.0,0.0
44,2021-12-24 21:00:00+00:00,26.5315,13.281501,0.0,0.0,0.0
45,2021-12-25 21:00:00+00:00,27.0815,12.0815,0.0,0.0,0.0
46,2021-12-26 21:00:00+00:00,26.8315,15.1315,0.0,0.0,0.0
47,2021-12-27 21:00:00+00:00,25.731499,12.5815,0.0,0.0,0.0
48,2021-12-28 21:00:00+00:00,26.7815,12.6815,0.0,0.0,0.0
49,2021-12-29 21:00:00+00:00,26.4315,12.8815,0.0,0.0,0.0
50,2021-12-30 21:00:00+00:00,25.8815,10.981501,0.0,0.0,0.0
51,2021-12-31 21:00:00+00:00,25.1815,13.1315,0.0,0.0,0.0
52,2022-01-01 21:00:00+00:00,26.4315,13.231501,0.0,0.0,0.0
53,2022-01-02 21:00:00+00:00,26.3315,13.8315,0.0,0.0,0.0
54,2022-01-03 21:00:00+00:00,25.3815,14.231501,0.1,0.1,1.0
55,2022-01-04 21:00:00+00:00,24.4315,14.4315,0.70000005,0.70000005,4.0
56,2022-01-05 21:00:00+00:00,26.731499,13.1815,0.0,0.0,0.0
57,2022-01-06 21:00:00+00:00,25.1815,12.981501,0.2,0.2,2.0
58,2022-01-07 21:00:00+00:00,24.9315,14.0815,0.1,0.1,1.0
59,2022-01-08 21:00:00+00:00,23.0315,13.3315,1.5000001,1.5000001,7.0
60,2022-01-09 21:00:00+00:00,25.731499,12.4315,0.0,0.0,0.0
61,2022-01-10 21:00:00+00:00,25.981499,11.3815,0.0,0.0,0.0
62,2022-01-11 21:00:00+00:00,26.3315,10.6315,0.0,0.0,0.0
63,2022-01-12 21:00:00+00:00,26.481499,10.8815,0.0,0.0,0.0
64,2022-01-13 21:00:00+00:00,26.231499,12.481501,0.1,0.1,1.0
65,2022-01-14 21:00:00+00:00,25.9315,14.981501,0.0,0.0,0.0
66,2022-01-15 21:00:00+00:00,25.981499,15.1315,0.6,0.6,2.0
67,2022-01-16 21:00:00+00:00,23.4315,14.9315,5.4,5.4,6.0
68,2022-01-17 21:00:00+00:00,24.4315,13.8815,0.0,0.0,0.0
69,2022-01-18 21:00:00+00:00,23.6815,14.031501,0.0,0.0,0.0
70,2022-01-19 21:00:00+00:00,22.731499,12.8315,0.0,0.0,0.0
71,2022-01-20 21:00:00+00:00,22.8815,13.281501,0.0,0.0,0.0
72,2022-01-21 21:00:00+00:00,24.5815,10.1315,0.0,0.0,0.0
73,2022-01-22 21:00:00+00:00,25.5315,10.981501,0.0,0.0,0.0
74,2022-01-23 21:00:00+00:00,24.1815,12.781501,0.0,0.0,0.0
75,2022-01-24 21:00:00+00:00,23.3315,13.531501,0.0,0.0,0.0
76,2022-01-25 21:00:00+00:00,25.731499,12.8315,0.0,0.0,0.0
77,2022-01-26 21:00:00+00:00,24.3815,12.531501,0.0,0.0,0.0
78,2022-01-27 21:00:00+00:00,23.481499,13.1315,0.0,0.0,0.0
79,2022-01-28 21:00:00+00:00,23.6315,13.481501,0.0,0.0,0.0
80,2022-01-29 21:00:00+00:00,25.481499,13.1815,0.0,0.0,0.0
81,2022-01-30 21:00:00+00:00,27.1315,13.4315,0.0,0.0,0.0
82,2022-01-31 21:00:00+00:00,24.481499,11.0815,0.0,0.0,0.0
83,2022-02-01 21:00:00+00:00,24.5315,14.3315,0.0,0.0,0.0
84,2022-02-02 21:00:00+00:00,26.231499,11.6815,0.0,0.0,0.0
85,2022-02-03 21:00:00+00:00,25.5815,12.231501,0.0,0.0,0.0
86,2022-02-04 21:00:00+00:00,25.231499,11.3815,0.0,0.0,0.0
87,2022-02-05 21:00:00+00:00,27.7815,14.3315,0.0,0.0,0.0
88,2022-02-06 21:00:00+00:00,26.1315,13.031501,0.0,0.0,0.0
89,2022-02-07 21:00:00+00:00,23.0815,14.0815,0.9,0.9,5.0
90,2022-02-08 21:00:00+00:00,26.5815,13.1315,0.0,0.0,0.0
91,2022-02-09 21:00:00+00:00,26.231499,12.031501,0.0,0.0,0.0
92,2022-02-10 21:00:00+00:00,25.9315,13.231501,0.0,0.0,0.0
93,2022-02-11 21:00:00+00:00,24.7815,13.6815,0.0,0.0,0.0
94,2022-02-12 21:00:00+00:00,25.0815,14.3815,0.0,0.0,0.0
95,2022-02-13 21:00:00+00:00,27.8815,14.981501,0.0,0.0,0.0
96,2022-02-14 21:00:00+00:00,28.1315,12.281501,0.0,0.0,0.0
97,2022-02-15 21:00:00+00:00,27.481499,12.8815,0.0,0.0,0.0
98,2022-02-16 21:00:00+00:00,28.7815,14.0815,0.0,0.0,0.0
99,2022-02-17 21:00:00+00:00,27.8815,14.481501,0.0,0.0,0.0
100,2022-02-18 21:00:00+00:00,28.981499,14.3815,0.0,0.0,0.0
101,2022-02-19 21:00:00+00:00,24.8315,16.1815,0.0,0.0,0.0
102,2022-02-20 21:00:00+00:00,23.981499,13.281501,0.0,0.0,0.0
103,2022-02-21 21:00:00+00:00,26.731499,12.781501,0.0,0.0,0.0
104,2022-02-22 21:00:00+00:00,27.3815,13.9315,0.0,0.0,0.0
105,2022-02-23 21:00:00+00:00,28.2815,12.5815,0.0,0.0,0.0
106,2022-02-24 21:00:00+00:00,27.3315,14.9315,0.1,0.1,1.0
107,2022-02-25 21:00:00+00:00,25.981499,14.4315,0.3,0.3,3.0
108,2022-02-26 21:00:00+00:00,27.1815,15.9815,0.3,0.3,1.0
109,2022-02-27 21:00:00+00:00,27.8315,15.3815,0.0,0.0,0.0
110,2022-02-28 21:00:00+00:00,28.0315,14.4315,0.0,0.0,0.0
111,2022-03-01 21:00:00+00:00,28.8815,11.8315,0.0,0.0,0.0
112,2022-03-02 21:00:00+00:00,28.6815,12.031501,0.0,0.0,0.0
113,2022-03-03 21:00:00+00:00,28.3315,13.481501,0.0,0.0,0.0
114,2022-03-04 21:00:00+00:00,28.1815,13.6815,0.0,0.0,0.0
115,2022-03-05 21:00:00+00:00,27.6815,13.3815,0.0,0.0,0.0
116,2022-03-06 21:00:00+00:00,28.5815,13.3315,0.0,0.0,0.0
117,2022-03-07 21:00:00+00:00,28.1315,13.4315,0.0,0.0,0.0
118,2022-03-08 21:00:00+00:00,28.731499,14.4315,0.0,0.0,0.0
119,2022-03-09 21:00:00+00:00,28.6315,15.531501,0.0,0.0,0.0
120,2022-03-10 21:00:00+00:00,28.3315,13.8815,0.0,0.0,0.0
121,2022-03-11 21:00:00+00:00,28.481499,15.531501,0.2,0.2,1.0
122,2022-03-12 21:00:00+00:00,27.6315,14.3315,0.0,0.0,0.0
123,2022-03-13 21:00:00+00:00,28.0315,14.5815,0.0,0.0,0.0
124,2022-03-14 21:00:00+00:00,27.0815,15.3815,0.0,0.0,0.0
125,2022-03-15 21:00:00+00:00,28.9315,14.981501,0.0,0.0,0.0
126,2022-03-16 21:00:00+00:00,28.6315,15.0815,0.2,0.2,2.0
127,2022-03-17 21:00:00+00:00,25.3815,15.1815,0.0,0.0,0.0
128,2022-03-18 21:00:00+00:00,25.1315,15.1315,0.5,0.5,1.0
129,2022-03-19 21:00:00+00:00,27.3315,15.781501,0.3,0.3,1.0
130,2022-03-20 21:00:00+00:00,26.1315,17.0815,0.0,0.0,0.0
131,2022-03-21 21:00:00+00:00,26.7815,17.5815,0.0,0.0,0.0
132,2022-03-22 21:00:00+00:00,27.6315,16.6315,0.70000005,0.70000005,2.0
133,2022-03-23 21:00:00+00:00,27.981499,15.881501,0.4,0.4,4.0
134,2022-03-24 21:00:00+00:00,25.6815,16.1315,1.4000001,1.4000001,5.0
135,2022-03-25 21:00:00+00:00,25.5815,14.6315,0.0,0.0,0.0
136,2022-03-26 21:00:00+00:00,27.4315,13.6815,0.0,0.0,0.0
137,2022-03-27 21:00:00+00:00,28.0815,13.781501,0.0,0.0,0.0
138,2022-03-28 21:00:00+00:00,28.731499,11.8315,0.0,0.0,0.0
139,2022-03-29 21:00:00+00:00,28.481499,11.3815,0.0,0.0,0.0
140,2022-03-30 21:00:00+00:00,28.2815,11.231501,0.0,0.0,0.0
141,2022-03-31 21:00:00+00:00,26.8315,15.3315,0.3,0.3,2.0
142,2022-04-01 21:00:00+00:00,26.6315,15.3315,0.6,0.6,6.0
143,2022-04-02 21:00:00+00:00,26.8815,15.781501,0.0,0.0,0.0
144,2022-04-03 21:00:00+00:00,28.5315,14.981501,0.0,0.0,0.0
145,2022-04-04 21:00:00+00:00,29.231499,16.481499,0.0,0.0,0.0
146,2022-04-05 21:00:00+00:00,29.731499,16.0815,0.0,0.0,0.0
147,2022-04-06 21:00:00+00:00,28.6815,15.6815,0.0,0.0,0.0
148,2022-04-07 21:00:00+00:00,28.1815,15.531501,0.0,0.0,0.0
149,2022-04-08 21:00:00+00:00,27.9315,14.781501,0.1,0.1,1.0
150,2022-04-09 21:00:00+00:00,27.231499,14.8315,0.90000004,0.90000004,2.0
151,2022-04-10 21:00:00+00:00,24.731499,16.1315,1.7,1.7,5.0
152,2022-04-11 21:00:00+00:00,26.5815,14.8315,0.1,0.1,1.0
153,2022-04-12 21:00:00+00:00,28.4315,15.6315,0.3,0.3,2.0
154,2022-04-13 21:00:00+00:00,27.231499,15.231501,0.70000005,0.70000005,7.0
155,2022-04-14 21:00:00+00:00,25.231499,16.231499,6.3999996,6.3999996,6.0
156,2022-04-15 21:00:00+00:00,26.1315,14.4315,7.5,7.5,4.0
157,2022-04-16 21:00:00+00:00,25.8315,16.0315,2.2,2.2,5.0
158,2022-04-17 21:00:00+00:00,27.0815,13.731501,0.5,0.5,2.0
159,2022-04-18 21:00:00+00:00,27.8315,14.231501,0.0,0.0,0.0
160,2022-04-19 21:00:00+00:00,26.6815,14.6315,0.0,0.0,0.0
161,2022-04-20 21:00:00+00:00,27.2815,14.8315,0.2,0.2,2.0
162,2022-04-21 21:00:00+00:00,24.9315,13.8315,1.3000001,1.3000001,7.0
163,2022-04-22 21:00:00+00:00,25.231499,14.1815,0.90000004,0.90000004,7.0
164,2022-04-23 21:00:00+00:00,21.731499,14.5815,7.7000003,7.7000003,11.0
165,2022-04-24 21:00:00+00:00,21.9315,14.8815,28.199997,28.199997,18.0
166,2022-04-25 21:00:00+00:00,22.9315,13.981501,4.3,4.3,9.0
167,2022-04-26 21:00:00+00:00,23.6315,13.281501,0.90000004,0.90000004,8.0
168,2022-04-27 21:00:00+00:00,23.6815,15.3815,3.4999998,3.4999998,3.0
169,2022-04-28 21:00:00+00:00,24.2815,14.8815,5.2000003,5.2000003,10.0
170,2022-04-29 21:00:00+00:00,23.7815,13.731501,11.900001,11.900001,10.0
171,2022-04-30 21:00:00+00:00,24.9315,14.231501,0.0,0.0,0.0
172,2022-05-01 21:00:00+00:00,24.9315,14.8315,1.8,1.8,7.0
173,2022-05-02 21:00:00+00:00,25.1815,15.031501,2.8999999,2.8999999,4.0
174,2022-05-03 21:00:00+00:00,24.0315,13.731501,2.1,2.1,3.0
175,2022-05-04 21:00:00+00:00,24.5815,13.231501,0.0,0.0,0.0
176,2022-05-05 21:00:00+00:00,24.481499,14.6315,0.1,0.1,1.0
177,2022-05-06 21:00:00+00:00,28.5815,16.231499,0.0,0.0,0.0
178,2022-05-07 21:00:00+00:00,28.6315,15.8315,0.0,0.0,0.0
179,2022-05-08 21:00:00+00:00,28.5815,15.4315,0.0,0.0,0.0
180,2022-05-09 21:00:00+00:00,28.4315,14.531501,0.0,0.0,0.0
181,2022-05-10 21:00:00+00:00,28.731499,14.1315,0.0,0.0,0.0
182,2022-05-11 21:00:00+00:00,28.6815,13.9315,0.0,0.0,0.0
183,2022-05-12 21:00:00+00:00,29.4315,15.9315,0.0,0.0,0.0
184,2022-05-13 21:00:00+00:00,29.6815,16.6815,0.0,0.0,0.0
185,2022-05-14 21:00:00+00:00,26.2815,13.731501,0.1,0.1,1.0
186,2022-05-15 21:00:00+00:00,27.5815,13.3315,0.0,0.0,0.0
187,2022-05-16 21:00:00+00:00,26.3815,14.231501,0.1,0.1,1.0
188,2022-05-17 21:00:00+00:00,27.4315,14.0815,0.0,0.0,0.0
189,2022-05-18 21:00:00+00:00,26.7815,13.531501,0.3,0.3,1.0
190,2022-05-19 21:00:00+00:00,27.231499,15.1315,0.0,0.0,0.0
191,2022-05-20 21:00:00+00:00,28.731499,14.1315,0.0,0.0,0.0
192,2022-05-21 21:00:00+00:00,28.981499,13.731501,0.4,0.4,2.0
193,2022-05-22 21:00:00+00:00,30.731499,17.1815,0.2,0.2,1.0
194,2022-05-23 21:00:00+00:00,28.5815,14.4315,0.2,0.2,2.0
195,2022-05-24 21:00:00+00:00,27.0815,14.3815,0.2,0.2,2.0
196,2022-05-25 21:00:00+00:00,27.9315,15.9815,3.3,3.3,3.0
197,2022-05-26 21:00:00+00:00,28.0815,14.6315,3.2999997,3.2999997,3.0
198,2022-05-27 21:00:00+00:00,26.231499,14.031501,0.0,0.0,0.0
199,2022-05-28 21:00:00+00:00,27.1815,13.4315,0.0,0.0,0.0
200,2022-05-29 21:00:00+00:00,26.3815,13.481501,0.4,0.4,3.0
201,2022-05-30 21:00:00+00:00,24.8315,14.031501,0.2,0.2,2.0
202,2022-05-31 21:00:00+00:00,25.731499,13.231501,0.4,0.4,4.0
203,2022-06-01 21:00:00+00:00,25.3815,14.5815,0.1,0.1,1.0
204,2022-06-02 21:00:00+00:00,23.8815,14.281501,0.4,0.4,4.0
205,2022-06-03 21:00:00+00:00,23.1815,13.531501,1.0,1.0,6.0
206,2022-06-04 21:00:00+00:00,24.9315,14.031501,0.70000005,0.70000005,5.0
207,2022-06-05 21:00:00+00:00,25.9315,14.8315,0.8,0.8,4.0
208,2022-06-06 21:00:00+00:00,23.481499,13.5815,8.099999,8.099999,7.0
209,2022-06-07 21:00:00+00:00,23.1815,13.4315,0.8000001,0.8000001,8.0
210,2022-06-08 21:00:00+00:00,23.9315,13.8815,1.1,1.1,4.0
211,2022-06-09 21:00:00+00:00,25.1815,13.3815,1.1,1.1,2.0
212,2022-06-10 21:00:00+00:00,23.8815,14.8815,0.5,0.5,2.0
213,2022-06-11 21:00:00+00:00,24.9315,13.6815,0.1,0.1,1.0
214,2022-06-12 21:00:00+00:00,24.5815,13.231501,0.1,0.1,1.0
215,2022-06-13 21:00:00+00:00,26.7815,13.5815,0.4,0.4,1.0
216,2022-06-14 21:00:00+00:00,26.2815,12.6815,0.3,0.3,1.0
217,2022-06-15 21:00:00+00:00,26.3315,14.1815,0.0,0.0,0.0
218,2022-06-16 21:00:00+00:00,25.5815,13.731501,0.0,0.0,0.0
219,2022-06-17 21:00:00+00:00,24.1815,14.1815,0.3,0.3,3.0
220,2022-06-18 21:00:00+00:00,26.5815,12.981501,0.0,0.0,0.0
221,2022-06-19 21:00:00+00:00,25.5815,13.0815,0.6,0.6,3.0
222,2022-06-20 21:00:00+00:00,25.6315,13.981501,4.8,4.8,2.0
223,2022-06-21 21:00:00+00:00,26.1315,14.6815,10.099999,10.099999,2.0
224,2022-06-22 21:00:00+00:00,24.0315,13.0815,0.90000004,0.90000004,3.0
225,2022-06-23 21:00:00+00:00,18.731499,14.031501,3.5999997,3.5999997,16.0
226,2022-06-24 21:00:00+00:00,21.981499,12.8315,1.4000001,1.4000001,10.0
227,2022-06-25 21:00:00+00:00,24.3815,11.731501,1.1,1.1,4.0
228,2022-06-26 21:00:00+00:00,23.8815,13.3815,0.0,0.0,0.0
229,2022-06-27 21:00:00+00:00,25.0315,13.231501,0.1,0.1,1.0
230,2022-06-28 21:00:00+00:00,24.4315,12.981501,2.8999999,2.8999999,3.0
231,2022-06-29 21:00:00+00:00,22.9315,13.531501,0.2,0.2,1.0
232,2022-06-30 21:00:00+00:00,22.8815,13.981501,2.6,2.6,7.0
233,2022-07-01 21:00:00+00:00,24.8815,12.6815,0.3,0.3,1.0
234,2022-07-02 21:00:00+00:00,24.6815,14.3815,0.0,0.0,0.0
235,2022-07-03 21:00:00+00:00,25.231499,13.8315,0.1,0.1,1.0
236,2022-07-04 21:00:00+00:00,27.0315,13.1315,0.1,0.1,1.0
237,2022-07-05 21:00:00+00:00,26.3815,13.9315,4.0,4.0,8.0
238,2022-07-06 21:00:00+00:00,23.231499,14.5815,0.2,0.2,2.0
239,2022-07-07 21:00:00+00:00,20.7815,14.1815,2.9999998,2.9999998,12.0
240,2022-07-08 21:00:00+00:00,17.731499,13.281501,13.900003,13.900003,24.0
241,2022-07-09 21:00:00+00:00,17.4315,13.1315,6.2999997,6.2999997,13.0
242,2022-07-10 21:00:00+00:00,15.281501,12.231501,17.800003,17.800003,24.0
243,2022-07-11 21:00:00+00:00,18.5315,12.4315,1.6000003,1.6000003,13.0
244,2022-07-12 21:00:00+00:00,20.6315,13.781501,0.70000005,0.70000005,7.0
245,2022-07-13 21:00:00+00:00,21.0815,14.8315,6.8999996,6.8999996,13.0
246,2022-07-14 21:00:00+00:00,20.0315,13.8315,3.7999997,3.7999997,11.0
247,2022-07-15 21:00:00+00:00,19.981499,14.1315,4.9,4.9,16.0
248,2022-07-16 21:00:00+00:00,22.231499,13.6315,0.4,0.4,3.0
249,2022-07-17 21:00:00+00:00,20.4315,13.3315,0.90000004,0.90000004,5.0
250,2022-07-18 21:00:00+00:00,21.8315,13.981501,0.0,0.0,0.0
251,2022-07-19 21:00:00+00:00,17.6815,12.8315,12.599998,12.599998,19.0
252,2022-07-20 21:00:00+00:00,18.6315,12.781501,2.4999998,2.4999998,10.0
253,2022-07-21 21:00:00+00:00,19.731499,13.781501,0.9000001,0.9000001,8.0
254,2022-07-22 21:00:00+00:00,21.2815,13.281501,0.1,0.1,1.0
255,2022-07-23 21:00:00+00:00,21.481499,14.031501,0.0,0.0,0.0
256,2022-07-24 21:00:00+00:00,23.0315,13.4315,0.0,0.0,0.0
257,2022-07-25 21:00:00+00:00,23.0815,12.531501,0.0,0.0,0.0
258,2022-07-26 21:00:00+00:00,22.9315,12.481501,0.0,0.0,0.0
259,2022-07-27 21:00:00+00:00,24.3315,12.6815,0.0,0.0,0.0
260,2022-07-28 21:00:00+00:00,24.7815,12.8315,0.0,0.0,0.0
261,2022-07-29 21:00:00+00:00,23.4315,13.1815,0.4,0.4,2.0
262,2022-07-30 21:00:00+00:00,23.3815,14.731501,1.4000001,1.4000001,3.0
263,2022-07-31 21:00:00+00:00,20.2815,14.231501,3.4999998,3.4999998,15.0
264,2022-08-01 21:00:00+00:00,20.2815,14.281501,1.3000001,1.3000001,8.0
265,2022-08-02 21:00:00+00:00,22.3815,14.281501,0.1,0.1,1.0
266,2022-08-03 21:00:00+00:00,22.0815,14.5815,0.0,0.0,0.0
267,2022-08-04 21:00:00+00:00,22.981499,14.981501,0.0,0.0,0.0
268,2022-08-05 21:00:00+00:00,24.1815,13.8815,0.0,0.0,0.0
269,2022-08-06 21:00:00+00:00,22.731499,13.9315,0.8000001,0.8000001,3.0
270,2022-08-07 21:00:00+00:00,22.6815,12.3315,0.0,0.0,0.0
271,2022-08-08 21:00:00+00:00,18.6315,14.6315,10.000001,10.000001,12.0
272,2022-08-09 21:00:00+00:00,19.7815,14.231501,3.2,3.2,6.0
273,2022-08-10 21:00:00+00:00,19.981499,13.9315,1.4000001,1.4000001,10.0
274,2022-08-11 21:00:00+00:00,19.731499,13.531501,2.9999998,2.9999998,15.0
275,2022-08-12 21:00:00+00:00,22.0315,14.231501,1.2,1.2,7.0
276,2022-08-13 21:00:00+00:00,23.981499,14.981501,0.2,0.2,2.0
277,2022-08-14 21:00:00+00:00,24.8815,14.031501,0.1,0.1,1.0
278,2022-08-15 21:00:00+00:00,23.0815,14.1815,0.0,0.0,0.0
279,2022-08-16 21:00:00+00:00,23.8315,14.031501,0.2,0.2,1.0
280,2022-08-17 21:00:00+00:00,24.1815,13.8315,0.1,0.1,1.0
281,2022-08-18 21:00:00+00:00,25.2815,14.3815,0.0,0.0,0.0
282,2022-08-19 21:00:00+00:00,26.5315,13.3815,0.3,0.3,1.0
283,2022-08-20 21:00:00+00:00,24.5315,14.531501,7.7,7.7,2.0
284,2022-08-21 21:00:00+00:00,25.5315,12.481501,8.0,8.0,6.0
285,2022-08-22 21:00:00+00:00,25.3315,12.3315,6.1,6.1,5.0
286,2022-08-23 21:00:00+00:00,22.731499,13.481501,0.4,0.4,2.0
287,2022-08-24 21:00:00+00:00,23.5315,12.5815,0.4,0.4,2.0
288,2022-08-25 21:00:00+00:00,25.0315,12.781501,4.4999995,4.4999995,4.0
289,2022-08-26 21:00:00+00:00,22.6315,14.0815,0.6,0.6,5.0
290,2022-08-27 21:00:00+00:00,24.6315,14.481501,0.2,0.2,1.0
291,2022-08-28 21:00:00+00:00,24.8315,12.8815,3.2,3.2,3.0
292,2022-08-29 21:00:00+00:00,24.231499,12.8315,1.0,1.0,4.0
293,2022-08-30 21:00:00+00:00,23.981499,12.9315,0.0,0.0,0.0
294,2022-08-31 21:00:00+00:00,22.8815,12.4315,0.3,0.3,3.0
295,2022-09-01 21:00:00+00:00,25.1815,12.5815,2.7,2.7,4.0
296,2022-09-02 21:00:00+00:00,22.981499,13.8815,1.0000001,1.0000001,5.0
297,2022-09-03 21:00:00+00:00,25.9315,13.281501,4.4,4.4,2.0
298,2022-09-04 21:00:00+00:00,25.981499,14.5815,0.4,0.4,2.0
299,2022-09-05 21:00:00+00:00,24.8815,14.1815,4.6,4.6,3.0
300,2022-09-06 21:00:00+00:00,25.5315,14.231501,1.5,1.5,5.0
301,2022-09-07 21:00:00+00:00,23.8815,14.1815,0.2,0.2,2.0
302,2022-09-08 21:00:00+00:00,22.8315,14.6815,1.7000002,1.7000002,7.0
303,2022-09-09 21:00:00+00:00,25.7815,14.9315,0.3,0.3,2.0
304,2022-09-10 21:00:00+00:00,24.231499,15.4315,1.5000001,1.5000001,10.0
305,2022-09-11 21:00:00+00:00,25.3315,14.3815,5.5,5.5,6.0
306,2022-09-12 21:00:00+00:00,25.7815,14.031501,2.3,2.3,4.0
307,2022-09-13 21:00:00+00:00,24.9315,14.481501,2.4,2.4,9.0
308,2022-09-14 21:00:00+00:00,21.8315,14.031501,2.3000002,2.3000002,16.0
309,2022-09-15 21:00:00+00:00,23.1315,14.481501,0.5,0.5,3.0
310,2022-09-16 21:00:00+00:00,23.4315,13.231501,0.70000005,0.70000005,4.0
311,2022-09-17 21:00:00+00:00,25.231499,14.4315,0.70000005,0.70000005,4.0
312,2022-09-18 21:00:00+00:00,24.5815,14.6815,0.6,0.6,5.0
313,2022-09-19 21:00:00+00:00,24.231499,13.981501,0.90000004,0.90000004,4.0
314,2022-09-20 21:00:00+00:00,25.3315,14.1315,1.0,1.0,7.0
315,2022-09-21 21:00:00+00:00,23.481499,12.9315,7.6,7.6,5.0
316,2022-09-22 21:00:00+00:00,23.3815,12.531501,2.3999999,2.3999999,12.0
317,2022-09-23 21:00:00+00:00,23.6315,12.8815,17.2,17.2,8.0
318,2022-09-24 21:00:00+00:00,22.0815,12.531501,3.0,3.0,8.0
319,2022-09-25 21:00:00+00:00,22.0315,13.3315,1.0,1.0,7.0
320,2022-09-26 21:00:00+00:00,22.231499,12.6315,1.1,1.1,7.0
321,2022-09-27 21:00:00+00:00,23.2815,14.1815,0.5,0.5,4.0
322,2022-09-28 21:00:00+00:00,22.9315,13.8315,0.3,0.3,1.0
323,2022-09-29 21:00:00+00:00,21.7815,11.781501,0.9,0.9,3.0
324,2022-09-30 21:00:00+00:00,24.481499,14.1815,0.4,0.4,3.0
325,2022-10-01 21:00:00+00:00,22.981499,13.481501,0.6,0.6,4.0
326,2022-10-02 21:00:00+00:00,21.3815,13.981501,5.8,5.8,6.0
327,2022-10-03 21:00:00+00:00,21.231499,13.531501,5.5999994,5.5999994,12.0
328,2022-10-04 21:00:00+00:00,23.1815,12.4315,1.1,1.1,7.0
329,2022-10-05 21:00:00+00:00,23.1815,13.1815,0.5,0.5,4.0
330,2022-10-06 21:00:00+00:00,25.1315,12.031501,0.0,0.0,0.0
331,2022-10-07 21:00:00+00:00,22.981499,11.9315,0.4,0.4,3.0
332,2022-10-08 21:00:00+00:00,23.7815,13.3815,0.2,0.2,2.0
333,2022-10-09 21:00:00+00:00,24.3315,13.031501,0.6,0.6,4.0
334,2022-10-10 21:00:00+00:00,26.8315,12.781501,0.0,0.0,0.0
335,2022-10-11 21:00:00+00:00,24.5315,12.531501,0.1,0.1,1.0
336,2022-10-12 21:00:00+00:00,25.0315,12.8815,0.1,0.1,1.0
337,2022-10-13 21:00:00+00:00,24.7815,14.3315,0.0,0.0,0.0
338,2022-10-14 21:00:00+00:00,25.3315,12.1815,0.6,0.6,4.0
339,2022-10-15 21:00:00+00:00,26.3315,14.0815,0.3,0.3,3.0
340,2022-10-16 21:00:00+00:00,26.5315,13.031501,0.2,0.2,2.0
341,2022-10-17 21:00:00+00:00,26.4315,11.531501,0.0,0.0,0.0
342,2022-10-18 21:00:00+00:00,27.5815,11.8315,0.0,0.0,0.0
343,2022-10-19 21:00:00+00:00,24.9315,12.9315,1.0,1.0,7.0
344,2022-10-20 21:00:00+00:00,23.5815,12.5815,0.4,0.4,4.0
345,2022-10-21 21:00:00+00:00,24.3315,11.9315,1.0,1.0,6.0
346,2022-10-22 21:00:00+00:00,26.2815,11.8315,0.0,0.0,0.0
347,2022-10-23 21:00:00+00:00,25.8315,14.031501,0.8,0.8,2.0
348,2022-10-24 21:00:00+00:00,24.1815,13.3815,4.7000003,4.7000003,6.0
349,2022-10-25 21:00:00+00:00,25.981499,13.981501,2.1,2.1,8.0
350,2022-10-26 21:00:00+00:00,25.4315,11.1315,0.0,0.0,0.0
351,2022-10-27 21:00:00+00:00,26.6315,11.5815,0.0,0.0,0.0
352,2022-10-28 21:00:00+00:00,25.481499,11.4315,0.0,0.0,0.0
353,2022-10-29 21:00:00+00:00,26.1315,9.781501,0.0,0.0,0.0
354,2022-10-30 21:00:00+00:00,26.4315,9.281501,0.0,0.0,0.0
355,2022-10-31 21:00:00+00:00,26.731499,12.531501,0.0,0.0,0.0
356,2022-11-01 21:00:00+00:00,27.1315,12.481501,0.0,0.0,0.0
357,2022-11-02 21:00:00+00:00,25.731499,12.8815,1.0,1.0,7.0
358,2022-11-03 21:00:00+00:00,27.8315,12.4315,0.0,0.0,0.0
359,2022-11-04 21:00:00+00:00,26.231499,11.031501,0.0,0.0,0.0
360,2022-11-05 21:00:00+00:00,27.1815,13.531501,0.0,0.0,0.0
361,2022-11-06 21:00:00+00:00,27.1315,11.481501,0.0,0.0,0.0
362,2022-11-07 21:00:00+00:00,24.2815,13.8815,1.1,1.1,6.0
363,2022-11-08 21:00:00+00:00,23.6815,12.9315,2.3000004,2.3000004,10.0
364,2022-11-09 21:00:00+00:00,23.481499,13.6315,1.0,1.0,7.0
365,2022-11-10 21:00:00+00:00,23.2815,11.9315,1.3000001,1.3000001,7.0
366,2022-11-11 21:00:00+00:00,24.5315,11.9315,0.0,0.0,0.0
367,2022-11-12 21:00:00+00:00,24.1815,13.6315,0.0,0.0,0.0
368,2022-11-13 21:00:00+00:00,25.731499,10.1315,0.0,0.0,0.0
369,2022-11-14 21:00:00+00:00,24.731499,12.5815,0.0,0.0,0.0
370,2022-11-15 21:00:00+00:00,24.6315,11.531501,0.0,0.0,0.0
371,2022-11-16 21:00:00+00:00,26.3815,9.531501,0.0,0.0,0.0
372,2022-11-17 21:00:00+00:00,25.6315,12.781501,0.0,0.0,0.0
373,2022-11-18 21:00:00+00:00,26.231499,11.781501,0.0,0.0,0.0
374,2022-11-19 21:00:00+00:00,25.8815,12.731501,0.0,0.0,0.0
375,2022-11-20 21:00:00+00:00,25.3815,13.1815,0.0,0.0,0.0
376,2022-11-21 21:00:00+00:00,26.0815,13.4315,0.0,0.0,0.0
377,2022-11-22 21:00:00+00:00,24.0815,11.3815,0.0,0.0,0.0
378,2022-11-23 21:00:00+00:00,24.2815,12.6815,0.0,0.0,0.0
379,2022-11-24 21:00:00+00:00,23.481499,11.731501,0.2,0.2,2.0
380,2022-11-25 21:00:00+00:00,21.3315,13.6315,0.70000005,0.70000005,3.0
381,2022-11-26 21:00:00+00:00,25.2815,10.3815,0.0,0.0,0.0
382,2022-11-27 21:00:00+00:00,25.4315,11.981501,0.0,0.0,0.0
383,2022-11-28 21:00:00+00:00,25.3315,12.531501,0.0,0.0,0.0
384,2022-11-29 21:00:00+00:00,25.3315,12.3815,0.0,0.0,0.0
385,2022-11-30 21:00:00+00:00,24.6315,12.231501,0.0,0.0,0.0
386,2022-12-01 21:00:00+00:00,25.9315,12.981501,0.0,0.0,0.0
387,2022-12-02 21:00:00+00:00,26.2815,11.5815,0.0,0.0,0.0
388,2022-12-03 21:00:00+00:00,25.7815,12.481501,0.0,0.0,0.0
389,2022-12-04 21:00:00+00:00,25.481499,13.031501,0.0,0.0,0.0
390,2022-12-05 21:00:00+00:00,26.2815,11.6315,0.0,0.0,0.0
391,2022-12-06 21:00:00+00:00,26.1315,14.3815,0.0,0.0,0.0
392,2022-12-07 21:00:00+00:00,26.7815,10.9315,0.0,0.0,0.0
393,2022-12-08 21:00:00+00:00,24.8815,14.5815,0.0,0.0,0.0
394,2022-12-09 21:00:00+00:00,25.5815,13.5815,0.0,0.0,0.0
395,2022-12-10 21:00:00+00:00,27.1815,10.781501,0.0,0.0,0.0
396,2022-12-11 21:00:00+00:00,27.1315,11.781501,0.0,0.0,0.0
397,2022-12-12 21:00:00+00:00,23.8815,11.3815,0.0,0.0,0.0
398,2022-12-13 21:00:00+00:00,24.1815,11.781501,0.0,0.0,0.0
399,2022-12-14 21:00:00+00:00,23.1815,11.281501,0.0,0.0,0.0
400,2022-12-15 21:00:00+00:00,23.8815,14.4315,0.0,0.0,0.0
401,2022-12-16 21:00:00+00:00,24.231499,14.4315,0.0,0.0,0.0
402,2022-12-17 21:00:00+00:00,23.3315,11.781501,0.0,0.0,0.0
403,2022-12-18 21:00:00+00:00,23.5815,13.281501,0.0,0.0,0.0
404,2022-12-19 21:00:00+00:00,24.5815,13.481501,0.0,0.0,0.0
405,2022-12-20 21:00:00+00:00,25.3315,12.231501,0.0,0.0,0.0
406,2022-12-21 21:00:00+00:00,24.8315,11.8815,0.0,0.0,0.0
407,2022-12-22 21:00:00+00:00,24.3815,12.781501,0.1,0.1,1.0
408,2022-12-23 21:00:00+00:00,23.1315,12.731501,0.4,0.4,2.0
409,2022-12-24 21:00:00+00:00,22.8815,11.981501,1.6999999,1.6999999,6.0
410,2022-12-25 21:00:00+00:00,25.4315,12.3315,0.1,0.1,1.0
411,2022-12-26 21:00:00+00:00,24.7815,13.8815,0.1,0.1,1.0
412,2022-12-27 21:00:00+00:00,24.481499,13.4315,0.2,0.2,2.0
413,2022-12-28 21:00:00+00:00,25.5315,11.9315,0.0,0.0,0.0
414,2022-12-29 21:00:00+00:00,24.2815,10.781501,0.0,0.0,0.0
415,2022-12-30 21:00:00+00:00,25.231499,11.1815,0.0,0.0,0.0
416,2022-12-31 21:00:00+00:00,22.5315,11.6315,3.8999996,3.8999996,10.0
417,2023-01-01 21:00:00+00:00,25.0315,11.6315,0.0,0.0,0.0
418,2023-01-02 21:00:00+00:00,25.4315,10.8815,0.3,0.3,1.0
419,2023-01-03 21:00:00+00:00,25.5315,10.1315,0.0,0.0,0.0
420,2023-01-04 21:00:00+00:00,25.5315,10.3815,0.0,0.0,0.0
421,2023-01-05 21:00:00+00:00,25.7815,11.0815,0.0,0.0,0.0
422,2023-01-06 21:00:00+00:00,25.0315,13.281501,0.0,0.0,0.0
423,2023-01-07 21:00:00+00:00,26.8315,12.731501,0.0,0.0,0.0
424,2023-01-08 21:00:00+00:00,26.3315,11.6815,0.0,0.0,0.0
425,2023-01-09 21:00:00+00:00,26.3815,12.281501,0.2,0.2,1.0
426,2023-01-10 21:00:00+00:00,24.2815,14.281501,0.0,0.0,0.0
427,2023-01-11 21:00:00+00:00,25.0815,12.981501,0.0,0.0,0.0
428,2023-01-12 21:00:00+00:00,25.231499,9.781501,0.0,0.0,0.0
429,2023-01-13 21:00:00+00:00,25.1815,10.981501,0.0,0.0,0.0
430,2023-01-14 21:00:00+00:00,24.9315,9.781501,0.0,0.0,0.0
431,2023-01-15 21:00:00+00:00,24.0815,12.3815,0.0,0.0,0.0
432,2023-01-16 21:00:00+00:00,25.6815,11.981501,0.0,0.0,0.0
433,2023-01-17 21:00:00+00:00,23.8315,13.4315,0.0,0.0,0.0
434,2023-01-18 21:00:00+00:00,23.8815,11.481501,0.0,0.0,0.0
435,2023-01-19 21:00:00+00:00,26.0315,9.031501,0.0,0.0,0.0
436,2023-01-20 21:00:00+00:00,25.2815,11.031501,0.0,0.0,0.0
437,2023-01-21 21:00:00+00:00,26.3815,12.781501,0.0,0.0,0.0
438,2023-01-22 21:00:00+00:00,26.3815,11.0815,0.0,0.0,0.0
439,2023-01-23 21:00:00+00:00,26.1815,14.231501,0.0,0.0,0.0
440,2023-01-24 21:00:00+00:00,26.6815,12.6815,0.0,0.0,0.0
441,2023-01-25 21:00:00+00:00,25.3315,12.3315,0.0,0.0,0.0
442,2023-01-26 21:00:00+00:00,26.6815,13.031501,0.0,0.0,0.0
443,2023-01-27 21:00:00+00:00,26.0815,13.0815,0.0,0.0,0.0
444,2023-01-28 21:00:00+00:00,24.8315,13.5815,0.0,0.0,0.0
445,2023-01-29 21:00:00+00:00,26.3315,12.281501,0.0,0.0,0.0
446,2023-01-30 21:00:00+00:00,27.0315,11.4315,0.0,0.0,0.0
447,2023-01-31 21:00:00+00:00,26.981499,12.531501,0.0,0.0,0.0
448,2023-02-01 21:00:00+00:00,25.8815,11.1815,0.0,0.0,0.0
449,2023-02-02 21:00:00+00:00,25.981499,14.281501,0.0,0.0,0.0
450,2023-02-03 21:00:00+00:00,25.5815,14.1815,0.0,0.0,0.0
451,2023-02-04 21:00:00+00:00,25.1315,13.531501,0.0,0.0,0.0
452,2023-02-05 21:00:00+00:00,24.7815,13.981501,0.0,0.0,0.0
453,2023-02-06 21:00:00+00:00,28.0315,14.1815,0.0,0.0,0.0
454,2023-02-07 21:00:00+00:00,24.8815,14.0815,0.0,0.0,0.0
455,2023-02-08 21:00:00+00:00,26.1815,13.8315,0.0,0.0,0.0
456,2023-02-09 21:00:00+00:00,28.4315,13.1315,0.0,0.0,0.0
457,2023-02-10 21:00:00+00:00,28.2815,12.531501,0.0,0.0,0.0
458,2023-02-11 21:00:00+00:00,29.2815,12.1315,0.0,0.0,0.0
459,2023-02-12 21:00:00+00:00,25.9315,12.0815,0.0,0.0,0.0
460,2023-02-13 21:00:00+00:00,26.5315,12.6315,0.0,0.0,0.0
461,2023-02-14 21:00:00+00:00,27.0815,13.531501,0.0,0.0,0.0
462,2023-02-15 21:00:00+00:00,23.7815,12.1815,0.0,0.0,0.0
463,2023-02-16 21:00:00+00:00,27.4315,12.981501,0.0,0.0,0.0
464,2023-02-17 21:00:00+00:00,27.5815,12.731501,0.0,0.0,0.0
465,2023-02-18 21:00:00+00:00,26.1815,12.5815,0.0,0.0,0.0
466,2023-02-19 21:00:00+00:00,26.0815,10.0815,0.0,0.0,0.0
467,2023-02-20 21:00:00+00:00,27.7815,9.6315,0.0,0.0,0.0
468,2023-02-21 21:00:00+00:00,27.8815,14.9315,0.0,0.0,0.0
469,2023-02-22 21:00:00+00:00,28.5815,13.6815,0.0,0.0,0.0
470,2023-02-23 21:00:00+00:00,26.731499,14.4315,0.1,0.1,1.0
471,2023-02-24 21:00:00+00:00,26.2815,15.5815,0.3,0.3,2.0
472,2023-02-25 21:00:00+00:00,27.7815,16.981499,0.0,0.0,0.0
473,2023-02-26 21:00:00+00:00,27.5315,14.981501,0.1,0.1,1.0
474,2023-02-27 21:00:00+00:00,26.6815,14.1315,1.0,1.0,4.0
475,2023-02-28 21:00:00+00:00,26.3315,13.8815,0.0,0.0,0.0
476,2023-03-01 21:00:00+00:00,26.1815,15.0815,0.0,0.0,0.0
477,2023-03-02 21:00:00+00:00,25.4315,14.781501,0.2,0.2,2.0
478,2023-03-03 21:00:00+00:00,27.0315,14.4315,0.0,0.0,0.0
479,2023-03-04 21:00:00+00:00,25.7815,14.9315,0.0,0.0,0.0
480,2023-03-05 21:00:00+00:00,28.6315,13.781501,0.0,0.0,0.0
481,2023-03-06 21:00:00+00:00,27.9315,13.1315,0.0,0.0,0.0
482,2023-03-07 21:00:00+00:00,27.6815,14.1315,0.0,0.0,0.0
483,2023-03-08 21:00:00+00:00,27.731499,14.3315,0.0,0.0,0.0
484,2023-03-09 21:00:00+00:00,24.7815,15.481501,0.1,0.1,1.0
485,2023-03-10 21:00:00+00:00,26.8315,14.1815,0.0,0.0,0.0
486,2023-03-11 21:00:00+00:00,25.8815,16.3815,1.0,1.0,4.0
487,2023-03-12 21:00:00+00:00,24.981499,15.281501,5.5,5.5,12.0
488,2023-03-13 21:00:00+00:00,22.0315,14.031501,6.6,6.6,14.0
489,2023-03-14 21:00:00+00:00,23.8315,14.5815,5.3,5.3,9.0
490,2023-03-15 21:00:00+00:00,21.5815,13.8315,26.1,26.1,15.0
491,2023-03-16 21:00:00+00:00,21.6815,12.281501,4.7,4.7,8.0
492,2023-03-17 21:00:00+00:00,21.4315,13.281501,20.7,20.7,13.0
493,2023-03-18 21:00:00+00:00,22.481499,13.1315,6.1,6.1,5.0
494,2023-03-19 21:00:00+00:00,23.0315,13.781501,0.2,0.2,2.0
495,2023-03-20 21:00:00+00:00,22.1315,13.6815,3.6,3.6,8.0
496,2023-03-21 21:00:00+00:00,21.7815,13.481501,2.1999998,2.1999998,8.0
497,2023-03-22 21:00:00+00:00,20.3315,13.481501,4.1,4.1,11.0
498,2023-03-23 21:00:00+00:00,22.8815,13.281501,0.1,0.1,1.0
499,2023-03-24 21:00:00+00:00,23.6815,13.531501,4.1,4.1,6.0
500,2023-03-25 21:00:00+00:00,20.0815,13.8315,2.5,2.5,8.0
501,2023-03-26 21:00:00+00:00,22.7815,14.281501,1.4000001,1.4000001,7.0
502,2023-03-27 21:00:00+00:00,23.1815,14.1315,27.6,27.6,7.0
503,2023-03-28 21:00:00+00:00,21.8315,13.281501,9.400002,9.400002,18.0
504,2023-03-29 21:00:00+00:00,23.731499,13.6315,3.1999993,3.1999993,10.0
505,2023-03-30 21:00:00+00:00,22.5815,13.8315,3.5,3.5,8.0
506,2023-03-31 21:00:00+00:00,23.2815,12.8815,7.5,7.5,10.0
507,2023-04-01 21:00:00+00:00,23.9315,13.6815,7.7999997,7.7999997,5.0
508,2023-04-02 21:00:00+00:00,23.2815,14.231501,10.6,10.6,9.0
509,2023-04-03 21:00:00+00:00,22.6815,13.1815,3.6,3.6,9.0
510,2023-04-04 21:00:00+00:00,21.731499,13.9315,7.1,7.1,9.0
511,2023-04-05 21:00:00+00:00,22.8815,14.531501,1.8000002,1.8000002,10.0
512,2023-04-06 21:00:00+00:00,22.4315,13.0815,2.7999997,2.7999997,14.0
513,2023-04-07 21:00:00+00:00,21.981499,14.1815,1.3000001,1.3000001,9.0
514,2023-04-08 21:00:00+00:00,23.8815,13.3315,0.3,0.3,3.0
515,2023-04-09 21:00:00+00:00,23.4315,13.8315,0.3,0.3,3.0
516,2023-04-10 21:00:00+00:00,23.3315,13.8815,1.4000001,1.4000001,8.0
517,2023-04-11 21:00:00+00:00,23.8315,13.0815,0.0,0.0,0.0
518,2023-04-12 21:00:00+00:00,23.3815,13.5815,6.1,6.1,8.0
519,2023-04-13 21:00:00+00:00,22.2815,13.281501,3.1999998,3.1999998,3.0
520,2023-04-14 21:00:00+00:00,23.1315,13.281501,3.1,3.1,7.0
521,2023-04-15 21:00:00+00:00,23.4315,12.8815,1.8000001,1.8000001,10.0
522,2023-04-16 21:00:00+00:00,23.8315,13.4315,11.800001,11.800001,9.0
523,2023-04-17 21:00:00+00:00,23.231499,12.981501,3.1,3.1,9.0
524,2023-04-18 21:00:00+00:00,22.8315,12.9315,1.0000001,1.0000001,7.0
525,2023-04-19 21:00:00+00:00,23.9315,14.0815,0.8,0.8,6.0
526,2023-04-20 21:00:00+00:00,23.5815,13.731501,1.4000001,1.4000001,10.0
527,2023-04-21 21:00:00+00:00,24.5315,14.231501,13.6,13.6,8.0
528,2023-04-22 21:00:00+00:00,22.9315,14.9315,1.3000001,1.3000001,5.0
529,2023-04-23 21:00:00+00:00,24.5315,13.0815,0.0,0.0,0.0
530,2023-04-24 21:00:00+00:00,22.1815,13.8815,1.8,1.8,4.0
531,2023-04-25 21:00:00+00:00,24.231499,14.0815,0.70000005,0.70000005,3.0
532,2023-04-26 21:00:00+00:00,23.6815,14.031501,19.599998,19.599998,10.0
533,2023-04-27 21:00:00+00:00,23.2815,14.231501,7.0,7.0,8.0
534,2023-04-28 21:00:00+00:00,24.0815,13.3315,12.599999,12.599999,14.0
535,2023-04-29 21:00:00+00:00,23.4315,14.4315,8.9,8.9,20.0
536,2023-04-30 21:00:00+00:00,22.8815,13.731501,6.2,6.2,9.0
537,2023-05-01 21:00:00+00:00,23.6315,13.981501,11.7,11.7,6.0
538,2023-05-02 21:00:00+00:00,23.231499,13.8815,1.7,1.7,6.0
539,2023-05-03 21:00:00+00:00,23.3815,13.981501,13.5,13.5,7.0
540,2023-05-04 21:00:00+00:00,23.3815,13.5815,1.9000001,1.9000001,5.0
541,2023-05-05 21:00:00+00:00,23.1815,15.881501,10.8,10.8,5.0
542,2023-05-06 21:00:00+00:00,23.6315,15.1315,5.9999995,5.9999995,8.0
543,2023-05-07 21:00:00+00:00,24.3815,13.731501,2.5,2.5,9.0
544,2023-05-08 21:00:00+00:00,22.981499,13.6315,2.6,2.6,9.0
545,2023-05-09 21:00:00+00:00,22.3815,14.3315,1.7,1.7,9.0
546,2023-05-10 21:00:00+00:00,23.3315,14.3815,3.5,3.5,8.0
547,2023-05-11 21:00:00+00:00,25.1315,14.3315,1.7000002,1.7000002,8.0
548,2023-05-12 21:00:00+00:00,25.2815,14.731501,0.5,0.5,3.0
549,2023-05-13 21:00:00+00:00,26.0315,15.9815,6.9,6.9,5.0
550,2023-05-14 21:00:00+00:00,24.0315,14.781501,3.4,3.4,5.0
551,2023-05-15 21:00:00+00:00,23.8315,14.9315,2.7000003,2.7000003,7.0
552,2023-05-16 21:00:00+00:00,24.0315,14.531501,6.8999996,6.8999996,6.0
553,2023-05-17 21:00:00+00:00,24.1815,14.4315,0.3,0.3,3.0
554,2023-05-18 21:00:00+00:00,23.7815,14.8815,0.6,0.6,5.0
555,2023-05-19 21:00:00+00:00,24.481499,15.6315,3.0,3.0,2.0
556,2023-05-20 21:00:00+00:00,23.9315,14.4315,19.500002,19.500002,9.0
557,2023-05-21 21:00:00+00:00,23.1815,14.231501,6.3,6.3,8.0
558,2023-05-22 21:00:00+00:00,23.0315,14.6815,12.599999,12.599999,6.0
559,2023-05-23 21:00:00+00:00,23.0815,14.9315,16.6,16.6,12.0
560,2023-05-24 21:00:00+00:00,22.9315,14.031501,1.9,1.9,8.0
561,2023-05-25 21:00:00+00:00,23.5815,14.6315,2.6,2.6,12.0
562,2023-05-26 21:00:00+00:00,20.7815,15.231501,5.7,5.7,22.0
563,2023-05-27 21:00:00+00:00,21.5315,14.481501,1.2,1.2,9.0
564,2023-05-28 21:00:00+00:00,23.1315,14.9315,0.8,0.8,6.0
565,2023-05-29 21:00:00+00:00,22.231499,13.231501,0.90000004,0.90000004,5.0
566,2023-05-30 21:00:00+00:00,23.0315,14.6315,3.7000003,3.7000003,11.0
567,2023-05-31 21:00:00+00:00,21.6315,14.481501,2.5,2.5,8.0
568,2023-06-01 21:00:00+00:00,22.1315,14.0815,6.7000003,6.7000003,10.0
569,2023-06-02 21:00:00+00:00,22.2815,13.6315,1.6000001,1.6000001,9.0
570,2023-06-03 21:00:00+00:00,22.5315,13.731501,3.4,3.4,9.0
571,2023-06-04 21:00:00+00:00,23.0315,14.281501,3.7999997,3.7999997,9.0
572,2023-06-05 21:00:00+00:00,23.231499,13.731501,1.0,1.0,5.0
573,2023-06-06 21:00:00+00:00,22.8315,13.8815,1.4000001,1.4000001,5.0
574,2023-06-07 21:00:00+00:00,25.481499,14.1815,0.6,0.6,4.0
575,2023-06-08 21:00:00+00:00,23.5315,14.3815,0.90000004,0.90000004,5.0
576,2023-06-09 21:00:00+00:00,22.1315,14.3315,12.8,12.8,7.0
577,2023-06-10 21:00:00+00:00,23.481499,13.481501,4.1,4.1,1.0
578,2023-06-11 21:00:00+00:00,24.5815,15.031501,0.1,0.1,1.0
579,2023-06-12 21:00:00+00:00,23.5315,14.481501,4.6,4.6,10.0
580,2023-06-13 21:00:00+00:00,23.5815,14.5815,0.6,0.6,2.0
581,2023-06-14 21:00:00+00:00,23.0315,13.781501,0.7,0.7,2.0
582,2023-06-15 21:00:00+00:00,26.1815,14.3815,0.0,0.0,0.0
583,2023-06-16 21:00:00+00:00,24.1315,14.1315,0.6,0.6,2.0
584,2023-06-17 21:00:00+00:00,22.6315,14.3315,1.4,1.4,5.0
585,2023-06-18 21:00:00+00:00,24.231499,12.8815,4.3,4.3,2.0
586,2023-06-19 21:00:00+00:00,25.8815,13.5815,0.0,0.0,0.0
587,2023-06-20 21:00:00+00:00,23.481499,13.1315,1.0,1.0,2.0
588,2023-06-21 21:00:00+00:00,22.9315,13.981501,0.0,0.0,0.0
589,2023-06-22 21:00:00+00:00,22.4315,15.1815,0.8,0.8,5.0
590,2023-06-23 21:00:00+00:00,23.4315,14.981501,0.3,0.3,1.0
591,2023-06-24 21:00:00+00:00,25.731499,13.1315,0.0,0.0,0.0
592,2023-06-25 21:00:00+00:00,24.481499,13.531501,0.0,0.0,0.0
593,2023-06-26 21:00:00+00:00,23.6315,13.6815,0.1,0.1,1.0
594,2023-06-27 21:00:00+00:00,24.481499,14.281501,1.5,1.5,1.0
595,2023-06-28 21:00:00+00:00,24.481499,15.281501,0.3,0.3,2.0
596,2023-06-29 21:00:00+00:00,19.5315,14.731501,3.5,3.5,18.0
597,2023-06-30 21:00:00+00:00,20.8815,14.8315,2.3000002,2.3000002,14.0
598,2023-07-01 21:00:00+00:00,19.4315,14.0815,4.7000003,4.7000003,17.0
599,2023-07-02 21:00:00+00:00,20.8815,13.981501,5.7000003,5.7000003,14.0
600,2023-07-03 21:00:00+00:00,20.981499,13.981501,1.9000002,1.9000002,11.0
601,2023-07-04 21:00:00+00:00,23.2815,12.3315,1.1,1.1,1.0
602,2023-07-05 21:00:00+00:00,23.0815,13.231501,0.2,0.2,2.0
603,2023-07-06 21:00:00+00:00,19.2815,14.0815,0.70000005,0.70000005,5.0
604,2023-07-07 21:00:00+00:00,22.6315,13.731501,0.1,0.1,1.0
605,2023-07-08 21:00:00+00:00,24.0315,12.031501,0.1,0.1,1.0
606,2023-07-09 21:00:00+00:00,23.981499,13.731501,1.1,1.1,3.0
607,2023-07-10 21:00:00+00:00,24.2815,14.731501,6.1,6.1,5.0
608,2023-07-11 21:00:00+00:00,24.8815,15.031501,9.3,9.3,7.0
609,2023-07-12 21:00:00+00:00,24.1315,13.3315,2.0,2.0,4.0
610,2023-07-13 21:00:00+00:00,23.1815,13.481501,0.0,0.0,0.0
611,2023-07-14 21:00:00+00:00,22.8315,14.3815,0.0,0.0,0.0
612,2023-07-15 21:00:00+00:00,22.231499,13.781501,0.7,0.7,4.0
613,2023-07-16 21:00:00+00:00,23.731499,13.6815,0.0,0.0,0.0
614,2023-07-17 21:00:00+00:00,24.1815,14.031501,1.5,1.5,9.0
615,2023-07-18 21:00:00+00:00,25.3815,12.8815,0.0,0.0,0.0
616,2023-07-19 21:00:00+00:00,26.231499,13.6315,0.6,0.6,2.0
617,2023-07-20 21:00:00+00:00,23.5315,14.3815,1.0,1.0,4.0
618,2023-07-21 21:00:00+00:00,24.2815,14.281501,0.6,0.6,1.0
619,2023-07-22 21:00:00+00:00,23.5815,14.1815,0.0,0.0,0.0
620,2023-07-23 21:00:00+00:00,23.8815,14.4315,2.8999999,2.8999999,6.0
621,2023-07-24 21:00:00+00:00,24.231499,14.3815,0.0,0.0,0.0
622,2023-07-25 21:00:00+00:00,22.9315,15.1315,0.2,0.2,2.0
623,2023-07-26 21:00:00+00:00,24.1815,13.481501,0.2,0.2,1.0
624,2023-07-27 21:00:00+00:00,25.0315,14.8815,6.4999995,6.4999995,12.0
625,2023-07-28 21:00:00+00:00,22.7815,13.6315,1.8000002,1.8000002,10.0
626,2023-07-29 21:00:00+00:00,25.231499,13.731501,0.4,0.4,2.0
627,2023-07-30 21:00:00+00:00,23.7815,15.281501,2.0,2.0,7.0
628,2023-07-31 21:00:00+00:00,23.731499,15.1315,2.8000002,2.8000002,12.0
629,2023-08-01 21:00:00+00:00,21.5815,14.781501,2.2999997,2.2999997,12.0
630,2023-08-02 21:00:00+00:00,20.231499,13.8815,1.7000002,1.7000002,9.0
631,2023-08-03 21:00:00+00:00,25.0315,12.1815,0.0,0.0,0.0
632,2023-08-04 21:00:00+00:00,24.481499,14.1315,2.6,2.6,3.0
633,2023-08-05 21:00:00+00:00,24.231499,13.031501,0.1,0.1,1.0
634,2023-08-06 21:00:00+00:00,25.1315,12.231501,2.8999999,2.8999999,4.0
635,2023-08-07 21:00:00+00:00,25.481499,13.731501,2.3,2.3,4.0
636,2023-08-08 21:00:00+00:00,24.2815,14.9315,16.3,16.3,12.0
637,2023-08-09 21:00:00+00:00,24.7815,14.981501,2.0,2.0,6.0
638,2023-08-10 21:00:00+00:00,24.5815,13.281501,0.1,0.1,1.0
639,2023-08-11 21:00:00+00:00,24.231499,13.781501,0.0,0.0,0.0
640,2023-08-12 21:00:00+00:00,24.5315,14.531501,0.0,0.0,0.0
641,2023-08-13 21:00:00+00:00,26.0315,13.1815,0.0,0.0,0.0
642,2023-08-14 21:00:00+00:00,27.231499,13.9315,0.0,0.0,0.0
643,2023-08-15 21:00:00+00:00,24.4315,14.8315,0.4,0.4,3.0
644,2023-08-16 21:00:00+00:00,25.4315,14.4315,0.2,0.2,2.0
645,2023-08-17 21:00:00+00:00,25.1815,13.781501,0.0,0.0,0.0
646,2023-08-18 21:00:00+00:00,26.6315,14.0815,0.0,0.0,0.0
647,2023-08-19 21:00:00+00:00,26.3815,14.9315,0.0,0.0,0.0
648,2023-08-20 21:00:00+00:00,26.2815,15.3315,0.0,0.0,0.0
649,2023-08-21 21:00:00+00:00,24.981499,15.231501,3.1999998,3.1999998,9.0
650,2023-08-22 21:00:00+00:00,24.2815,14.781501,2.6000001,2.6000001,9.0
651,2023-08-23 21:00:00+00:00,25.5315,13.9315,2.3000002,2.3000002,6.0
652,2023-08-24 21:00:00+00:00,25.5315,14.781501,0.2,0.2,1.0
653,2023-08-25 21:00:00+00:00,26.1815,13.6815,0.0,0.0,0.0
654,2023-08-26 21:00:00+00:00,26.7815,13.8315,0.0,0.0,0.0
655,2023-08-27 21:00:00+00:00,26.0315,14.031501,0.1,0.1,1.0
656,2023-08-28 21:00:00+00:00,25.5315,14.731501,2.2,2.2,6.0
657,2023-08-29 21:00:00+00:00,24.481499,14.5815,0.2,0.2,2.0
658,2023-08-30 21:00:00+00:00,24.981499,13.6815,0.8000001,0.8000001,5.0
659,2023-08-31 21:00:00+00:00,25.1315,13.981501,3.6,3.6,5.0
660,2023-09-01 21:00:00+00:00,24.981499,13.9315,0.3,0.3,3.0
661,2023-09-02 21:00:00+00:00,25.2815,16.6315,1.6,1.6,8.0
662,2023-09-03 21:00:00+00:00,25.8315,14.5815,0.3,0.3,3.0
663,2023-09-04 21:00:00+00:00,26.0315,14.1315,0.1,0.1,1.0
664,2023-09-05 21:00:00+00:00,26.981499,15.3815,0.0,0.0,0.0
665,2023-09-06 21:00:00+00:00,25.731499,13.531501,5.0,5.0,6.0
666,2023-09-07 21:00:00+00:00,22.0815,13.731501,6.3999996,6.3999996,9.0
667,2023-09-08 21:00:00+00:00,24.8315,14.281501,1.9,1.9,9.0
668,2023-09-09 21:00:00+00:00,23.4315,14.781501,0.70000005,0.70000005,5.0
669,2023-09-10 21:00:00+00:00,24.4315,14.3815,0.0,0.0,0.0
670,2023-09-11 21:00:00+00:00,25.5315,14.731501,0.2,0.2,2.0
671,2023-09-12 21:00:00+00:00,24.981499,15.3815,3.8,3.8,4.0
672,2023-09-13 21:00:00+00:00,22.731499,14.481501,2.4,2.4,13.0
673,2023-09-14 21:00:00+00:00,23.4315,14.481501,8.8,8.8,6.0
674,2023-09-15 21:00:00+00:00,23.5815,14.1815,1.6,1.6,9.0
675,2023-09-16 21:00:00+00:00,24.7815,14.781501,1.4000001,1.4000001,7.0
676,2023-09-17 21:00:00+00:00,25.6815,15.231501,4.7999997,4.7999997,5.0
677,2023-09-18 21:00:00+00:00,25.3815,14.781501,2.7,2.7,3.0
678,2023-09-19 21:00:00+00:00,25.6815,13.781501,6.0,6.0,4.0
679,2023-09-20 21:00:00+00:00,24.5315,13.6815,0.6,0.6,3.0
680,2023-09-21 21:00:00+00:00,24.4315,14.8315,3.5,3.5,9.0
681,2023-09-22 21:00:00+00:00,23.1815,13.731501,5.7,5.7,11.0
682,2023-09-23 21:00:00+00:00,21.8815,14.9315,5.0999994,5.0999994,18.0
683,2023-09-24 21:00:00+00:00,22.8315,14.531501,3.3000002,3.3000002,7.0
684,2023-09-25 21:00:00+00:00,24.6315,14.731501,17.2,17.2,6.0
685,2023-09-26 21:00:00+00:00,23.3815,13.1815,9.5,9.5,7.0
686,2023-09-27 21:00:00+00:00,23.3315,14.9315,15.3,15.3,7.0
687,2023-09-28 21:00:00+00:00,24.1815,14.5815,1.2000002,1.2000002,7.0
688,2023-09-29 21:00:00+00:00,24.7815,12.8315,0.8,0.8,6.0
689,2023-09-30 21:00:00+00:00,26.6315,12.1815,0.3,0.3,2.0
690,2023-10-01 21:00:00+00:00,25.6815,14.731501,0.0,0.0,0.0
691,2023-10-02 21:00:00+00:00,23.481499,14.031501,0.6,0.6,6.0
692,2023-10-03 21:00:00+00:00,26.6315,12.4315,0.0,0.0,0.0
693,2023-10-04 21:00:00+00:00,26.8315,11.6815,0.0,0.0,0.0
694,2023-10-05 21:00:00+00:00,25.8815,13.0815,0.0,0.0,0.0
695,2023-10-06 21:00:00+00:00,25.0315,12.6315,0.2,0.2,2.0
696,2023-10-07 21:00:00+00:00,27.9315,16.0815,0.0,0.0,0.0
697,2023-10-08 21:00:00+00:00,26.6815,13.781501,0.0,0.0,0.0
698,2023-10-09 21:00:00+00:00,27.8815,13.9315,0.0,0.0,0.0
699,2023-10-10 21:00:00+00:00,27.8315,14.231501,0.0,0.0,0.0
700,2023-10-11 21:00:00+00:00,27.1315,14.4315,0.3,0.3,2.0
701,2023-10-12 21:00:00+00:00,26.0815,13.281501,0.0,0.0,0.0
702,2023-10-13 21:00:00+00:00,27.7815,15.6315,0.0,0.0,0.0
703,2023-10-14 21:00:00+00:00,25.231499,13.731501,10.700001,10.700001,4.0
704,2023-10-15 21:00:00+00:00,26.3315,13.731501,1.5,1.5,2.0
705,2023-10-16 21:00:00+00:00,27.0815,12.781501,0.2,0.2,1.0
706,2023-10-17 21:00:00+00:00,28.1815,12.031501,0.1,0.1,1.0
707,2023-10-18 21:00:00+00:00,26.5815,13.9315,3.3,3.3,10.0
708,2023-10-19 21:00:00+00:00,24.7815,14.6315,2.8000002,2.8000002,12.0
709,2023-10-20 21:00:00+00:00,26.231499,12.8315,0.0,0.0,0.0
710,2023-10-21 21:00:00+00:00,26.1315,12.4315,0.0,0.0,0.0
711,2023-10-22 21:00:00+00:00,27.231499,13.3815,0.0,0.0,0.0
712,2023-10-23 21:00:00+00:00,26.0815,13.481501,2.2,2.2,9.0
713,2023-10-24 21:00:00+00:00,24.4315,13.5815,3.2000003,3.2000003,12.0
714,2023-10-25 21:00:00+00:00,21.731499,14.981501,3.6,3.6,13.0
715,2023-10-26 21:00:00+00:00,23.481499,13.531501,13.999999,13.999999,8.0
716,2023-10-27 21:00:00+00:00,22.5815,13.1815,3.6,3.6,10.0
717,2023-10-28 21:00:00+00:00,22.7815,12.9315,8.7,8.7,10.0
718,2023-10-29 21:00:00+00:00,23.4315,14.4315,0.6,0.6,2.0
719,2023-10-30 21:00:00+00:00,22.7815,12.731501,2.5,2.5,8.0
720,2023-10-31 21:00:00+00:00,24.481499,11.6815,0.0,0.0,0.0
721,2023-11-01 21:00:00+00:00,23.8315,11.031501,1.0,1.0,4.0
722,2023-11-02 21:00:00+00:00,20.5315,13.981501,8.6,8.6,18.0
723,2023-11-03 21:00:00+00:00,20.4315,13.481501,8.2,8.2,6.0
724,2023-11-04 21:00:00+00:00,24.981499,11.6315,0.0,0.0,0.0
725,2023-11-05 21:00:00+00:00,24.6315,11.281501,0.0,0.0,0.0
726,2023-11-06 21:00:00+00:00,25.231499,11.5815,0.0,0.0,0.0
727,2023-11-07 21:00:00+00:00,24.481499,11.731501,0.0,0.0,0.0
728,2023-11-08 21:00:00+00:00,25.0315,10.8315,0.0,0.0,0.0
729,2023-11-09 21:00:00+00:00,25.2815,11.8315,0.0,0.0,0.0
730,2023-11-10 21:00:00+00:00,23.481499,11.8815,0.0,0.0,0.0
731,2023-11-11 21:00:00+00:00,24.4315,12.8315,1.0000001,1.0000001,6.0
732,2023-11-12 21:00:00+00:00,23.7815,13.031501,1.7,1.7,6.0
733,2023-11-13 21:00:00+00:00,25.731499,11.531501,0.0,0.0,0.0
734,2023-11-14 21:00:00+00:00,25.2815,12.6315,0.4,0.4,4.0
735,2023-11-15 21:00:00+00:00,25.1815,13.5815,1.8000001,1.8000001,8.0
736,2023-11-16 21:00:00+00:00,22.981499,14.031501,20.200003,20.200003,10.0
737,2023-11-17 21:00:00+00:00,22.1315,13.4315,10.2,10.2,11.0
738,2023-11-18 21:00:00+00:00,21.9315,13.231501,0.0,0.0,0.0
739,2023-11-19 21:00:00+00:00,23.8315,11.6815,0.0,0.0,0.0
740,2023-11-20 21:00:00+00:00,24.5815,12.6315,0.0,0.0,0.0
741,2023-11-21 21:00:00+00:00,24.5815,12.1315,0.0,0.0,0.0
742,2023-11-22 21:00:00+00:00,23.9315,9.8815,0.0,0.0,0.0
743,2023-11-23 21:00:00+00:00,25.0815,12.1815,0.0,0.0,0.0
744,2023-11-24 21:00:00+00:00,24.1815,12.731501,0.0,0.0,0.0
745,2023-11-25 21:00:00+00:00,23.981499,11.481501,0.0,0.0,0.0
746,2023-11-26 21:00:00+00:00,23.8815,11.6815,0.0,0.0,0.0
747,2023-11-27 21:00:00+00:00,23.3815,12.981501,0.0,0.0,0.0
748,2023-11-28 21:00:00+00:00,22.8315,11.6315,0.0,0.0,0.0
749,2023-11-29 21:00:00+00:00,23.4315,12.0815,0.0,0.0,0.0
750,2023-11-30 21:00:00+00:00,23.5315,11.531501,0.0,0.0,0.0
751,2023-12-01 21:00:00+00:00,24.0315,11.231501,0.0,0.0,0.0
752,2023-12-02 21:00:00+00:00,24.3315,11.531501,0.0,0.0,0.0
753,2023-12-03 21:00:00+00:00,24.3315,9.4315,0.0,0.0,0.0
754,2023-12-04 21:00:00+00:00,23.7815,10.731501,0.0,0.0,0.0
755,2023-12-05 21:00:00+00:00,25.0815,11.3315,0.0,0.0,0.0
756,2023-12-06 21:00:00+00:00,24.5815,13.4315,0.0,0.0,0.0
757,2023-12-07 21:00:00+00:00,24.3315,12.0815,0.0,0.0,0.0
758,2023-12-08 21:00:00+00:00,24.5315,11.731501,0.0,0.0,0.0
759,2023-12-09 21:00:00+00:00,23.4315,12.1315,0.0,0.0,0.0
760,2023-12-10 21:00:00+00:00,25.3315,11.8315,0.0,0.0,0.0
761,2023-12-11 21:00:00+00:00,25.9315,10.981501,0.0,0.0,0.0
762,2023-12-12 21:00:00+00:00,25.9315,12.6815,0.0,0.0,0.0
763,2023-12-13 21:00:00+00:00,23.231499,14.981501,0.0,0.0,0.0
764,2023-12-14 21:00:00+00:00,24.8315,13.3815,0.0,0.0,0.0
765,2023-12-15 21:00:00+00:00,23.6815,10.6815,0.0,0.0,0.0
766,2023-12-16 21:00:00+00:00,23.0815,13.4315,0.0,0.0,0.0
767,2023-12-17 21:00:00+00:00,24.231499,12.8815,0.0,0.0,0.0
768,2023-12-18 21:00:00+00:00,26.3315,10.6315,0.0,0.0,0.0
769,2023-12-19 21:00:00+00:00,26.481499,12.231501,0.0,0.0,0.0
770,2023-12-20 21:00:00+00:00,26.8815,14.031501,0.0,0.0,0.0
771,2023-12-21 21:00:00+00:00,27.0315,14.1815,0.0,0.0,0.0
772,2023-12-22 21:00:00+00:00,28.1315,13.5815,0.0,0.0,0.0
773,2023-12-23 21:00:00+00:00,26.8315,15.8315,0.1,0.1,1.0
774,2023-12-24 21:00:00+00:00,25.8815,12.8315,0.0,0.0,0.0
775,2023-12-25 21:00:00+00:00,26.4315,13.8815,0.0,0.0,0.0
776,2023-12-26 21:00:00+00:00,25.8315,10.4315,0.0,0.0,0.0
777,2023-12-27 21:00:00+00:00,25.5315,12.781501,0.1,0.1,1.0
778,2023-12-28 21:00:00+00:00,26.1315,13.8315,0.0,0.0,0.0
779,2023-12-29 21:00:00+00:00,24.2815,13.481501,0.2,0.2,1.0
780,2023-12-30 21:00:00+00:00,25.8315,14.481501,0.0,0.0,0.0
781,2023-12-31 21:00:00+00:00,26.4315,13.6815,0.0,0.0,0.0
782,2024-01-01 21:00:00+00:00,24.4315,12.6315,0.0,0.0,0.0
783,2024-01-02 21:00:00+00:00,24.231499,12.731501,0.0,0.0,0.0
784,2024-01-03 21:00:00+00:00,24.6315,13.031501,0.0,0.0,0.0
785,2024-01-04 21:00:00+00:00,26.5815,11.531501,0.0,0.0,0.0
786,2024-01-05 21:00:00+00:00,25.0815,12.031501,0.0,0.0,0.0
787,2024-01-06 21:00:00+00:00,24.5815,13.731501,0.0,0.0,0.0
788,2024-01-07 21:00:00+00:00,23.8815,13.231501,0.0,0.0,0.0
789,2024-01-08 21:00:00+00:00,22.7815,13.1315,0.0,0.0,0.0
790,2024-01-09 21:00:00+00:00,24.1815,12.5815,0.0,0.0,0.0
791,2024-01-10 21:00:00+00:00,25.481499,12.0815,0.0,0.0,0.0
792,2024-01-11 21:00:00+00:00,25.981499,12.781501,0.0,0.0,0.0
793,2024-01-12 21:00:00+00:00,25.7815,12.3315,0.0,0.0,0.0
794,2024-01-13 21:00:00+00:00,27.731499,11.9315,0.1,0.1,1.0
795,2024-01-14 21:00:00+00:00,26.9315,12.4315,0.0,0.0,0.0
796,2024-01-15 21:00:00+00:00,24.731499,14.031501,0.0,0.0,0.0
797,2024-01-16 21:00:00+00:00,27.1315,13.6815,0.0,0.0,0.0
798,2024-01-17 21:00:00+00:00,27.3315,15.231501,0.0,0.0,0.0
799,2024-01-18 21:00:00+00:00,27.231499,15.281501,0.0,0.0,0.0
800,2024-01-19 21:00:00+00:00,25.0315,15.1315,0.0,0.0,0.0
801,2024-01-20 21:00:00+00:00,25.0315,13.781501,0.0,0.0,0.0
802,2024-01-21 21:00:00+00:00,26.981499,12.0815,0.0,0.0,0.0
803,2024-01-22 21:00:00+00:00,26.3315,12.6815,0.0,0.0,0.0
804,2024-01-23 21:00:00+00:00,27.4315,13.781501,0.0,0.0,0.0
805,2024-01-24 21:00:00+00:00,29.231499,13.6315,0.0,0.0,0.0
806,2024-01-25 21:00:00+00:00,28.1315,14.3315,0.0,0.0,0.0
807,2024-01-26 21:00:00+00:00,27.7815,14.031501,0.0,0.0,0.0
808,2024-01-27 21:00:00+00:00,26.731499,15.231501,0.3,0.3,3.0
809,2024-01-28 21:00:00+00:00,26.0315,14.281501,0.6,0.6,5.0
810,2024-01-29 21:00:00+00:00,25.7815,14.531501,1.1,1.1,5.0
811,2024-01-30 21:00:00+00:00,27.731499,14.6315,0.0,0.0,0.0
812,2024-01-31 21:00:00+00:00,26.8315,14.3815,0.0,0.0,0.0
813,2024-02-01 21:00:00+00:00,28.6315,12.6315,0.0,0.0,0.0
814,2024-02-02 21:00:00+00:00,26.1815,13.781501,0.90000004,0.90000004,4.0
815,2024-02-03 21:00:00+00:00,24.5815,15.1315,2.1,2.1,7.0
816,2024-02-04 21:00:00+00:00,24.9315,14.3315,0.0,0.0,0.0
817,2024-02-05 21:00:00+00:00,25.8815,14.1315,0.0,0.0,0.0
818,2024-02-06 21:00:00+00:00,28.3315,12.6315,0.0,0.0,0.0
819,2024-02-07 21:00:00+00:00,27.2815,13.9315,0.0,0.0,0.0
820,2024-02-08 21:00:00+00:00,28.3315,14.1315,0.1,0.1,1.0
821,2024-02-09 21:00:00+00:00,28.0815,15.781501,0.6,0.6,3.0
822,2024-02-10 21:00:00+00:00,27.981499,14.1815,0.0,0.0,0.0
823,2024-02-11 21:00:00+00:00,27.0815,15.531501,0.0,0.0,0.0
824,2024-02-12 21:00:00+00:00,27.6315,14.6315,0.0,0.0,0.0
825,2024-02-13 21:00:00+00:00,27.2815,15.1815,0.0,0.0,0.0
826,2024-02-14 21:00:00+00:00,28.981499,15.531501,0.0,0.0,0.0
827,2024-02-15 21:00:00+00:00,28.5315,15.9315,0.0,0.0,0.0
828,2024-02-16 21:00:00+00:00,26.8815,15.231501,0.0,0.0,0.0
829,2024-02-17 21:00:00+00:00,27.981499,15.6815,0.0,0.0,0.0
830,2024-02-18 21:00:00+00:00,29.2815,16.0815,0.2,0.2,1.0
831,2024-02-19 21:00:00+00:00,26.6815,16.0315,0.1,0.1,1.0
832,2024-02-20 21:00:00+00:00,27.5815,13.1315,0.0,0.0,0.0
833,2024-02-21 21:00:00+00:00,29.0815,12.981501,0.0,0.0,0.0
834,2024-02-22 21:00:00+00:00,28.4315,15.781501,0.0,0.0,0.0
835,2024-02-23 21:00:00+00:00,29.731499,14.781501,0.0,0.0,0.0
836,2024-02-24 21:00:00+00:00,28.0315,15.4315,0.0,0.0,0.0
837,2024-02-25 21:00:00+00:00,30.6315,12.781501,0.0,0.0,0.0
838,2024-02-26 21:00:00+00:00,29.981499,15.531501,0.0,0.0,0.0
839,2024-02-27 21:00:00+00:00,25.8315,15.3315,0.0,0.0,0.0
840,2024-02-28 21:00:00+00:00,28.6815,17.5815,0.0,0.0,0.0
841,2024-02-29 21:00:00+00:00,28.231499,16.1815,0.0,0.0,0.0
842,2024-03-01 21:00:00+00:00,28.0315,14.5815,0.0,0.0,0.0
843,2024-03-02 21:00:00+00:00,29.8315,15.7315,0.0,0.0,0.0
844,2024-03-03 21:00:00+00:00,28.4315,17.0815,0.1,0.1,1.0
845,2024-03-04 21:00:00+00:00,26.7815,16.0815,1.3000001,1.3000001,5.0
846,2024-03-05 21:00:00+00:00,27.731499,16.6315,0.0,0.0,0.0
847,2024-03-06 21:00:00+00:00,28.3315,14.6815,0.2,0.2,2.0
848,2024-03-07 21:00:00+00:00,26.9315,17.1815,0.5,0.5,5.0
849,2024-03-08 21:00:00+00:00,27.731499,16.4315,7.3999996,7.3999996,7.0
850,2024-03-09 21:00:00+00:00,27.8315,15.1315,1.4000001,1.4000001,7.0
851,2024-03-10 21:00:00+00:00,27.0815,15.1815,0.2,0.2,2.0
852,2024-03-11 21:00:00+00:00,28.5315,15.4315,0.0,0.0,0.0
853,2024-03-12 21:00:00+00:00,27.6315,15.6815,0.0,0.0,0.0
854,2024-03-13 21:00:00+00:00,28.9315,15.3315,0.0,0.0,0.0
855,2024-03-14 21:00:00+00:00,28.8315,15.3815,0.0,0.0,0.0
856,2024-03-15 21:00:00+00:00,29.5315,14.9315,0.0,0.0,0.0
857,2024-03-16 21:00:00+00:00,29.731499,18.4315,0.0,0.0,0.0
858,2024-03-17 21:00:00+00:00,29.731499,15.481501,0.0,0.0,0.0
859,2024-03-18 21:00:00+00:00,30.9315,16.1815,0.0,0.0,0.0
860,2024-03-19 21:00:00+00:00,30.231499,14.531501,0.0,0.0,0.0
861,2024-03-20 21:00:00+00:00,29.731499,15.3815,0.0,0.0,0.0
862,2024-03-21 21:00:00+00:00,30.6815,15.881501,0.0,0.0,0.0
863,2024-03-22 21:00:00+00:00,29.6815,16.0315,0.0,0.0,0.0
864,2024-03-23 21:00:00+00:00,28.481499,17.0815,0.1,0.1,1.0
865,2024-03-24 21:00:00+00:00,27.3315,16.5315,1.3000001,1.3000001,8.0
866,2024-03-25 21:00:00+00:00,29.8815,16.0315,0.0,0.0,0.0
867,2024-03-26 21:00:00+00:00,25.6315,16.8815,1.1,1.1,5.0
868,2024-03-27 21:00:00+00:00,25.0315,15.3315,14.6,14.6,13.0
869,2024-03-28 21:00:00+00:00,24.3315,14.731501,6.0,6.0,12.0
870,2024-03-29 21:00:00+00:00,24.5815,14.481501,1.7000002,1.7000002,9.0
871,2024-03-30 21:00:00+00:00,23.4315,14.481501,0.8000001,0.8000001,5.0
872,2024-03-31 21:00:00+00:00,25.6315,14.3815,0.2,0.2,2.0
873,2024-04-01 21:00:00+00:00,23.3815,15.1815,13.6,13.6,16.0
874,2024-04-02 21:00:00+00:00,24.0315,15.881501,17.0,17.0,19.0
875,2024-04-03 21:00:00+00:00,23.7815,15.1315,4.8,4.8,14.0
876,2024-04-04 21:00:00+00:00,23.4315,13.9315,0.90000004,0.90000004,4.0
877,2024-04-05 21:00:00+00:00,23.981499,13.781501,0.70000005,0.70000005,5.0
878,2024-04-06 21:00:00+00:00,24.4315,16.0815,1.4000001,1.4000001,7.0
879,2024-04-07 21:00:00+00:00,25.1815,15.481501,1.0,1.0,6.0
880,2024-04-08 21:00:00+00:00,25.8815,14.231501,0.5,0.5,5.0
881,2024-04-09 21:00:00+00:00,25.0815,15.1815,2.5000002,2.5000002,9.0
882,2024-04-10 21:00:00+00:00,26.5315,14.8815,0.8000001,0.8000001,5.0
883,2024-04-11 21:00:00+00:00,25.981499,16.5315,0.9000001,0.9000001,8.0
884,2024-04-12 21:00:00+00:00,26.5815,15.6815,0.3,0.3,3.0
885,2024-04-13 21:00:00+00:00,29.1815,17.3315,0.0,0.0,0.0
886,2024-04-14 21:00:00+00:00,25.5315,15.1815,0.8,0.8,5.0
887,2024-04-15 21:00:00+00:00,25.1815,15.9315,1.1000001,1.1000001,9.0
888,2024-04-16 21:00:00+00:00,26.3815,17.0815,2.0,2.0,8.0
889,2024-04-17 21:00:00+00:00,26.4315,16.2815,3.1,3.1,8.0
890,2024-04-18 21:00:00+00:00,26.6315,15.4315,2.2,2.2,4.0
891,2024-04-19 21:00:00+00:00,24.3315,15.9315,12.0,12.0,16.0
892,2024-04-20 21:00:00+00:00,25.1315,15.231501,1.1,1.1,5.0
893,2024-04-21 21:00:00+00:00,23.731499,14.031501,2.0,2.0,7.0
894,2024-04-22 21:00:00+00:00,24.9315,15.7315,2.6999998,2.6999998,12.0
895,2024-04-23 21:00:00+00:00,24.731499,15.0815,2.0000002,2.0000002,6.0
896,2024-04-24 21:00:00+00:00,23.981499,14.9315,5.7999997,5.7999997,11.0
897,2024-04-25 21:00:00+00:00,23.1815,14.8315,1.1,1.1,8.0
898,2024-04-26 21:00:00+00:00,25.0315,14.6815,1.5000001,1.5000001,5.0
899,2024-04-27 21:00:00+00:00,23.6315,15.3315,10.8,10.8,6.0
900,2024-04-28 21:00:00+00:00,26.1815,14.031501,0.4,0.4,3.0
901,2024-04-29 21:00:00+00:00,26.8315,15.231501,2.0,2.0,8.0
902,2024-04-30 21:00:00+00:00,25.6815,15.9815,4.7999997,4.7999997,10.0
903,2024-05-01 21:00:00+00:00,26.0815,16.6815,2.1,2.1,11.0
904,2024-05-02 21:00:00+00:00,24.231499,15.1315,4.2999997,4.2999997,10.0
905,2024-05-03 21:00:00+00:00,24.481499,15.781501,1.3000001,1.3000001,10.0
906,2024-05-04 21:00:00+00:00,26.6815,15.781501,0.0,0.0,0.0
907,2024-05-05 21:00:00+00:00,25.8315,13.8815,3.3000002,3.3000002,9.0
908,2024-05-06 21:00:00+00:00,25.8815,14.6315,1.0,1.0,7.0
909,2024-05-07 21:00:00+00:00,26.8815,14.3815,0.6,0.6,5.0
910,2024-05-08 21:00:00+00:00,23.731499,15.881501,6.2000003,6.2000003,11.0
911,2024-05-09 21:00:00+00:00,26.2815,16.231499,2.6999998,2.6999998,11.0
912,2024-05-10 21:00:00+00:00,25.231499,15.531501,2.6,2.6,7.0
913,2024-05-11 21:00:00+00:00,26.981499,14.6315,1.9000001,1.9000001,7.0
914,2024-05-12 21:00:00+00:00,29.0815,15.3315,0.5,0.5,5.0
915,2024-05-13 21:00:00+00:00,25.0815,15.7315,3.3999999,3.3999999,11.0
916,2024-05-14 21:00:00+00:00,26.2815,15.1315,5.4,5.4,12.0
917,2024-05-15 21:00:00+00:00,25.6315,16.1815,1.9000001,1.9000001,8.0
918,2024-05-16 21:00:00+00:00,27.4315,15.1315,4.5,4.5,8.0
919,2024-05-17 21:00:00+00:00,26.1315,15.8315,3.0,3.0,9.0
920,2024-05-18 21:00:00+00:00,27.4315,15.3815,0.7,0.7,2.0
921,2024-05-19 21:00:00+00:00,26.7815,14.981501,0.2,0.2,2.0
922,2024-05-20 21:00:00+00:00,28.0815,14.4315,0.3,0.3,2.0
923,2024-05-21 21:00:00+00:00,27.0315,16.0815,2.8000002,2.8000002,13.0
924,2024-05-22 21:00:00+00:00,28.6315,16.0315,0.6,0.6,4.0
925,2024-05-23 21:00:00+00:00,30.3815,17.0815,0.0,0.0,0.0
926,2024-05-24 21:00:00+00:00,28.8315,15.3315,0.5,0.5,2.0
927,2024-05-25 21:00:00+00:00,27.7815,15.881501,2.0,2.0,5.0
928,2024-05-26 21:00:00+00:00,27.6315,13.981501,1.3,1.3,5.0
929,2024-05-27 21:00:00+00:00,27.981499,14.5815,0.4,0.4,3.0
930,2024-05-28 21:00:00+00:00,28.5815,15.6815,0.5,0.5,3.0
931,2024-05-29 21:00:00+00:00,30.1315,14.0815,0.4,0.4,3.0
932,2024-05-30 21:00:00+00:00,30.3815,15.0815,0.1,0.1,1.0
933,2024-05-31 21:00:00+00:00,28.6315,14.4315,0.4,0.4,3.0
934,2024-06-01 21:00:00+00:00,26.231499,15.3315,2.8999999,2.8999999,7.0
935,2024-06-02 21:00:00+00:00,28.5315,15.8315,0.0,0.0,0.0
936,2024-06-03 21:00:00+00:00,26.8815,15.1815,0.1,0.1,1.0
937,2024-06-04 21:00:00+00:00,28.3315,15.1315,0.3,0.3,3.0
938,2024-06-05 21:00:00+00:00,27.1815,16.1815,1.2,1.2,8.0
939,2024-06-06 21:00:00+00:00,29.1315,14.231501,0.70000005,0.70000005,6.0
940,2024-06-07 21:00:00+00:00,28.0815,15.5815,0.4,0.4,4.0
941,2024-06-08 21:00:00+00:00,26.3315,16.0315,0.8000001,0.8000001,7.0
942,2024-06-09 21:00:00+00:00,27.3815,13.4315,0.0,0.0,0.0
943,2024-06-10 21:00:00+00:00,27.7815,14.531501,0.3,0.3,3.0
944,2024-06-11 21:00:00+00:00,24.981499,15.6815,2.0,2.0,7.0
945,2024-06-12 21:00:00+00:00,25.8315,15.8315,1.5000001,1.5000001,7.0
946,2024-06-13 21:00:00+00:00,25.8815,13.3315,0.90000004,0.90000004,3.0
947,2024-06-14 21:00:00+00:00,26.1315,13.031501,0.2,0.2,1.0
948,2024-06-15 21:00:00+00:00,27.5815,13.8315,0.2,0.2,2.0
949,2024-06-16 21:00:00+00:00,28.1315,14.3315,1.8000001,1.8000001,2.0
950,2024-06-17 21:00:00+00:00,27.2815,13.781501,0.3,0.3,2.0
951,2024-06-18 21:00:00+00:00,25.6815,14.531501,0.3,0.3,2.0
952,2024-06-19 21:00:00+00:00,25.5815,15.6815,1.5,1.5,5.0
953,2024-06-20 21:00:00+00:00,24.8315,15.5815,1.3,1.3,7.0
954,2024-06-21 21:00:00+00:00,25.6815,14.6815,0.0,0.0,0.0
955,2024-06-22 21:00:00+00:00,26.231499,15.781501,0.1,0.1,1.0
956,2024-06-23 21:00:00+00:00,25.1815,14.731501,3.1,3.1,10.0
957,2024-06-24 21:00:00+00:00,25.8315,13.981501,2.4,2.4,11.0
958,2024-06-25 21:00:00+00:00,26.0815,12.9315,0.4,0.4,1.0
959,2024-06-26 21:00:00+00:00,26.5315,14.6815,0.3,0.3,3.0
960,2024-06-27 21:00:00+00:00,24.1315,15.231501,0.6,0.6,3.0
961,2024-06-28 21:00:00+00:00,25.231499,14.481501,0.0,0.0,0.0
962,2024-06-29 21:00:00+00:00,26.0815,13.281501,0.0,0.0,0.0
963,2024-06-30 21:00:00+00:00,26.4315,14.231501,0.3,0.3,1.0
964,2024-07-01 21:00:00+00:00,27.4315,15.0815,0.0,0.0,0.0
965,2024-07-02 21:00:00+00:00,26.731499,15.031501,0.0,0.0,0.0
966,2024-07-03 21:00:00+00:00,26.231499,15.4315,0.0,0.0,0.0
967,2024-07-04 21:00:00+00:00,28.731499,15.4315,3.7,3.7,4.0
968,2024-07-05 21:00:00+00:00,28.1815,14.781501,0.6,0.6,3.0
969,2024-07-06 21:00:00+00:00,25.3815,14.6815,0.8,0.8,4.0
970,2024-07-07 21:00:00+00:00,26.5815,14.1815,5.8,5.8,3.0
971,2024-07-08 21:00:00+00:00,25.5815,14.6815,8.999999,8.999999,11.0
972,2024-07-09 21:00:00+00:00,24.8315,14.231501,0.3,0.3,1.0
973,2024-07-10 21:00:00+00:00,25.7815,14.9315,0.3,0.3,3.0
974,2024-07-11 21:00:00+00:00,26.981499,15.3815,3.1000001,3.1000001,7.0
975,2024-07-12 21:00:00+00:00,21.4315,14.9315,9.4,9.4,18.0
976,2024-07-13 21:00:00+00:00,24.3315,14.8815,2.1,2.1,7.0
977,2024-07-14 21:00:00+00:00,25.7815,15.5815,3.1,3.1,6.0
978,2024-07-15 21:00:00+00:00,23.0815,13.781501,6.9,6.9,13.0
979,2024-07-16 21:00:00+00:00,21.8815,14.9315,3.0999997,3.0999997,19.0
980,2024-07-17 21:00:00+00:00,23.481499,14.9315,0.9000001,0.9000001,9.0
981,2024-07-18 21:00:00+00:00,24.3315,15.481501,1.8000001,1.8000001,8.0
982,2024-07-19 21:00:00+00:00,21.3815,14.6815,3.1999996,3.1999996,12.0
983,2024-07-20 21:00:00+00:00,24.1815,15.6315,0.0,0.0,0.0
984,2024-07-21 21:00:00+00:00,23.5315,15.4315,1.2,1.2,10.0
985,2024-07-22 21:00:00+00:00,24.5315,15.3315,13.7,13.7,7.0
986,2024-07-23 21:00:00+00:00,24.5815,14.731501,2.8999996,2.8999996,13.0
987,2024-07-24 21:00:00+00:00,22.8815,15.281501,10.200001,10.200001,18.0
988,2024-07-25 21:00:00+00:00,21.6815,14.981501,7.899999,7.899999,15.0
989,2024-07-26 21:00:00+00:00,20.5815,14.731501,1.9000001,1.9000001,11.0
990,2024-07-27 21:00:00+00:00,24.5315,14.5815,14.0,14.0,6.0
991,2024-07-28 21:00:00+00:00,24.4315,13.981501,1.4,1.4,4.0
992,2024-07-29 21:00:00+00:00,23.5315,14.3815,3.1999998,3.1999998,3.0
993,2024-07-30 21:00:00+00:00,21.6815,15.231501,1.4000001,1.4000001,7.0
994,2024-07-31 21:00:00+00:00,23.731499,13.6815,6.0000005,6.0000005,12.0
995,2024-08-01 21:00:00+00:00,20.5315,13.4315,7.7999997,7.7999997,15.0
996,2024-08-02 21:00:00+00:00,21.231499,14.8315,1.4000001,1.4000001,8.0
997,2024-08-03 21:00:00+00:00,21.981499,14.231501,0.2,0.2,2.0
998,2024-08-04 21:00:00+00:00,23.0315,14.8815,10.200001,10.200001,9.0
999,2024-08-05 21:00:00+00:00,22.4315,15.0815,10.7,10.7,17.0
1000,2024-08-06 21:00:00+00:00,21.731499,14.531501,1.9000001,1.9000001,10.0
1001,2024-08-07 21:00:00+00:00,21.231499,13.781501,0.8,0.8,6.0
1002,2024-08-08 21:00:00+00:00,21.731499,14.481501,1.7000002,1.7000002,13.0
1003,2024-08-09 21:00:00+00:00,22.4315,14.3815,1.1,1.1,9.0
1004,2024-08-10 21:00:00+00:00,22.9315,15.1315,0.1,0.1,1.0
1005,2024-08-11 21:00:00+00:00,22.6815,15.031501,0.3,0.3,3.0
1006,2024-08-12 21:00:00+00:00,22.1315,15.0815,0.1,0.1,1.0
1007,2024-08-13 21:00:00+00:00,23.2815,15.1815,8.3,8.3,9.0
1008,2024-08-14 21:00:00+00:00,22.731499,13.6815,0.9000001,0.9000001,8.0
1009,2024-08-15 21:00:00+00:00,22.7815,15.3315,1.4000001,1.4000001,4.0
1010,2024-08-16 21:00:00+00:00,22.2815,14.481501,10.4,10.4,15.0
1011,2024-08-17 21:00:00+00:00,20.9315,14.481501,1.1000001,1.1000001,9.0
1012,2024-08-18 21:00:00+00:00,21.8815,13.781501,0.8,0.8,5.0
1013,2024-08-19 21:00:00+00:00,18.3315,14.031501,21.3,21.3,23.0
1014,2024-08-20 21:00:00+00:00,15.5815,13.0815,23.800001,23.800001,24.0
1015,2024-08-21 21:00:00+00:00,17.231499,12.231501,5.8,5.8,23.0
1016,2024-08-22 21:00:00+00:00,21.5815,13.281501,20.300001,20.300001,17.0
1017,2024-08-23 21:00:00+00:00,20.2815,13.9315,6.599999,6.599999,18.0
1018,2024-08-24 21:00:00+00:00,18.9315,14.531501,2.4999995,2.4999995,16.0
1019,2024-08-25 21:00:00+00:00,21.6315,12.8815,0.5,0.5,4.0
1020,2024-08-26 21:00:00+00:00,22.0315,15.1315,0.90000004,0.90000004,3.0
1021,2024-08-27 21:00:00+00:00,21.7815,14.6815,3.8000004,3.8000004,15.0
1022,2024-08-28 21:00:00+00:00,22.5315,14.481501,10.799999,10.799999,13.0
1023,2024-08-29 21:00:00+00:00,23.0315,13.481501,6.1,6.1,10.0
1024,2024-08-30 21:00:00+00:00,21.6815,14.031501,24.9,24.9,21.0
1025,2024-08-31 21:00:00+00:00,18.231499,13.6815,8.600001,8.600001,19.0
1026,2024-09-01 21:00:00+00:00,21.5815,14.281501,3.6999998,3.6999998,13.0
1027,2024-09-02 21:00:00+00:00,24.0815,13.031501,3.3999999,3.3999999,4.0
1028,2024-09-03 21:00:00+00:00,22.731499,13.4315,0.3,0.3,1.0
1029,2024-09-04 21:00:00+00:00,22.1315,15.481501,0.2,0.2,2.0
1030,2024-09-05 21:00:00+00:00,21.8315,13.9315,0.1,0.1,1.0
1031,2024-09-06 21:00:00+00:00,22.0315,13.8315,4.5999994,4.5999994,8.0
1032,2024-09-07 21:00:00+00:00,22.4315,13.731501,7.8999996,7.8999996,14.0
1033,2024-09-08 21:00:00+00:00,23.7815,14.3815,3.5999994,3.5999994,11.0
1034,2024-09-09 21:00:00+00:00,23.731499,15.8315,1.8000001,1.8000001,6.0
1035,2024-09-10 21:00:00+00:00,23.9315,13.8315,0.2,0.2,1.0
1036,2024-09-11 21:00:00+00:00,22.731499,13.781501,3.8,3.8,6.0
1037,2024-09-12 21:00:00+00:00,23.8815,13.281501,0.0,0.0,0.0
1038,2024-09-13 21:00:00+00:00,24.5815,14.281501,7.8,7.8,3.0
1039,2024-09-14 21:00:00+00:00,23.7815,13.3815,0.0,0.0,0.0
1040,2024-09-15 21:00:00+00:00,24.3315,12.981501,0.0,0.0,0.0
1041,2024-09-16 21:00:00+00:00,22.7815,13.6815,1.1,1.1,7.0
1042,2024-09-17 21:00:00+00:00,23.2815,13.8815,11.099999,11.099999,5.0
1043,2024-09-18 21:00:00+00:00,23.981499,12.6315,0.8,0.8,4.0
1044,2024-09-19 21:00:00+00:00,25.731499,12.8315,0.1,0.1,1.0
1045,2024-09-20 21:00:00+00:00,23.5815,13.531501,1.1,1.1,5.0
1046,2024-09-21 21:00:00+00:00,26.0315,12.031501,0.0,0.0,0.0
1047,2024-09-22 21:00:00+00:00,22.8315,14.231501,0.70000005,0.70000005,5.0
1048,2024-09-23 21:00:00+00:00,22.4315,13.6815,0.6,0.6,4.0
1049,2024-09-24 21:00:00+00:00,25.231499,16.0815,0.5,0.5,5.0
1050,2024-09-25 21:00:00+00:00,23.3815,13.531501,21.5,21.5,5.0
1051,2024-09-26 21:00:00+00:00,22.9315,13.731501,16.1,16.1,7.0
1052,2024-09-27 21:00:00+00:00,25.481499,13.481501,0.0,0.0,0.0
1053,2024-09-28 21:00:00+00:00,23.3315,15.6315,4.4999995,4.4999995,10.0
1054,2024-09-29 21:00:00+00:00,24.1815,15.3815,5.9,5.9,7.0
1055,2024-09-30 21:00:00+00:00,22.3815,15.1815,1.9000001,1.9000001,5.0
1056,2024-10-01 21:00:00+00:00,21.231499,13.1315,4.2,4.2,15.0
1057,2024-10-02 21:00:00+00:00,23.1315,12.531501,3.4,3.4,10.0
1058,2024-10-03 21:00:00+00:00,22.5815,13.0815,6.4,6.4,8.0
1059,2024-10-04 21:00:00+00:00,22.0815,12.781501,3.7999997,3.7999997,9.0
1060,2024-10-05 21:00:00+00:00,21.0315,12.981501,1.8,1.8,4.0
1061,2024-10-06 21:00:00+00:00,20.731499,12.8815,2.6999998,2.6999998,7.0
1062,2024-10-07 21:00:00+00:00,23.6815,12.781501,1.5,1.5,3.0
1063,2024-10-08 21:00:00+00:00,22.981499,12.031501,0.1,0.1,1.0
1064,2024-10-09 21:00:00+00:00,22.8815,12.231501,0.70000005,0.70000005,2.0
1065,2024-10-10 21:00:00+00:00,19.6315,13.1815,13.700001,13.700001,13.0
1066,2024-10-11 21:00:00+00:00,20.6315,13.231501,6.3,6.3,13.0
1067,2024-10-12 21:00:00+00:00,21.8315,12.281501,8.0,8.0,8.0
1068,2024-10-13 21:00:00+00:00,24.7815,13.281501,0.0,0.0,0.0
1069,2024-10-14 21:00:00+00:00,23.8815,14.3815,0.0,0.0,0.0
1070,2024-10-15 21:00:00+00:00,25.0315,11.1315,0.0,0.0,0.0
1071,2024-10-16 21:00:00+00:00,24.8815,15.5815,0.2,0.2,2.0
1072,2024-10-17 21:00:00+00:00,24.3815,14.481501,1.6,1.6,3.0
1073,2024-10-18 21:00:00+00:00,25.8315,13.1815,0.2,0.2,2.0
1074,2024-10-19 21:00:00+00:00,25.981499,13.031501,0.0,0.0,0.0
1075,2024-10-20 21:00:00+00:00,24.481499,13.4315,0.3,0.3,3.0
1076,2024-10-21 21:00:00+00:00,26.5315,12.4315,0.0,0.0,0.0
1077,2024-10-22 21:00:00+00:00,25.3815,12.1315,0.0,0.0,0.0
1078,2024-10-23 21:00:00+00:00,25.5815,12.0815,0.1,0.1,1.0
1079,2024-10-24 21:00:00+00:00,23.5815,14.031501,2.8,2.8,9.0
1080,2024-10-25 21:00:00+00:00,23.231499,13.9315,0.70000005,0.70000005,5.0
1081,2024-10-26 21:00:00+00:00,23.0815,12.781501,1.1,1.1,5.0
1082,2024-10-27 21:00:00+00:00,25.3315,13.031501,0.0,0.0,0.0
1083,2024-10-28 21:00:00+00:00,23.2815,12.4315,1.5,1.5,5.0
1084,2024-10-29 21:00:00+00:00,22.6315,12.8815,1.3000001,1.3000001,8.0
1085,2024-10-30 21:00:00+00:00,23.2815,13.231501,7.5,7.5,12.0
1086,2024-10-31 21:00:00+00:00,23.0815,13.531501,19.300001,19.300001,9.0
1087,2024-11-01 21:00:00+00:00,21.4315,13.1315,1.0,1.0,7.0
1088,2024-11-02 21:00:00+00:00,22.8815,12.031501,0.0,0.0,0.0
1089,2024-11-03 21:00:00+00:00,22.4315,13.6815,0.0,0.0,0.0
1090,2024-11-04 21:00:00+00:00,24.231499,9.4315,0.0,0.0,0.0
1091,2024-11-05 21:00:00+00:00,23.7815,12.3815,0.0,0.0,0.0
1092,2024-11-06 21:00:00+00:00,22.8315,11.9315,1.0,1.0,7.0
1093,2024-11-07 21:00:00+00:00,24.7815,10.3315,0.0,0.0,0.0
1094,2024-11-08 21:00:00+00:00,24.6815,11.1815,0.0,0.0,0.0
1095,2024-11-09 21:00:00+00:00,24.231499,11.481501,0.0,0.0,0.0
1096,2024-11-10 21:00:00+00:00,23.5315,13.0815,0.0,0.0,0.0
1097,2024-11-11 21:00:00+00:00,23.8815,11.5815,0.0,0.0,0.0
1098,2024-11-12 21:00:00+00:00,23.6315,12.981501,0.0,0.0,0.0
1099,2024-11-13 21:00:00+00:00,23.9315,13.0815,0.0,0.0,0.0
1100,2024-11-14 21:00:00+00:00,24.481499,10.231501,0.0,0.0,0.0
1101,2024-11-15 21:00:00+00:00,22.981499,8.6815,0.0,0.0,0.0
1102,2024-11-16 21:00:00+00:00,25.731499,12.0815,0.0,0.0,0.0
1103,2024-11-17 21:00:00+00:00,14.531501,13.6815,,,0.0
1104,2024-11-18 21:00:00+00:00,,,,,0.0
