value,district,month,region,threshold,year
"0.823","'Ceel Barde'","'01'","'Bakool'","'Alert'","2026"
"0.946","'Ceel Barde'","'08'","'Bakool'","'Alert'","2026"
"1.107","'Ceel Barde'","'03'","'Bakool'","'Normal'","2026"
"0.936","'Ceel Barde'","'07'","'Bakool'","'Alert'","2026"
"0.799","'Ceel Barde'","'02'","'Bakool'","'Alarm'","2026"
"1.188","'Ceel Barde'","'04'","'Bakool'","'Normal'","2026"
"1.037","'Ceel Barde'","'05'","'Bakool'","'Normal'","2026"
"0.955","'Ceel Barde'","'06'","'Bakool'","'Alert'","2026"
"1.262","'Ceel Barde'","'01'","'Bakool'","'Normal'","2025"
"0.815","'Ceel Barde'","12","'Bakool'","'Alert'","2025"
"1.427","'Ceel Barde'","'07'","'Bakool'","'Normal'","2025"
"1.756","'Ceel Barde'","'05'","'Bakool'","'Normal'","2025"
"0.963","'Ceel Barde'","10","'Bakool'","'Alert'","2025"
"1.496","'Ceel Barde'","'06'","'Bakool'","'Normal'","2025"
"1.079","'Ceel Barde'","'02'","'Bakool'","'Normal'","2025"
"1.736","'Ceel Barde'","'04'","'Bakool'","'Normal'","2025"
"1.455","'Ceel Barde'","'08'","'Bakool'","'Normal'","2025"
"1.351","'Ceel Barde'","'09'","'Bakool'","'Normal'","2025"
"1.305","'Ceel Barde'","'03'","'Bakool'","'Normal'","2025"
"0.868","'Ceel Barde'","11","'Bakool'","'Alert'","2025"
"1.074","'Ceel Barde'","12","'Bakool'","'Normal'","2024"
"1.904","'Ceel Barde'","'09'","'Bakool'","'Normal'","2024"
"2.995","'Ceel Barde'","'02'","'Bakool'","'Normal'","2024"
"2.259","'Ceel Barde'","'04'","'Bakool'","'Normal'","2024"
"1.154","'Ceel Barde'","10","'Bakool'","'Normal'","2024"
"2.795","'Ceel Barde'","'01'","'Bakool'","'Normal'","2024"
"2.675","'Ceel Barde'","'03'","'Bakool'","'Normal'","2024"
"2.063","'Ceel Barde'","'07'","'Bakool'","'Normal'","2024"
"2.063","'Ceel Barde'","'08'","'Bakool'","'Normal'","2024"
"1.637","'Ceel Barde'","'05'","'Bakool'","'Normal'","2024"
"0.974","'Ceel Barde'","11","'Bakool'","'Alert'","2024"
"1.593","'Ceel Barde'","'06'","'Bakool'","'Normal'","2024"
"1.344","'Ceel Barde'","'04'","'Bakool'","'Normal'","2023"
"0.853","'Ceel Barde'","'03'","'Bakool'","'Alert'","2023"
"0.728","'Ceel Barde'","'02'","'Bakool'","'Alarm'","2023"
"0.691","'Ceel Barde'","'01'","'Bakool'","'Alarm'","2023"
"0.977","'Ceel Barde'","'08'","'Bakool'","'Alert'","2023"
"0.671","'Ceel Barde'","'09'","'Bakool'","'Alarm'","2023"
"1.099","'Ceel Barde'","'07'","'Bakool'","'Normal'","2023"
"2.326","'Ceel Barde'","12","'Bakool'","'Normal'","2023"
"1.063","'Ceel Barde'","10","'Bakool'","'Normal'","2023"
"1.583","'Ceel Barde'","11","'Bakool'","'Normal'","2023"
"1.097","'Ceel Barde'","'06'","'Bakool'","'Normal'","2023"
"1.136","'Ceel Barde'","'05'","'Bakool'","'Normal'","2023"
"0.96","'Ceel Barde'","'08'","'Bakool'","'Alert'","2022"
"0.94","'Ceel Barde'","'07'","'Bakool'","'Alert'","2022"
"0.69","'Ceel Barde'","10","'Bakool'","'Alarm'","2022"
"0.37","'Ceel Barde'","'02'","'Bakool'","'Alarm'","2022"
"0.89","'Ceel Barde'","'09'","'Bakool'","'Alert'","2022"
"0.39","'Ceel Barde'","'03'","'Bakool'","'Alarm'","2022"
"0.619","'Ceel Barde'","11","'Bakool'","'Alarm'","2022"
"0.32","'Ceel Barde'","'01'","'Bakool'","'Alarm'","2022"
"0.56","'Ceel Barde'","'04'","'Bakool'","'Alarm'","2022"
"0.66","'Ceel Barde'","'05'","'Bakool'","'Alarm'","2022"
"0.614","'Ceel Barde'","12","'Bakool'","'Alarm'","2022"
"0.74","'Ceel Barde'","'06'","'Bakool'","'Alarm'","2022"
"0.33","'Ceel Barde'","12","'Bakool'","'Alarm'","2021"
"1.68","'Ceel Barde'","'02'","'Bakool'","'Normal'","2021"
"0.72","'Ceel Barde'","10","'Bakool'","'Alarm'","2021"
"0.4","'Ceel Barde'","11","'Bakool'","'Alarm'","2021"
"1.84","'Ceel Barde'","'07'","'Bakool'","'Normal'","2021"
"1.59","'Ceel Barde'","'08'","'Bakool'","'Normal'","2021"
"1.77","'Ceel Barde'","'03'","'Bakool'","'Normal'","2021"
"1.58","'Ceel Barde'","'05'","'Bakool'","'Normal'","2021"
"1.52","'Ceel Barde'","'01'","'Bakool'","'Normal'","2021"
"1.28","'Ceel Barde'","'04'","'Bakool'","'Normal'","2021"
"1.29","'Ceel Barde'","'09'","'Bakool'","'Normal'","2021"
"1.76","'Ceel Barde'","'06'","'Bakool'","'Normal'","2021"
"2.36","'Ceel Barde'","'09'","'Bakool'","'Normal'","2020"
"1.59","'Ceel Barde'","12","'Bakool'","'Normal'","2020"
"3.26","'Ceel Barde'","'07'","'Bakool'","'Normal'","2020"
"4.25","'Ceel Barde'","'03'","'Bakool'","'Normal'","2020"
"3.54","'Ceel Barde'","'04'","'Bakool'","'Normal'","2020"
"3.06","'Ceel Barde'","'02'","'Bakool'","'Normal'","2020"
"2.8","'Ceel Barde'","'06'","'Bakool'","'Normal'","2020"
"3.19","'Ceel Barde'","'01'","'Bakool'","'Normal'","2020"
"1.93","'Ceel Barde'","11","'Bakool'","'Normal'","2020"
"2.01","'Ceel Barde'","10","'Bakool'","'Normal'","2020"
"3.91","'Ceel Barde'","'08'","'Bakool'","'Normal'","2020"
"2.82","'Ceel Barde'","'05'","'Bakool'","'Normal'","2020"
"1.56","'Ceel Barde'","'09'","'Bakool'","'Normal'","2019"
"1.49","'Ceel Barde'","'08'","'Bakool'","'Normal'","2019"
"3.23","'Ceel Barde'","12","'Bakool'","'Normal'","2019"
"0.4","'Ceel Barde'","'04'","'Bakool'","'Alarm'","2019"
"1.47","'Ceel Barde'","'07'","'Bakool'","'Normal'","2019"
"1.1","'Ceel Barde'","'05'","'Bakool'","'Normal'","2019"
"0.75","'Ceel Barde'","'02'","'Bakool'","'Alarm'","2019"
"2.93","'Ceel Barde'","10","'Bakool'","'Normal'","2019"
"2.83","'Ceel Barde'","11","'Bakool'","'Normal'","2019"
"0.72","'Ceel Barde'","'01'","'Bakool'","'Alarm'","2019"
"1.31","'Ceel Barde'","'06'","'Bakool'","'Normal'","2019"
"0.55","'Ceel Barde'","'03'","'Bakool'","'Alarm'","2019"
"0.84","'Ceel Barde'","11","'Bakool'","'Alert'","2018"
"0.66","'Ceel Barde'","12","'Bakool'","'Alarm'","2018"
"1.407","'Rab Dhuure'","'08'","'Bakool'","'Normal'","2026"
"1.869","'Rab Dhuure'","'03'","'Bakool'","'Normal'","2026"
"0.974","'Rab Dhuure'","'02'","'Bakool'","'Alert'","2026"
"1.745","'Rab Dhuure'","'05'","'Bakool'","'Normal'","2026"
"2.4","'Rab Dhuure'","'04'","'Bakool'","'Normal'","2026"
"0.868","'Rab Dhuure'","'01'","'Bakool'","'Alert'","2026"
"1.411","'Rab Dhuure'","'07'","'Bakool'","'Normal'","2026"
"1.532","'Rab Dhuure'","'06'","'Bakool'","'Normal'","2026"
"1.604","'Rab Dhuure'","'03'","'Bakool'","'Normal'","2025"
"1.852","'Rab Dhuure'","'08'","'Bakool'","'Normal'","2025"
"1.897","'Rab Dhuure'","'06'","'Bakool'","'Normal'","2025"
"0.739","'Rab Dhuure'","12","'Bakool'","'Alarm'","2025"
"1.8","'Rab Dhuure'","'07'","'Bakool'","'Normal'","2025"
"2.175","'Rab Dhuure'","'04'","'Bakool'","'Normal'","2025"
"1.024","'Rab Dhuure'","10","'Bakool'","'Normal'","2025"
"0.828","'Rab Dhuure'","11","'Bakool'","'Alert'","2025"
"1.667","'Rab Dhuure'","'09'","'Bakool'","'Normal'","2025"
"1.162","'Rab Dhuure'","'02'","'Bakool'","'Normal'","2025"
"2.08","'Rab Dhuure'","'05'","'Bakool'","'Normal'","2025"
"1.38","'Rab Dhuure'","'01'","'Bakool'","'Normal'","2025"
"3.686","'Rab Dhuure'","'02'","'Bakool'","'Normal'","2024"
"3.34","'Rab Dhuure'","'01'","'Bakool'","'Normal'","2024"
"2.571","'Rab Dhuure'","'05'","'Bakool'","'Normal'","2024"
"0.997","'Rab Dhuure'","11","'Bakool'","'Alert'","2024"
"4.053","'Rab Dhuure'","'03'","'Bakool'","'Normal'","2024"
"1.024","'Rab Dhuure'","12","'Bakool'","'Normal'","2024"
"1.918","'Rab Dhuure'","'08'","'Bakool'","'Normal'","2024"
"3.02","'Rab Dhuure'","'04'","'Bakool'","'Normal'","2024"
"1.887","'Rab Dhuure'","'09'","'Bakool'","'Normal'","2024"
"0.942","'Rab Dhuure'","10","'Bakool'","'Alert'","2024"
"1.78","'Rab Dhuure'","'06'","'Bakool'","'Normal'","2024"
"1.918","'Rab Dhuure'","'07'","'Bakool'","'Normal'","2024"
"2.38","'Rab Dhuure'","'04'","'Bakool'","'Normal'","2023"
"1.125","'Rab Dhuure'","'07'","'Bakool'","'Normal'","2023"
"2.047","'Rab Dhuure'","11","'Bakool'","'Normal'","2023"
"0.804","'Rab Dhuure'","'02'","'Bakool'","'Alert'","2023"
"1.748","'Rab Dhuure'","'05'","'Bakool'","'Normal'","2023"
"0.594","'Rab Dhuure'","'09'","'Bakool'","'Alarm'","2023"
"0.846","'Rab Dhuure'","'03'","'Bakool'","'Alert'","2023"
"1.167","'Rab Dhuure'","'06'","'Bakool'","'Normal'","2023"
"1.144","'Rab Dhuure'","10","'Bakool'","'Normal'","2023"
"0.945","'Rab Dhuure'","'08'","'Bakool'","'Alert'","2023"
"0.693","'Rab Dhuure'","'01'","'Bakool'","'Alarm'","2023"
"2.821","'Rab Dhuure'","12","'Bakool'","'Normal'","2023"
"0.6","'Rab Dhuure'","'03'","'Bakool'","'Alarm'","2022"
"1.09","'Rab Dhuure'","'06'","'Bakool'","'Normal'","2022"
"1.13","'Rab Dhuure'","'07'","'Bakool'","'Normal'","2022"
"0.81","'Rab Dhuure'","'04'","'Bakool'","'Alert'","2022"
"0.8","'Rab Dhuure'","'09'","'Bakool'","'Alert'","2022"
"0.95","'Rab Dhuure'","'08'","'Bakool'","'Alert'","2022"
"0.588","'Rab Dhuure'","12","'Bakool'","'Alarm'","2022"
"0.56","'Rab Dhuure'","'01'","'Bakool'","'Alarm'","2022"
"0.98","'Rab Dhuure'","'05'","'Bakool'","'Alert'","2022"
"0.68","'Rab Dhuure'","11","'Bakool'","'Alarm'","2022"
"0.72","'Rab Dhuure'","10","'Bakool'","'Alarm'","2022"
"0.54","'Rab Dhuure'","'02'","'Bakool'","'Alarm'","2022"
"0.8","'Rab Dhuure'","10","'Bakool'","'Alert'","2021"
"2.3","'Rab Dhuure'","'08'","'Bakool'","'Normal'","2021"
"1.31","'Rab Dhuure'","'03'","'Bakool'","'Normal'","2021"
"1.99","'Rab Dhuure'","'05'","'Bakool'","'Normal'","2021"
"0.9","'Rab Dhuure'","'01'","'Bakool'","'Alert'","2021"
"2.73","'Rab Dhuure'","'07'","'Bakool'","'Normal'","2021"
"1.28","'Rab Dhuure'","'02'","'Bakool'","'Normal'","2021"
"1.74","'Rab Dhuure'","'09'","'Bakool'","'Normal'","2021"
"0.79","'Rab Dhuure'","11","'Bakool'","'Alarm'","2021"
"2.27","'Rab Dhuure'","'06'","'Bakool'","'Normal'","2021"
"1.55","'Rab Dhuure'","'04'","'Bakool'","'Normal'","2021"
"0.83","'Rab Dhuure'","12","'Bakool'","'Alert'","2021"
"1.07","'Rab Dhuure'","11","'Bakool'","'Normal'","2020"
"1.23","'Rab Dhuure'","10","'Bakool'","'Normal'","2020"
"2.76","'Rab Dhuure'","'08'","'Bakool'","'Normal'","2020"
"2.93","'Rab Dhuure'","'04'","'Bakool'","'Normal'","2020"
"2.86","'Rab Dhuure'","'01'","'Bakool'","'Normal'","2020"
"3.65","'Rab Dhuure'","'03'","'Bakool'","'Normal'","2020"
"2.7","'Rab Dhuure'","'06'","'Bakool'","'Normal'","2020"
"2.86","'Rab Dhuure'","'07'","'Bakool'","'Normal'","2020"
"2.26","'Rab Dhuure'","'09'","'Bakool'","'Normal'","2020"
"2.47","'Rab Dhuure'","'02'","'Bakool'","'Normal'","2020"
"0.83","'Rab Dhuure'","12","'Bakool'","'Alert'","2020"
"2.7","'Rab Dhuure'","'05'","'Bakool'","'Normal'","2020"
"3.55","'Rab Dhuure'","10","'Bakool'","'Normal'","2019"
"0.71","'Rab Dhuure'","'02'","'Bakool'","'Alarm'","2019"
"1.34","'Rab Dhuure'","'08'","'Bakool'","'Normal'","2019"
"0.55","'Rab Dhuure'","'03'","'Bakool'","'Alarm'","2019"
"3.49","'Rab Dhuure'","11","'Bakool'","'Normal'","2019"
"1.69","'Rab Dhuure'","'07'","'Bakool'","'Normal'","2019"
"0.64","'Rab Dhuure'","'01'","'Bakool'","'Alarm'","2019"
"1.8","'Rab Dhuure'","'06'","'Bakool'","'Normal'","2019"
"3.04","'Rab Dhuure'","12","'Bakool'","'Normal'","2019"
"1.53","'Rab Dhuure'","'05'","'Bakool'","'Normal'","2019"
"1.44","'Rab Dhuure'","'09'","'Bakool'","'Normal'","2019"
"0.73","'Rab Dhuure'","'04'","'Bakool'","'Alarm'","2019"
"0.58","'Rab Dhuure'","12","'Bakool'","'Alarm'","2018"
"0.76","'Rab Dhuure'","11","'Bakool'","'Alarm'","2018"
"0.929","'Tayeeglow'","'07'","'Bakool'","'Alert'","2026"
"0.666","'Tayeeglow'","'02'","'Bakool'","'Alarm'","2026"
"0.953","'Tayeeglow'","'06'","'Bakool'","'Alert'","2026"
"0.694","'Tayeeglow'","'01'","'Bakool'","'Alarm'","2026"
"0.835","'Tayeeglow'","'03'","'Bakool'","'Alert'","2026"
"1.02","'Tayeeglow'","'05'","'Bakool'","'Normal'","2026"
"0.923","'Tayeeglow'","'08'","'Bakool'","'Alert'","2026"
"0.9","'Tayeeglow'","'04'","'Bakool'","'Alert'","2026"
"1.224","'Tayeeglow'","'08'","'Bakool'","'Normal'","2025"
"1.442","'Tayeeglow'","'06'","'Bakool'","'Normal'","2025"
"1.312","'Tayeeglow'","'07'","'Bakool'","'Normal'","2025"
"1.741","'Tayeeglow'","'05'","'Bakool'","'Normal'","2025"
"1.098","'Tayeeglow'","'09'","'Bakool'","'Normal'","2025"
"0.651","'Tayeeglow'","12","'Bakool'","'Alarm'","2025"
"0.811","'Tayeeglow'","10","'Bakool'","'Alert'","2025"
"0.971","'Tayeeglow'","'03'","'Bakool'","'Alert'","2025"
"0.992","'Tayeeglow'","'01'","'Bakool'","'Alert'","2025"
"1.497","'Tayeeglow'","'04'","'Bakool'","'Normal'","2025"
"0.781","'Tayeeglow'","'02'","'Bakool'","'Alarm'","2025"
"0.709","'Tayeeglow'","11","'Bakool'","'Alarm'","2025"
"1.701","'Tayeeglow'","'06'","'Bakool'","'Normal'","2024"
"2.294","'Tayeeglow'","'04'","'Bakool'","'Normal'","2024"
"0.854","'Tayeeglow'","12","'Bakool'","'Alert'","2024"
"2.631","'Tayeeglow'","'03'","'Bakool'","'Normal'","2024"
"1.12","'Tayeeglow'","10","'Bakool'","'Normal'","2024"
"1.984","'Tayeeglow'","'08'","'Bakool'","'Normal'","2024"
"2.702","'Tayeeglow'","'01'","'Bakool'","'Normal'","2024"
"2.815","'Tayeeglow'","'02'","'Bakool'","'Normal'","2024"
"1.984","'Tayeeglow'","'07'","'Bakool'","'Normal'","2024"
"0.833","'Tayeeglow'","11","'Bakool'","'Alert'","2024"
"1.742","'Tayeeglow'","'05'","'Bakool'","'Normal'","2024"
"1.657","'Tayeeglow'","'09'","'Bakool'","'Normal'","2024"
"0.767","'Tayeeglow'","'02'","'Bakool'","'Alarm'","2023"
"1.725","'Tayeeglow'","11","'Bakool'","'Normal'","2023"
"1.315","'Tayeeglow'","'06'","'Bakool'","'Normal'","2023"
"1.112","'Tayeeglow'","10","'Bakool'","'Normal'","2023"
"0.846","'Tayeeglow'","'03'","'Bakool'","'Alert'","2023"
"0.912","'Tayeeglow'","'09'","'Bakool'","'Alert'","2023"
"2.28","'Tayeeglow'","12","'Bakool'","'Normal'","2023"
"0.79","'Tayeeglow'","'01'","'Bakool'","'Alarm'","2023"
"1.501","'Tayeeglow'","'04'","'Bakool'","'Normal'","2023"
"1.078","'Tayeeglow'","'08'","'Bakool'","'Normal'","2023"
"1.288","'Tayeeglow'","'05'","'Bakool'","'Normal'","2023"
"1.193","'Tayeeglow'","'07'","'Bakool'","'Normal'","2023"
"0.8","'Tayeeglow'","'06'","'Bakool'","'Alert'","2022"
"0.72","'Tayeeglow'","'05'","'Bakool'","'Alarm'","2022"
"0.92","'Tayeeglow'","'09'","'Bakool'","'Alert'","2022"
"0.7","'Tayeeglow'","10","'Bakool'","'Alarm'","2022"
"1","'Tayeeglow'","'08'","'Bakool'","'Normal'","2022"
"1.06","'Tayeeglow'","'07'","'Bakool'","'Normal'","2022"
"0.35","'Tayeeglow'","'02'","'Bakool'","'Alarm'","2022"
"0.791","'Tayeeglow'","12","'Bakool'","'Alarm'","2022"
"0.4","'Tayeeglow'","'03'","'Bakool'","'Alarm'","2022"
"0.819","'Tayeeglow'","11","'Bakool'","'Alert'","2022"
"0.51","'Tayeeglow'","'04'","'Bakool'","'Alarm'","2022"
"0.3","'Tayeeglow'","'01'","'Bakool'","'Alarm'","2022"
"1.12","'Tayeeglow'","'06'","'Bakool'","'Normal'","2021"
"1.52","'Tayeeglow'","'02'","'Bakool'","'Normal'","2021"
"0.78","'Tayeeglow'","'04'","'Bakool'","'Alarm'","2021"
"1.25","'Tayeeglow'","'08'","'Bakool'","'Normal'","2021"
"1.4","'Tayeeglow'","'07'","'Bakool'","'Normal'","2021"
"0.67","'Tayeeglow'","10","'Bakool'","'Alarm'","2021"
"0.43","'Tayeeglow'","11","'Bakool'","'Alarm'","2021"
"1.01","'Tayeeglow'","'05'","'Bakool'","'Normal'","2021"
"1.44","'Tayeeglow'","'03'","'Bakool'","'Normal'","2021"
"1.02","'Tayeeglow'","'09'","'Bakool'","'Normal'","2021"
"0.36","'Tayeeglow'","12","'Bakool'","'Alarm'","2021"
"1.38","'Tayeeglow'","'01'","'Bakool'","'Normal'","2021"
"2.15","'Tayeeglow'","'01'","'Bakool'","'Normal'","2020"
"2.12","'Tayeeglow'","'09'","'Bakool'","'Normal'","2020"
"2.02","'Tayeeglow'","11","'Bakool'","'Normal'","2020"
"2.16","'Tayeeglow'","'06'","'Bakool'","'Normal'","2020"
"2.47","'Tayeeglow'","'04'","'Bakool'","'Normal'","2020"
"2.98","'Tayeeglow'","'03'","'Bakool'","'Normal'","2020"
"2.09","'Tayeeglow'","'02'","'Bakool'","'Normal'","2020"
"2.14","'Tayeeglow'","'05'","'Bakool'","'Normal'","2020"
"3.13","'Tayeeglow'","'08'","'Bakool'","'Normal'","2020"
"2.16","'Tayeeglow'","10","'Bakool'","'Normal'","2020"
"1.65","'Tayeeglow'","12","'Bakool'","'Normal'","2020"
"2.86","'Tayeeglow'","'07'","'Bakool'","'Normal'","2020"
"0.99","'Tayeeglow'","'05'","'Bakool'","'Alert'","2019"
"2.41","'Tayeeglow'","12","'Bakool'","'Normal'","2019"
"0.44","'Tayeeglow'","'04'","'Bakool'","'Alarm'","2019"
"0.6","'Tayeeglow'","'03'","'Bakool'","'Alarm'","2019"
"1.22","'Tayeeglow'","'06'","'Bakool'","'Normal'","2019"
"1.52","'Tayeeglow'","'09'","'Bakool'","'Normal'","2019"
"0.92","'Tayeeglow'","'02'","'Bakool'","'Alert'","2019"
"1.78","'Tayeeglow'","'08'","'Bakool'","'Normal'","2019"
"2.29","'Tayeeglow'","10","'Bakool'","'Normal'","2019"
"0.97","'Tayeeglow'","'01'","'Bakool'","'Alert'","2019"
"2.14","'Tayeeglow'","11","'Bakool'","'Normal'","2019"
"1.73","'Tayeeglow'","'07'","'Bakool'","'Normal'","2019"
"0.91","'Tayeeglow'","12","'Bakool'","'Alert'","2018"
"0.85","'Tayeeglow'","11","'Bakool'","'Alert'","2018"
"0.976","'Waajid'","'03'","'Bakool'","'Alert'","2026"
"0.646","'Waajid'","'02'","'Bakool'","'Alarm'","2026"
"1.357","'Waajid'","'04'","'Bakool'","'Normal'","2026"
"0.667","'Waajid'","'01'","'Bakool'","'Alarm'","2026"
"1.225","'Waajid'","'05'","'Bakool'","'Normal'","2026"
"0.987","'Waajid'","'08'","'Bakool'","'Alert'","2026"
"1.149","'Waajid'","'06'","'Bakool'","'Normal'","2026"
"1.013","'Waajid'","'07'","'Bakool'","'Normal'","2026"
"1.179","'Waajid'","'03'","'Bakool'","'Normal'","2025"
"1.5","'Waajid'","'06'","'Bakool'","'Normal'","2025"
"1.715","'Waajid'","'04'","'Bakool'","'Normal'","2025"
"1.125","'Waajid'","'09'","'Bakool'","'Normal'","2025"
"1.324","'Waajid'","'08'","'Bakool'","'Normal'","2025"
"0.77","'Waajid'","10","'Bakool'","'Alarm'","2025"
"0.675","'Waajid'","11","'Bakool'","'Alarm'","2025"
"1.075","'Waajid'","'01'","'Bakool'","'Normal'","2025"
"0.595","'Waajid'","12","'Bakool'","'Alarm'","2025"
"0.894","'Waajid'","'02'","'Bakool'","'Alert'","2025"
"1.742","'Waajid'","'05'","'Bakool'","'Normal'","2025"
"1.422","'Waajid'","'07'","'Bakool'","'Normal'","2025"
"0.822","'Waajid'","12","'Bakool'","'Alert'","2024"
"2.131","'Waajid'","'04'","'Bakool'","'Normal'","2024"
"1.779","'Waajid'","'07'","'Bakool'","'Normal'","2024"
"3.341","'Waajid'","'02'","'Bakool'","'Normal'","2024"
"1.69","'Waajid'","'09'","'Bakool'","'Normal'","2024"
"0.921","'Waajid'","10","'Bakool'","'Alert'","2024"
"1.779","'Waajid'","'08'","'Bakool'","'Normal'","2024"
"1.668","'Waajid'","'05'","'Bakool'","'Normal'","2024"
"3.164","'Waajid'","'01'","'Bakool'","'Normal'","2024"
"0.815","'Waajid'","11","'Bakool'","'Alert'","2024"
"1.582","'Waajid'","'06'","'Bakool'","'Normal'","2024"
"2.916","'Waajid'","'03'","'Bakool'","'Normal'","2024"
"2.743","'Waajid'","12","'Bakool'","'Normal'","2023"
"1.995","'Waajid'","11","'Bakool'","'Normal'","2023"
"0.896","'Waajid'","'03'","'Bakool'","'Alert'","2023"
"0.657","'Waajid'","'09'","'Bakool'","'Alarm'","2023"
"1.031","'Waajid'","'07'","'Bakool'","'Normal'","2023"
"0.835","'Waajid'","'02'","'Bakool'","'Alert'","2023"
"1.181","'Waajid'","'05'","'Bakool'","'Normal'","2023"
"1.064","'Waajid'","'06'","'Bakool'","'Normal'","2023"
"1.45","'Waajid'","'04'","'Bakool'","'Normal'","2023"
"0.797","'Waajid'","'01'","'Bakool'","'Alarm'","2023"
"1.056","'Waajid'","10","'Bakool'","'Normal'","2023"
"0.858","'Waajid'","'08'","'Bakool'","'Alert'","2023"
"0.789","'Waajid'","11","'Bakool'","'Alarm'","2022"
"1.06","'Waajid'","'08'","'Bakool'","'Normal'","2022"
"0.49","'Waajid'","'04'","'Bakool'","'Alarm'","2022"
"0.34","'Waajid'","'01'","'Bakool'","'Alarm'","2022"
"0.39","'Waajid'","'02'","'Bakool'","'Alarm'","2022"
"0.81","'Waajid'","'05'","'Bakool'","'Alert'","2022"
"0.763","'Waajid'","12","'Bakool'","'Alarm'","2022"
"0.41","'Waajid'","'03'","'Bakool'","'Alarm'","2022"
"0.69","'Waajid'","10","'Bakool'","'Alarm'","2022"
"1.2","'Waajid'","'07'","'Bakool'","'Normal'","2022"
"0.98","'Waajid'","'06'","'Bakool'","'Alert'","2022"
"0.84","'Waajid'","'09'","'Bakool'","'Alert'","2022"
"1.31","'Waajid'","'05'","'Bakool'","'Normal'","2021"
"0.58","'Waajid'","10","'Bakool'","'Alarm'","2021"
"1.35","'Waajid'","'04'","'Bakool'","'Normal'","2021"
"1.62","'Waajid'","'02'","'Bakool'","'Normal'","2021"
"1.58","'Waajid'","'07'","'Bakool'","'Normal'","2021"
"1.71","'Waajid'","'03'","'Bakool'","'Normal'","2021"
"1.48","'Waajid'","'06'","'Bakool'","'Normal'","2021"
"1.29","'Waajid'","'01'","'Bakool'","'Normal'","2021"
"1.13","'Waajid'","'09'","'Bakool'","'Normal'","2021"
"0.43","'Waajid'","11","'Bakool'","'Alarm'","2021"
"1.39","'Waajid'","'08'","'Bakool'","'Normal'","2021"
"0.35","'Waajid'","12","'Bakool'","'Alarm'","2021"
"2.52","'Waajid'","'04'","'Bakool'","'Normal'","2020"
"2.2","'Waajid'","'05'","'Bakool'","'Normal'","2020"
"2.06","'Waajid'","'09'","'Bakool'","'Normal'","2020"
"2.28","'Waajid'","'06'","'Bakool'","'Normal'","2020"
"1.3","'Waajid'","12","'Bakool'","'Normal'","2020"
"1.59","'Waajid'","11","'Bakool'","'Normal'","2020"
"2.74","'Waajid'","'01'","'Bakool'","'Normal'","2020"
"1.7","'Waajid'","10","'Bakool'","'Normal'","2020"
"2.87","'Waajid'","'08'","'Bakool'","'Normal'","2020"
"3.46","'Waajid'","'03'","'Bakool'","'Normal'","2020"
"2.31","'Waajid'","'02'","'Bakool'","'Normal'","2020"
"2.52","'Waajid'","'07'","'Bakool'","'Normal'","2020"
"1.7","'Waajid'","'07'","'Bakool'","'Normal'","2019"
"3.34","'Waajid'","10","'Bakool'","'Normal'","2019"
"1.6","'Waajid'","'08'","'Bakool'","'Normal'","2019"
"1.22","'Waajid'","'05'","'Bakool'","'Normal'","2019"
"1.59","'Waajid'","'09'","'Bakool'","'Normal'","2019"
"2.91","'Waajid'","12","'Bakool'","'Normal'","2019"
"0.52","'Waajid'","'04'","'Bakool'","'Alarm'","2019"
"0.61","'Waajid'","'03'","'Bakool'","'Alarm'","2019"
"0.73","'Waajid'","'02'","'Bakool'","'Alarm'","2019"
"0.67","'Waajid'","'01'","'Bakool'","'Alarm'","2019"
"1.51","'Waajid'","'06'","'Bakool'","'Normal'","2019"
"3.28","'Waajid'","11","'Bakool'","'Normal'","2019"
"0.81","'Waajid'","12","'Bakool'","'Alert'","2018"
"0.97","'Waajid'","11","'Bakool'","'Alert'","2018"
"0.918","'Xudur'","'08'","'Bakool'","'Alert'","2026"
"0.859","'Xudur'","'02'","'Bakool'","'Alert'","2026"
"1.155","'Xudur'","'05'","'Bakool'","'Normal'","2026"
"0.927","'Xudur'","'07'","'Bakool'","'Alert'","2026"
"1.131","'Xudur'","'03'","'Bakool'","'Normal'","2026"
"1.058","'Xudur'","'06'","'Bakool'","'Normal'","2026"
"0.857","'Xudur'","'01'","'Bakool'","'Alert'","2026"
"1.313","'Xudur'","'04'","'Bakool'","'Normal'","2026"
"0.839","'Xudur'","11","'Bakool'","'Alert'","2025"
"0.796","'Xudur'","12","'Bakool'","'Alarm'","2025"
"1.255","'Xudur'","'09'","'Bakool'","'Normal'","2025"
"1.511","'Xudur'","'06'","'Bakool'","'Normal'","2025"
"0.903","'Xudur'","10","'Bakool'","'Alert'","2025"
"0.731","'Xudur'","'02'","'Bakool'","'Alarm'","2025"
"0.974","'Xudur'","'01'","'Bakool'","'Alert'","2025"
"1.578","'Xudur'","'04'","'Bakool'","'Normal'","2025"
"0.936","'Xudur'","'03'","'Bakool'","'Alert'","2025"
"1.419","'Xudur'","'08'","'Bakool'","'Normal'","2025"
"1.819","'Xudur'","'05'","'Bakool'","'Normal'","2025"
"1.456","'Xudur'","'07'","'Bakool'","'Normal'","2025"
"1.026","'Xudur'","10","'Bakool'","'Normal'","2024"
"0.861","'Xudur'","11","'Bakool'","'Alert'","2024"
"1.795","'Xudur'","'09'","'Bakool'","'Normal'","2024"
"2.022","'Xudur'","'08'","'Bakool'","'Normal'","2024"
"2.022","'Xudur'","'07'","'Bakool'","'Normal'","2024"
"2.834","'Xudur'","'03'","'Bakool'","'Normal'","2024"
"1.682","'Xudur'","'06'","'Bakool'","'Normal'","2024"
"2.241","'Xudur'","'04'","'Bakool'","'Normal'","2024"
"1.82","'Xudur'","'05'","'Bakool'","'Normal'","2024"
"0.955","'Xudur'","12","'Bakool'","'Alert'","2024"
"3.006","'Xudur'","'02'","'Bakool'","'Normal'","2024"
"2.845","'Xudur'","'01'","'Bakool'","'Normal'","2024"
"1.197","'Xudur'","'05'","'Bakool'","'Normal'","2023"
"0.905","'Xudur'","'03'","'Bakool'","'Alert'","2023"
"1","'Xudur'","'08'","'Bakool'","'Normal'","2023"
"0.799","'Xudur'","'01'","'Bakool'","'Alarm'","2023"
"1.98","'Xudur'","11","'Bakool'","'Normal'","2023"
"1.134","'Xudur'","'06'","'Bakool'","'Normal'","2023"
"1.473","'Xudur'","'04'","'Bakool'","'Normal'","2023"
"2.525","'Xudur'","12","'Bakool'","'Normal'","2023"
"1.192","'Xudur'","10","'Bakool'","'Normal'","2023"
"0.744","'Xudur'","'09'","'Bakool'","'Alarm'","2023"
"1.114","'Xudur'","'07'","'Bakool'","'Normal'","2023"
"0.81","'Xudur'","'02'","'Bakool'","'Alert'","2023"
"0.89","'Xudur'","'06'","'Bakool'","'Alert'","2022"
"0.767","'Xudur'","11","'Bakool'","'Alarm'","2022"
"0.38","'Xudur'","'02'","'Bakool'","'Alarm'","2022"
"0.81","'Xudur'","'05'","'Bakool'","'Alert'","2022"
"0.97","'Xudur'","'07'","'Bakool'","'Alert'","2022"
"0.89","'Xudur'","'09'","'Bakool'","'Alert'","2022"
"0.5","'Xudur'","'04'","'Bakool'","'Alarm'","2022"
"0.41","'Xudur'","'03'","'Bakool'","'Alarm'","2022"
"0.734","'Xudur'","12","'Bakool'","'Alarm'","2022"
"0.38","'Xudur'","'01'","'Bakool'","'Alarm'","2022"
"0.95","'Xudur'","10","'Bakool'","'Alert'","2022"
"0.93","'Xudur'","'08'","'Bakool'","'Alert'","2022"
"0.68","'Xudur'","10","'Bakool'","'Alarm'","2021"
"0.39","'Xudur'","12","'Bakool'","'Alarm'","2021"
"1.54","'Xudur'","'07'","'Bakool'","'Normal'","2021"
"1.47","'Xudur'","'08'","'Bakool'","'Normal'","2021"
"1.5","'Xudur'","'06'","'Bakool'","'Normal'","2021"
"1.57","'Xudur'","'05'","'Bakool'","'Normal'","2021"
"1.76","'Xudur'","'03'","'Bakool'","'Normal'","2021"
"1.55","'Xudur'","'01'","'Bakool'","'Normal'","2021"
"1.7","'Xudur'","'02'","'Bakool'","'Normal'","2021"
"1.22","'Xudur'","'09'","'Bakool'","'Normal'","2021"
"1.26","'Xudur'","'04'","'Bakool'","'Normal'","2021"
"0.45","'Xudur'","11","'Bakool'","'Alarm'","2021"
"1.93","'Xudur'","11","'Bakool'","'Normal'","2020"
"2.61","'Xudur'","'01'","'Bakool'","'Normal'","2020"
"1.92","'Xudur'","10","'Bakool'","'Normal'","2020"
"2.42","'Xudur'","'04'","'Bakool'","'Normal'","2020"
"2.13","'Xudur'","'05'","'Bakool'","'Normal'","2020"
"3.2","'Xudur'","'03'","'Bakool'","'Normal'","2020"
"1.64","'Xudur'","12","'Bakool'","'Normal'","2020"
"2.5","'Xudur'","'07'","'Bakool'","'Normal'","2020"
"2.11","'Xudur'","'06'","'Bakool'","'Normal'","2020"
"2.09","'Xudur'","'02'","'Bakool'","'Normal'","2020"
"2.07","'Xudur'","'09'","'Bakool'","'Normal'","2020"
"2.98","'Xudur'","'08'","'Bakool'","'Normal'","2020"
"1.67","'Xudur'","'08'","'Bakool'","'Normal'","2019"
"1.15","'Xudur'","'05'","'Bakool'","'Normal'","2019"
"2.92","'Xudur'","12","'Bakool'","'Normal'","2019"
"1.38","'Xudur'","'06'","'Bakool'","'Normal'","2019"
"0.62","'Xudur'","'03'","'Bakool'","'Alarm'","2019"
"3.2","'Xudur'","11","'Bakool'","'Normal'","2019"
"1.66","'Xudur'","'07'","'Bakool'","'Normal'","2019"
"1.97","'Xudur'","'09'","'Bakool'","'Normal'","2019"
"3.42","'Xudur'","10","'Bakool'","'Normal'","2019"
"0.45","'Xudur'","'04'","'Bakool'","'Alarm'","2019"
"0.88","'Xudur'","'02'","'Bakool'","'Alert'","2019"
"0.87","'Xudur'","'01'","'Bakool'","'Alert'","2019"
"0.81","'Xudur'","12","'Bakool'","'Alert'","2018"
"0.94","'Xudur'","11","'Bakool'","'Alert'","2018"
"0.752","'Baydhaba'","'03'","'Bay'","'Alarm'","2026"
"0.967","'Baydhaba'","'05'","'Bay'","'Alert'","2026"
"0.585","'Baydhaba'","'01'","'Bay'","'Alarm'","2026"
"0.561","'Baydhaba'","'02'","'Bay'","'Alarm'","2026"
"1.012","'Baydhaba'","'04'","'Bay'","'Normal'","2026"
"0.9","'Baydhaba'","'06'","'Bay'","'Alert'","2026"
"0.798","'Baydhaba'","'07'","'Bay'","'Alarm'","2026"
"0.773","'Baydhaba'","'08'","'Bay'","'Alarm'","2026"
"1.677","'Baydhaba'","'05'","'Bay'","'Normal'","2025"
"0.9","'Baydhaba'","'02'","'Bay'","'Alert'","2025"
"0.596","'Baydhaba'","11","'Bay'","'Alarm'","2025"
"1.045","'Baydhaba'","'01'","'Bay'","'Normal'","2025"
"1.477","'Baydhaba'","'06'","'Bay'","'Normal'","2025"
"1.647","'Baydhaba'","'04'","'Bay'","'Normal'","2025"
"1.075","'Baydhaba'","'03'","'Bay'","'Normal'","2025"
"0.705","'Baydhaba'","10","'Bay'","'Alarm'","2025"
"1.227","'Baydhaba'","'08'","'Bay'","'Normal'","2025"
"0.515","'Baydhaba'","12","'Bay'","'Alarm'","2025"
"1.393","'Baydhaba'","'07'","'Bay'","'Normal'","2025"
"1.078","'Baydhaba'","'09'","'Bay'","'Normal'","2025"
"2.652","'Baydhaba'","'03'","'Bay'","'Normal'","2024"
"1.552","'Baydhaba'","'09'","'Bay'","'Normal'","2024"
"2.974","'Baydhaba'","'02'","'Bay'","'Normal'","2024"
"0.704","'Baydhaba'","12","'Bay'","'Alarm'","2024"
"0.911","'Baydhaba'","10","'Bay'","'Alert'","2024"
"0.794","'Baydhaba'","11","'Bay'","'Alarm'","2024"
"1.694","'Baydhaba'","'08'","'Bay'","'Normal'","2024"
"2.174","'Baydhaba'","'04'","'Bay'","'Normal'","2024"
"1.58","'Baydhaba'","'05'","'Bay'","'Normal'","2024"
"1.512","'Baydhaba'","'06'","'Bay'","'Normal'","2024"
"1.694","'Baydhaba'","'07'","'Bay'","'Normal'","2024"
"2.897","'Baydhaba'","'01'","'Bay'","'Normal'","2024"
"1.022","'Baydhaba'","10","'Bay'","'Normal'","2023"
"0.667","'Baydhaba'","'09'","'Bay'","'Alarm'","2023"
"1.198","'Baydhaba'","'05'","'Bay'","'Normal'","2023"
"0.785","'Baydhaba'","'03'","'Bay'","'Alarm'","2023"
"0.755","'Baydhaba'","'02'","'Bay'","'Alarm'","2023"
"0.879","'Baydhaba'","'08'","'Bay'","'Alert'","2023"
"2.563","'Baydhaba'","12","'Bay'","'Normal'","2023"
"0.787","'Baydhaba'","'01'","'Bay'","'Alarm'","2023"
"1.873","'Baydhaba'","11","'Bay'","'Normal'","2023"
"1.135","'Baydhaba'","'06'","'Bay'","'Normal'","2023"
"1.357","'Baydhaba'","'04'","'Bay'","'Normal'","2023"
"1.01","'Baydhaba'","'07'","'Bay'","'Normal'","2023"
"0.41","'Baydhaba'","'03'","'Bay'","'Alarm'","2022"
"0.74","'Baydhaba'","'06'","'Bay'","'Alarm'","2022"
"0.81","'Baydhaba'","'09'","'Bay'","'Alert'","2022"
"0.42","'Baydhaba'","'04'","'Bay'","'Alarm'","2022"
"0.68","'Baydhaba'","10","'Bay'","'Alarm'","2022"
"0.767","'Baydhaba'","11","'Bay'","'Alarm'","2022"
"0.83","'Baydhaba'","'07'","'Bay'","'Alert'","2022"
"0.795","'Baydhaba'","12","'Bay'","'Alarm'","2022"
"0.33","'Baydhaba'","'01'","'Bay'","'Alarm'","2022"
"0.87","'Baydhaba'","'08'","'Bay'","'Alert'","2022"
"0.38","'Baydhaba'","'02'","'Bay'","'Alarm'","2022"
"0.65","'Baydhaba'","'05'","'Bay'","'Alarm'","2022"
"1.26","'Baydhaba'","'07'","'Bay'","'Normal'","2021"
"0.8","'Baydhaba'","'04'","'Bay'","'Alert'","2021"
"0.93","'Baydhaba'","'05'","'Bay'","'Alert'","2021"
"0.36","'Baydhaba'","12","'Bay'","'Alarm'","2021"
"1.37","'Baydhaba'","'02'","'Bay'","'Normal'","2021"
"1.22","'Baydhaba'","'01'","'Bay'","'Normal'","2021"
"1.27","'Baydhaba'","'03'","'Bay'","'Normal'","2021"
"0.63","'Baydhaba'","10","'Bay'","'Alarm'","2021"
"1.05","'Baydhaba'","'09'","'Bay'","'Normal'","2021"
"1.19","'Baydhaba'","'08'","'Bay'","'Normal'","2021"
"1.06","'Baydhaba'","'06'","'Bay'","'Normal'","2021"
"0.44","'Baydhaba'","11","'Bay'","'Alarm'","2021"
"1.89","'Baydhaba'","'09'","'Bay'","'Normal'","2020"
"1.64","'Baydhaba'","'06'","'Bay'","'Normal'","2020"
"1.82","'Baydhaba'","10","'Bay'","'Normal'","2020"
"1.94","'Baydhaba'","'07'","'Bay'","'Normal'","2020"
"1.91","'Baydhaba'","'04'","'Bay'","'Normal'","2020"
"1.73","'Baydhaba'","'02'","'Bay'","'Normal'","2020"
"2.66","'Baydhaba'","'03'","'Bay'","'Normal'","2020"
"2.24","'Baydhaba'","'01'","'Bay'","'Normal'","2020"
"2.44","'Baydhaba'","'08'","'Bay'","'Normal'","2020"
"1.38","'Baydhaba'","12","'Bay'","'Normal'","2020"
"1.57","'Baydhaba'","'05'","'Bay'","'Normal'","2020"
"1.7","'Baydhaba'","11","'Bay'","'Normal'","2020"
"2.47","'Baydhaba'","12","'Bay'","'Normal'","2019"
"0.97","'Baydhaba'","'01'","'Bay'","'Alert'","2019"
"0.55","'Baydhaba'","'03'","'Bay'","'Alarm'","2019"
"0.48","'Baydhaba'","'04'","'Bay'","'Alarm'","2019"
"1.58","'Baydhaba'","'08'","'Bay'","'Normal'","2019"
"0.85","'Baydhaba'","'02'","'Bay'","'Alert'","2019"
"2.79","'Baydhaba'","10","'Bay'","'Normal'","2019"
"1.22","'Baydhaba'","'06'","'Bay'","'Normal'","2019"
"1.04","'Baydhaba'","'05'","'Bay'","'Normal'","2019"
"1.47","'Baydhaba'","'07'","'Bay'","'Normal'","2019"
"1.37","'Baydhaba'","'09'","'Bay'","'Normal'","2019"
"2.42","'Baydhaba'","11","'Bay'","'Normal'","2019"
"0.79","'Baydhaba'","12","'Bay'","'Alarm'","2018"
"0.69","'Baydhaba'","11","'Bay'","'Alarm'","2018"
"0.965","'Buur Hakaba'","'04'","'Bay'","'Alert'","2026"
"0.898","'Buur Hakaba'","'07'","'Bay'","'Alert'","2026"
"0.892","'Buur Hakaba'","'08'","'Bay'","'Alert'","2026"
"0.883","'Buur Hakaba'","'06'","'Bay'","'Alert'","2026"
"0.945","'Buur Hakaba'","'05'","'Bay'","'Alert'","2026"
"0.515","'Buur Hakaba'","'02'","'Bay'","'Alarm'","2026"
"0.668","'Buur Hakaba'","'03'","'Bay'","'Alarm'","2026"
"0.538","'Buur Hakaba'","'01'","'Bay'","'Alarm'","2026"
"1.752","'Buur Hakaba'","'06'","'Bay'","'Normal'","2025"
"0.926","'Buur Hakaba'","'02'","'Bay'","'Alert'","2025"
"1.624","'Buur Hakaba'","'07'","'Bay'","'Normal'","2025"
"1.602","'Buur Hakaba'","'04'","'Bay'","'Normal'","2025"
"1.059","'Buur Hakaba'","'03'","'Bay'","'Normal'","2025"
"0.866","'Buur Hakaba'","10","'Bay'","'Alert'","2025"
"1.69","'Buur Hakaba'","'05'","'Bay'","'Normal'","2025"
"0.473","'Buur Hakaba'","12","'Bay'","'Alarm'","2025"
"0.602","'Buur Hakaba'","11","'Bay'","'Alarm'","2025"
"1.407","'Buur Hakaba'","'08'","'Bay'","'Normal'","2025"
"1.234","'Buur Hakaba'","'09'","'Bay'","'Normal'","2025"
"1.025","'Buur Hakaba'","'01'","'Bay'","'Normal'","2025"
"0.621","'Buur Hakaba'","12","'Bay'","'Alarm'","2024"
"1.415","'Buur Hakaba'","'05'","'Bay'","'Normal'","2024"
"1.309","'Buur Hakaba'","'06'","'Bay'","'Normal'","2024"
"1.381","'Buur Hakaba'","'07'","'Bay'","'Normal'","2024"
"2.697","'Buur Hakaba'","'02'","'Bay'","'Normal'","2024"
"1.995","'Buur Hakaba'","'04'","'Bay'","'Normal'","2024"
"1.381","'Buur Hakaba'","'08'","'Bay'","'Normal'","2024"
"2.499","'Buur Hakaba'","'03'","'Bay'","'Normal'","2024"
"2.687","'Buur Hakaba'","'01'","'Bay'","'Normal'","2024"
"1.332","'Buur Hakaba'","'09'","'Bay'","'Normal'","2024"
"0.778","'Buur Hakaba'","11","'Bay'","'Alarm'","2024"
"0.812","'Buur Hakaba'","10","'Bay'","'Alert'","2024"
"1.216","'Buur Hakaba'","'05'","'Bay'","'Normal'","2023"
"1.62","'Buur Hakaba'","11","'Bay'","'Normal'","2023"
"1.314","'Buur Hakaba'","'04'","'Bay'","'Normal'","2023"
"0.649","'Buur Hakaba'","'02'","'Bay'","'Alarm'","2023"
"2.245","'Buur Hakaba'","12","'Bay'","'Normal'","2023"
"0.705","'Buur Hakaba'","'01'","'Bay'","'Alarm'","2023"
"0.838","'Buur Hakaba'","'08'","'Bay'","'Alert'","2023"
"0.966","'Buur Hakaba'","'07'","'Bay'","'Alert'","2023"
"1.14","'Buur Hakaba'","'06'","'Bay'","'Normal'","2023"
"0.908","'Buur Hakaba'","10","'Bay'","'Alert'","2023"
"0.757","'Buur Hakaba'","'09'","'Bay'","'Alarm'","2023"
"0.673","'Buur Hakaba'","'03'","'Bay'","'Alarm'","2023"
"0.87","'Buur Hakaba'","'07'","'Bay'","'Alert'","2022"
"0.63","'Buur Hakaba'","'05'","'Bay'","'Alarm'","2022"
"0.8","'Buur Hakaba'","11","'Bay'","'Alert'","2022"
"0.85","'Buur Hakaba'","'09'","'Bay'","'Alert'","2022"
"0.89","'Buur Hakaba'","'08'","'Bay'","'Alert'","2022"
"0.27","'Buur Hakaba'","'01'","'Bay'","'Alarm'","2022"
"0.788","'Buur Hakaba'","12","'Bay'","'Alarm'","2022"
"0.78","'Buur Hakaba'","'06'","'Bay'","'Alarm'","2022"
"0.32","'Buur Hakaba'","'02'","'Bay'","'Alarm'","2022"
"0.34","'Buur Hakaba'","'03'","'Bay'","'Alarm'","2022"
"0.63","'Buur Hakaba'","10","'Bay'","'Alarm'","2022"
"0.42","'Buur Hakaba'","'04'","'Bay'","'Alarm'","2022"
"0.52","'Buur Hakaba'","10","'Bay'","'Alarm'","2021"
"0.91","'Buur Hakaba'","'08'","'Bay'","'Alert'","2021"
"1.3","'Buur Hakaba'","'03'","'Bay'","'Normal'","2021"
"1.41","'Buur Hakaba'","'01'","'Bay'","'Normal'","2021"
"0.8","'Buur Hakaba'","'09'","'Bay'","'Alert'","2021"
"0.6","'Buur Hakaba'","'05'","'Bay'","'Alarm'","2021"
"0.78","'Buur Hakaba'","'04'","'Bay'","'Alarm'","2021"
"1.47","'Buur Hakaba'","'02'","'Bay'","'Normal'","2021"
"0.55","'Buur Hakaba'","'06'","'Bay'","'Alarm'","2021"
"0.74","'Buur Hakaba'","'07'","'Bay'","'Alarm'","2021"
"0.31","'Buur Hakaba'","12","'Bay'","'Alarm'","2021"
"0.39","'Buur Hakaba'","11","'Bay'","'Alarm'","2021"
"1.75","'Buur Hakaba'","10","'Bay'","'Normal'","2020"
"1.53","'Buur Hakaba'","'02'","'Bay'","'Normal'","2020"
"1.94","'Buur Hakaba'","'01'","'Bay'","'Normal'","2020"
"1.78","'Buur Hakaba'","'04'","'Bay'","'Normal'","2020"
"1.94","'Buur Hakaba'","'07'","'Bay'","'Normal'","2020"
"2.33","'Buur Hakaba'","'03'","'Bay'","'Normal'","2020"
"1.7","'Buur Hakaba'","12","'Bay'","'Normal'","2020"
"1.72","'Buur Hakaba'","11","'Bay'","'Normal'","2020"
"1.49","'Buur Hakaba'","'05'","'Bay'","'Normal'","2020"
"1.88","'Buur Hakaba'","'09'","'Bay'","'Normal'","2020"
"1.5","'Buur Hakaba'","'06'","'Bay'","'Normal'","2020"
"2.32","'Buur Hakaba'","'08'","'Bay'","'Normal'","2020"
"1.16","'Buur Hakaba'","'06'","'Bay'","'Normal'","2019"
"0.68","'Buur Hakaba'","'03'","'Bay'","'Alarm'","2019"
"1.38","'Buur Hakaba'","'09'","'Bay'","'Normal'","2019"
"1.4","'Buur Hakaba'","'07'","'Bay'","'Normal'","2019"
"0.84","'Buur Hakaba'","'01'","'Bay'","'Alert'","2019"
"1.51","'Buur Hakaba'","'08'","'Bay'","'Normal'","2019"
"1.17","'Buur Hakaba'","'05'","'Bay'","'Normal'","2019"
"2.11","'Buur Hakaba'","12","'Bay'","'Normal'","2019"
"2.41","'Buur Hakaba'","10","'Bay'","'Normal'","2019"
"0.74","'Buur Hakaba'","'04'","'Bay'","'Alarm'","2019"
"2.11","'Buur Hakaba'","11","'Bay'","'Normal'","2019"
"0.75","'Buur Hakaba'","'02'","'Bay'","'Alarm'","2019"
"0.58","'Buur Hakaba'","11","'Bay'","'Alarm'","2018"
"0.67","'Buur Hakaba'","12","'Bay'","'Alarm'","2018"
"0.998","'Diinsoor'","'04'","'Bay'","'Alert'","2026"
"0.519","'Diinsoor'","'01'","'Bay'","'Alarm'","2026"
"0.838","'Diinsoor'","'08'","'Bay'","'Alert'","2026"
"1.084","'Diinsoor'","'05'","'Bay'","'Normal'","2026"
"0.505","'Diinsoor'","'02'","'Bay'","'Alarm'","2026"
"0.709","'Diinsoor'","'03'","'Bay'","'Alarm'","2026"
"0.961","'Diinsoor'","'07'","'Bay'","'Alert'","2026"
"1.028","'Diinsoor'","'06'","'Bay'","'Normal'","2026"
"1.215","'Diinsoor'","'01'","'Bay'","'Normal'","2025"
"1.599","'Diinsoor'","'07'","'Bay'","'Normal'","2025"
"1.406","'Diinsoor'","'08'","'Bay'","'Normal'","2025"
"1.353","'Diinsoor'","'03'","'Bay'","'Normal'","2025"
"0.586","'Diinsoor'","11","'Bay'","'Alarm'","2025"
"1.189","'Diinsoor'","'09'","'Bay'","'Normal'","2025"
"1.708","'Diinsoor'","'06'","'Bay'","'Normal'","2025"
"1.708","'Diinsoor'","'05'","'Bay'","'Normal'","2025"
"1.78","'Diinsoor'","'04'","'Bay'","'Normal'","2025"
"0.462","'Diinsoor'","12","'Bay'","'Alarm'","2025"
"0.775","'Diinsoor'","10","'Bay'","'Alarm'","2025"
"1.193","'Diinsoor'","'02'","'Bay'","'Normal'","2025"
"1.293","'Diinsoor'","'06'","'Bay'","'Normal'","2024"
"1.312","'Diinsoor'","'08'","'Bay'","'Normal'","2024"
"1.338","'Diinsoor'","'05'","'Bay'","'Normal'","2024"
"1.312","'Diinsoor'","'07'","'Bay'","'Normal'","2024"
"2.131","'Diinsoor'","'04'","'Bay'","'Normal'","2024"
"0.738","'Diinsoor'","10","'Bay'","'Alarm'","2024"
"2.802","'Diinsoor'","'02'","'Bay'","'Normal'","2024"
"2.478","'Diinsoor'","'03'","'Bay'","'Normal'","2024"
"2.814","'Diinsoor'","'01'","'Bay'","'Normal'","2024"
"0.888","'Diinsoor'","11","'Bay'","'Alert'","2024"
"0.592","'Diinsoor'","12","'Bay'","'Alarm'","2024"
"1.262","'Diinsoor'","'09'","'Bay'","'Normal'","2024"
"1.391","'Diinsoor'","'05'","'Bay'","'Normal'","2023"
"0.687","'Diinsoor'","'01'","'Bay'","'Alarm'","2023"
"1.019","'Diinsoor'","'08'","'Bay'","'Normal'","2023"
"1.173","'Diinsoor'","'07'","'Bay'","'Normal'","2023"
"1.691","'Diinsoor'","11","'Bay'","'Normal'","2023"
"0.78","'Diinsoor'","'03'","'Bay'","'Alarm'","2023"
"1.328","'Diinsoor'","'06'","'Bay'","'Normal'","2023"
"0.948","'Diinsoor'","10","'Bay'","'Alert'","2023"
"0.804","'Diinsoor'","'09'","'Bay'","'Alert'","2023"
"2.416","'Diinsoor'","12","'Bay'","'Normal'","2023"
"0.661","'Diinsoor'","'02'","'Bay'","'Alarm'","2023"
"1.389","'Diinsoor'","'04'","'Bay'","'Normal'","2023"
"0.816","'Diinsoor'","11","'Bay'","'Alert'","2022"
"0.35","'Diinsoor'","'02'","'Bay'","'Alarm'","2022"
"0.96","'Diinsoor'","'07'","'Bay'","'Alert'","2022"
"0.67","'Diinsoor'","'05'","'Bay'","'Alarm'","2022"
"0.32","'Diinsoor'","'03'","'Bay'","'Alarm'","2022"
"0.93","'Diinsoor'","'08'","'Bay'","'Alert'","2022"
"0.43","'Diinsoor'","'04'","'Bay'","'Alarm'","2022"
"1.03","'Diinsoor'","'09'","'Bay'","'Normal'","2022"
"0.9","'Diinsoor'","10","'Bay'","'Alert'","2022"
"0.733","'Diinsoor'","12","'Bay'","'Alarm'","2022"
"0.34","'Diinsoor'","'01'","'Bay'","'Alarm'","2022"
"0.8","'Diinsoor'","'06'","'Bay'","'Alert'","2022"
"1.04","'Diinsoor'","'08'","'Bay'","'Normal'","2021"
"0.9","'Diinsoor'","'06'","'Bay'","'Alert'","2021"
"1.2","'Diinsoor'","'02'","'Bay'","'Normal'","2021"
"1.11","'Diinsoor'","'01'","'Bay'","'Normal'","2021"
"1.1","'Diinsoor'","'09'","'Bay'","'Normal'","2021"
"0.79","'Diinsoor'","'04'","'Bay'","'Alarm'","2021"
"0.36","'Diinsoor'","12","'Bay'","'Alarm'","2021"
"1.13","'Diinsoor'","'03'","'Bay'","'Normal'","2021"
"0.83","'Diinsoor'","'05'","'Bay'","'Alert'","2021"
"0.95","'Diinsoor'","'07'","'Bay'","'Alert'","2021"
"0.56","'Diinsoor'","11","'Bay'","'Alarm'","2021"
"0.84","'Diinsoor'","10","'Bay'","'Alert'","2021"
"1.2","'Diinsoor'","11","'Bay'","'Normal'","2020"
"1.71","'Diinsoor'","'08'","'Bay'","'Normal'","2020"
"0.9","'Diinsoor'","10","'Bay'","'Alert'","2020"
"1.58","'Diinsoor'","'07'","'Bay'","'Normal'","2020"
"3.02","'Diinsoor'","'03'","'Bay'","'Normal'","2020"
"2.21","'Diinsoor'","'02'","'Bay'","'Normal'","2020"
"1.31","'Diinsoor'","12","'Bay'","'Normal'","2020"
"1.22","'Diinsoor'","'09'","'Bay'","'Normal'","2020"
"2.05","'Diinsoor'","'04'","'Bay'","'Normal'","2020"
"2.1","'Diinsoor'","'01'","'Bay'","'Normal'","2020"
"1.31","'Diinsoor'","'06'","'Bay'","'Normal'","2020"
"1.36","'Diinsoor'","'05'","'Bay'","'Normal'","2020"
"1.41","'Diinsoor'","'08'","'Bay'","'Normal'","2019"
"2.53","'Diinsoor'","11","'Bay'","'Normal'","2019"
"1.37","'Diinsoor'","'05'","'Bay'","'Normal'","2019"
"0.94","'Diinsoor'","'03'","'Bay'","'Alert'","2019"
"1.27","'Diinsoor'","'07'","'Bay'","'Normal'","2019"
"1.09","'Diinsoor'","'01'","'Bay'","'Normal'","2019"
"2.26","'Diinsoor'","12","'Bay'","'Normal'","2019"
"1.21","'Diinsoor'","'06'","'Bay'","'Normal'","2019"
"1.03","'Diinsoor'","'04'","'Bay'","'Normal'","2019"
"1.62","'Diinsoor'","'09'","'Bay'","'Normal'","2019"
"1","'Diinsoor'","'02'","'Bay'","'Normal'","2019"
"2.99","'Diinsoor'","10","'Bay'","'Normal'","2019"
"0.97","'Diinsoor'","12","'Bay'","'Alert'","2018"
"0.83","'Diinsoor'","11","'Bay'","'Alert'","2018"
"0.838","'Qansax Dheere'","'03'","'Bay'","'Alert'","2026"
"0.952","'Qansax Dheere'","'07'","'Bay'","'Alert'","2026"
"1.134","'Qansax Dheere'","'04'","'Bay'","'Normal'","2026"
"0.849","'Qansax Dheere'","'08'","'Bay'","'Alert'","2026"
"0.564","'Qansax Dheere'","'02'","'Bay'","'Alarm'","2026"
"0.579","'Qansax Dheere'","'01'","'Bay'","'Alarm'","2026"
"0.994","'Qansax Dheere'","'06'","'Bay'","'Alert'","2026"
"1.075","'Qansax Dheere'","'05'","'Bay'","'Normal'","2026"
"1.255","'Qansax Dheere'","'03'","'Bay'","'Normal'","2025"
"1.091","'Qansax Dheere'","'02'","'Bay'","'Normal'","2025"
"0.503","'Qansax Dheere'","12","'Bay'","'Alarm'","2025"
"1.721","'Qansax Dheere'","'05'","'Bay'","'Normal'","2025"
"1.678","'Qansax Dheere'","'06'","'Bay'","'Normal'","2025"
"1.615","'Qansax Dheere'","'07'","'Bay'","'Normal'","2025"
"1.295","'Qansax Dheere'","'09'","'Bay'","'Normal'","2025"
"1.434","'Qansax Dheere'","'08'","'Bay'","'Normal'","2025"
"1.811","'Qansax Dheere'","'04'","'Bay'","'Normal'","2025"
"1.209","'Qansax Dheere'","'01'","'Bay'","'Normal'","2025"
"0.74","'Qansax Dheere'","10","'Bay'","'Alarm'","2025"
"0.606","'Qansax Dheere'","11","'Bay'","'Alarm'","2025"
"3.357","'Qansax Dheere'","'02'","'Bay'","'Normal'","2024"
"3.211","'Qansax Dheere'","'01'","'Bay'","'Normal'","2024"
"2.317","'Qansax Dheere'","'04'","'Bay'","'Normal'","2024"
"1.49","'Qansax Dheere'","'08'","'Bay'","'Normal'","2024"
"0.668","'Qansax Dheere'","12","'Bay'","'Alarm'","2024"
"0.887","'Qansax Dheere'","11","'Bay'","'Alert'","2024"
"1.516","'Qansax Dheere'","'09'","'Bay'","'Normal'","2024"
"0.802","'Qansax Dheere'","10","'Bay'","'Alert'","2024"
"1.501","'Qansax Dheere'","'06'","'Bay'","'Normal'","2024"
"1.595","'Qansax Dheere'","'05'","'Bay'","'Normal'","2024"
"2.917","'Qansax Dheere'","'03'","'Bay'","'Normal'","2024"
"1.49","'Qansax Dheere'","'07'","'Bay'","'Normal'","2024"
"1.108","'Qansax Dheere'","10","'Bay'","'Normal'","2023"
"0.821","'Qansax Dheere'","'09'","'Bay'","'Alert'","2023"
"1.261","'Qansax Dheere'","'07'","'Bay'","'Normal'","2023"
"2.111","'Qansax Dheere'","11","'Bay'","'Normal'","2023"
"1.402","'Qansax Dheere'","'04'","'Bay'","'Normal'","2023"
"0.639","'Qansax Dheere'","'01'","'Bay'","'Alarm'","2023"
"1.384","'Qansax Dheere'","'06'","'Bay'","'Normal'","2023"
"0.77","'Qansax Dheere'","'03'","'Bay'","'Alarm'","2023"
"1.082","'Qansax Dheere'","'08'","'Bay'","'Normal'","2023"
"0.6","'Qansax Dheere'","'02'","'Bay'","'Alarm'","2023"
"1.407","'Qansax Dheere'","'05'","'Bay'","'Normal'","2023"
"2.807","'Qansax Dheere'","12","'Bay'","'Normal'","2023"
"0.73","'Qansax Dheere'","'06'","'Bay'","'Alarm'","2022"
"0.66","'Qansax Dheere'","10","'Bay'","'Alarm'","2022"
"0.82","'Qansax Dheere'","'08'","'Bay'","'Alert'","2022"
"0.38","'Qansax Dheere'","'03'","'Bay'","'Alarm'","2022"
"0.3","'Qansax Dheere'","'01'","'Bay'","'Alarm'","2022"
"0.36","'Qansax Dheere'","'02'","'Bay'","'Alarm'","2022"
"0.39","'Qansax Dheere'","'04'","'Bay'","'Alarm'","2022"
"0.676","'Qansax Dheere'","12","'Bay'","'Alarm'","2022"
"0.59","'Qansax Dheere'","'05'","'Bay'","'Alarm'","2022"
"0.81","'Qansax Dheere'","'07'","'Bay'","'Alert'","2022"
"0.75","'Qansax Dheere'","'09'","'Bay'","'Alarm'","2022"
"0.78","'Qansax Dheere'","11","'Bay'","'Alarm'","2022"
"0.6","'Qansax Dheere'","10","'Bay'","'Alarm'","2021"
"1.01","'Qansax Dheere'","'09'","'Bay'","'Normal'","2021"
"0.32","'Qansax Dheere'","12","'Bay'","'Alarm'","2021"
"0.97","'Qansax Dheere'","'05'","'Bay'","'Alert'","2021"
"0.4","'Qansax Dheere'","11","'Bay'","'Alarm'","2021"
"1.09","'Qansax Dheere'","'06'","'Bay'","'Normal'","2021"
"1.17","'Qansax Dheere'","'08'","'Bay'","'Normal'","2021"
"1.22","'Qansax Dheere'","'02'","'Bay'","'Normal'","2021"
"1.15","'Qansax Dheere'","'03'","'Bay'","'Normal'","2021"
"1.31","'Qansax Dheere'","'01'","'Bay'","'Normal'","2021"
"1.16","'Qansax Dheere'","'07'","'Bay'","'Normal'","2021"
"0.84","'Qansax Dheere'","'04'","'Bay'","'Alert'","2021"
"2.03","'Qansax Dheere'","'08'","'Bay'","'Normal'","2020"
"1.74","'Qansax Dheere'","'07'","'Bay'","'Normal'","2020"
"2.21","'Qansax Dheere'","'01'","'Bay'","'Normal'","2020"
"2.14","'Qansax Dheere'","'04'","'Bay'","'Normal'","2020"
"3.16","'Qansax Dheere'","'03'","'Bay'","'Normal'","2020"
"1.68","'Qansax Dheere'","'05'","'Bay'","'Normal'","2020"
"1.24","'Qansax Dheere'","12","'Bay'","'Normal'","2020"
"1","'Qansax Dheere'","10","'Bay'","'Normal'","2020"
"1.6","'Qansax Dheere'","'06'","'Bay'","'Normal'","2020"
"1.03","'Qansax Dheere'","11","'Bay'","'Normal'","2020"
"1.49","'Qansax Dheere'","'09'","'Bay'","'Normal'","2020"
"2.36","'Qansax Dheere'","'02'","'Bay'","'Normal'","2020"
"1.13","'Qansax Dheere'","'05'","'Bay'","'Normal'","2019"
"0.91","'Qansax Dheere'","'02'","'Bay'","'Alert'","2019"
"1.23","'Qansax Dheere'","'08'","'Bay'","'Normal'","2019"
"1.27","'Qansax Dheere'","'09'","'Bay'","'Normal'","2019"
"0.6","'Qansax Dheere'","'04'","'Bay'","'Alarm'","2019"
"2.46","'Qansax Dheere'","11","'Bay'","'Normal'","2019"
"2.42","'Qansax Dheere'","12","'Bay'","'Normal'","2019"
"2.97","'Qansax Dheere'","10","'Bay'","'Normal'","2019"
"1.2","'Qansax Dheere'","'07'","'Bay'","'Normal'","2019"
"1.15","'Qansax Dheere'","'06'","'Bay'","'Normal'","2019"
"0.68","'Qansax Dheere'","'03'","'Bay'","'Alarm'","2019"
"0.96","'Qansax Dheere'","'01'","'Bay'","'Alert'","2019"
"0.74","'Qansax Dheere'","12","'Bay'","'Alarm'","2018"
"0.44","'Qansax Dheere'","11","'Bay'","'Alarm'","2018"
"0.522","'Afgooye'","'01'","'Lower Shabelle'","'Alarm'","2026"
"0.656","'Afgooye'","'03'","'Lower Shabelle'","'Alarm'","2026"
"0.977","'Afgooye'","'04'","'Lower Shabelle'","'Alert'","2026"
"0.508","'Afgooye'","'02'","'Lower Shabelle'","'Alarm'","2026"
"1.379","'Afgooye'","'08'","'Lower Shabelle'","'Normal'","2026"
"1.3","'Afgooye'","'05'","'Lower Shabelle'","'Normal'","2026"
"1.253","'Afgooye'","'06'","'Lower Shabelle'","'Normal'","2026"
"1.354","'Afgooye'","'07'","'Lower Shabelle'","'Normal'","2026"
"1.092","'Afgooye'","10","'Lower Shabelle'","'Normal'","2025"
"1.801","'Afgooye'","'05'","'Lower Shabelle'","'Normal'","2025"
"1.987","'Afgooye'","'06'","'Lower Shabelle'","'Normal'","2025"
"1.672","'Afgooye'","'08'","'Lower Shabelle'","'Normal'","2025"
"1.166","'Afgooye'","'01'","'Lower Shabelle'","'Normal'","2025"
"1.062","'Afgooye'","'02'","'Lower Shabelle'","'Normal'","2025"
"0.69","'Afgooye'","11","'Lower Shabelle'","'Alarm'","2025"
"1.256","'Afgooye'","'03'","'Lower Shabelle'","'Normal'","2025"
"0.456","'Afgooye'","12","'Lower Shabelle'","'Alarm'","2025"
"1.542","'Afgooye'","'04'","'Lower Shabelle'","'Normal'","2025"
"1.529","'Afgooye'","'09'","'Lower Shabelle'","'Normal'","2025"
"1.945","'Afgooye'","'07'","'Lower Shabelle'","'Normal'","2025"
"0.656","'Afgooye'","12","'Lower Shabelle'","'Alarm'","2024"
"2.533","'Afgooye'","'01'","'Lower Shabelle'","'Normal'","2024"
"2.556","'Afgooye'","'02'","'Lower Shabelle'","'Normal'","2024"
"1.259","'Afgooye'","'06'","'Lower Shabelle'","'Normal'","2024"
"1.222","'Afgooye'","'07'","'Lower Shabelle'","'Normal'","2024"
"0.966","'Afgooye'","10","'Lower Shabelle'","'Alert'","2024"
"1.398","'Afgooye'","'05'","'Lower Shabelle'","'Normal'","2024"
"2.458","'Afgooye'","'03'","'Lower Shabelle'","'Normal'","2024"
"1.222","'Afgooye'","'08'","'Lower Shabelle'","'Normal'","2024"
"1.438","'Afgooye'","'09'","'Lower Shabelle'","'Normal'","2024"
"2.07","'Afgooye'","'04'","'Lower Shabelle'","'Normal'","2024"
"0.923","'Afgooye'","11","'Lower Shabelle'","'Alert'","2024"
"1.43","'Afgooye'","'05'","'Lower Shabelle'","'Normal'","2023"
"1.231","'Afgooye'","'06'","'Lower Shabelle'","'Normal'","2023"
"0.793","'Afgooye'","10","'Lower Shabelle'","'Alarm'","2023"
"2.03","'Afgooye'","12","'Lower Shabelle'","'Normal'","2023"
"1.502","'Afgooye'","'04'","'Lower Shabelle'","'Normal'","2023"
"0.747","'Afgooye'","'01'","'Lower Shabelle'","'Alarm'","2023"
"0.943","'Afgooye'","'09'","'Lower Shabelle'","'Alert'","2023"
"0.782","'Afgooye'","'03'","'Lower Shabelle'","'Alarm'","2023"
"0.85","'Afgooye'","'08'","'Lower Shabelle'","'Alert'","2023"
"1.463","'Afgooye'","11","'Lower Shabelle'","'Normal'","2023"
"0.986","'Afgooye'","'07'","'Lower Shabelle'","'Alert'","2023"
"0.708","'Afgooye'","'02'","'Lower Shabelle'","'Alarm'","2023"
"0.42","'Afgooye'","'04'","'Lower Shabelle'","'Alarm'","2022"
"0.918","'Afgooye'","12","'Lower Shabelle'","'Alert'","2022"
"0.53","'Afgooye'","10","'Lower Shabelle'","'Alarm'","2022"
"0.78","'Afgooye'","'07'","'Lower Shabelle'","'Alarm'","2022"
"0.57","'Afgooye'","'06'","'Lower Shabelle'","'Alarm'","2022"
"0.88","'Afgooye'","'08'","'Lower Shabelle'","'Alert'","2022"
"0.29","'Afgooye'","'01'","'Lower Shabelle'","'Alarm'","2022"
"0.79","'Afgooye'","'09'","'Lower Shabelle'","'Alarm'","2022"
"0.54","'Afgooye'","'05'","'Lower Shabelle'","'Alarm'","2022"
"0.853","'Afgooye'","11","'Lower Shabelle'","'Alert'","2022"
"0.36","'Afgooye'","'03'","'Lower Shabelle'","'Alarm'","2022"
"0.36","'Afgooye'","'02'","'Lower Shabelle'","'Alarm'","2022"
"0.89","'Afgooye'","'09'","'Lower Shabelle'","'Alert'","2021"
"0.38","'Afgooye'","12","'Lower Shabelle'","'Alarm'","2021"
"0.83","'Afgooye'","'07'","'Lower Shabelle'","'Alert'","2021"
"1.54","'Afgooye'","'03'","'Lower Shabelle'","'Normal'","2021"
"0.86","'Afgooye'","'08'","'Lower Shabelle'","'Alert'","2021"
"0.52","'Afgooye'","11","'Lower Shabelle'","'Alarm'","2021"
"0.77","'Afgooye'","'05'","'Lower Shabelle'","'Alarm'","2021"
"0.75","'Afgooye'","'06'","'Lower Shabelle'","'Alarm'","2021"
"1.84","'Afgooye'","'01'","'Lower Shabelle'","'Normal'","2021"
"0.87","'Afgooye'","'04'","'Lower Shabelle'","'Alert'","2021"
"0.84","'Afgooye'","10","'Lower Shabelle'","'Alert'","2021"
"1.79","'Afgooye'","'02'","'Lower Shabelle'","'Normal'","2021"
"2.38","'Afgooye'","'04'","'Lower Shabelle'","'Normal'","2020"
"2.51","'Afgooye'","'07'","'Lower Shabelle'","'Normal'","2020"
"2.13","'Afgooye'","10","'Lower Shabelle'","'Normal'","2020"
"3.23","'Afgooye'","'03'","'Lower Shabelle'","'Normal'","2020"
"2.09","'Afgooye'","11","'Lower Shabelle'","'Normal'","2020"
"1.81","'Afgooye'","'06'","'Lower Shabelle'","'Normal'","2020"
"2.59","'Afgooye'","'08'","'Lower Shabelle'","'Normal'","2020"
"2.54","'Afgooye'","'01'","'Lower Shabelle'","'Normal'","2020"
"2.85","'Afgooye'","'02'","'Lower Shabelle'","'Normal'","2020"
"2.07","'Afgooye'","'09'","'Lower Shabelle'","'Normal'","2020"
"1.74","'Afgooye'","'05'","'Lower Shabelle'","'Normal'","2020"
"2.28","'Afgooye'","12","'Lower Shabelle'","'Normal'","2020"
"1.05","'Afgooye'","'05'","'Lower Shabelle'","'Normal'","2019"
"1.02","'Afgooye'","'06'","'Lower Shabelle'","'Normal'","2019"
"1.93","'Afgooye'","10","'Lower Shabelle'","'Normal'","2019"
"1.17","'Afgooye'","'07'","'Lower Shabelle'","'Normal'","2019"
"0.85","'Afgooye'","'01'","'Lower Shabelle'","'Alert'","2019"
"0.84","'Afgooye'","'02'","'Lower Shabelle'","'Alert'","2019"
"1.19","'Afgooye'","'08'","'Lower Shabelle'","'Normal'","2019"
"2.52","'Afgooye'","12","'Lower Shabelle'","'Normal'","2019"
"1","'Afgooye'","'03'","'Lower Shabelle'","'Normal'","2019"
"1.07","'Afgooye'","'09'","'Lower Shabelle'","'Normal'","2019"
"0.81","'Afgooye'","'04'","'Lower Shabelle'","'Alert'","2019"
"2.08","'Afgooye'","11","'Lower Shabelle'","'Normal'","2019"
"0.66","'Afgooye'","12","'Lower Shabelle'","'Alarm'","2018"
"0.48","'Afgooye'","11","'Lower Shabelle'","'Alarm'","2018"
"1.351","'Baraawe'","'06'","'Lower Shabelle'","'Normal'","2026"
"1.378","'Baraawe'","'05'","'Lower Shabelle'","'Normal'","2026"
"0.606","'Baraawe'","'02'","'Lower Shabelle'","'Alarm'","2026"
"1.179","'Baraawe'","'07'","'Lower Shabelle'","'Normal'","2026"
"1.083","'Baraawe'","'08'","'Lower Shabelle'","'Normal'","2026"
"1.377","'Baraawe'","'04'","'Lower Shabelle'","'Normal'","2026"
"0.656","'Baraawe'","'01'","'Lower Shabelle'","'Alarm'","2026"
"0.746","'Baraawe'","'03'","'Lower Shabelle'","'Alarm'","2026"
"1.239","'Baraawe'","'01'","'Lower Shabelle'","'Normal'","2025"
"1.701","'Baraawe'","'04'","'Lower Shabelle'","'Normal'","2025"
"1.631","'Baraawe'","'07'","'Lower Shabelle'","'Normal'","2025"
"0.803","'Baraawe'","11","'Lower Shabelle'","'Alert'","2025"
"1.257","'Baraawe'","'09'","'Lower Shabelle'","'Normal'","2025"
"1.684","'Baraawe'","'05'","'Lower Shabelle'","'Normal'","2025"
"1.27","'Baraawe'","'02'","'Lower Shabelle'","'Normal'","2025"
"0.556","'Baraawe'","12","'Lower Shabelle'","'Alarm'","2025"
"1.39","'Baraawe'","'08'","'Lower Shabelle'","'Normal'","2025"
"1.407","'Baraawe'","'03'","'Lower Shabelle'","'Normal'","2025"
"1.62","'Baraawe'","'06'","'Lower Shabelle'","'Normal'","2025"
"1.002","'Baraawe'","10","'Lower Shabelle'","'Normal'","2025"
"1.401","'Baraawe'","'06'","'Lower Shabelle'","'Normal'","2024"
"1.332","'Baraawe'","'09'","'Lower Shabelle'","'Normal'","2024"
"2.331","'Baraawe'","'04'","'Lower Shabelle'","'Normal'","2024"
"1.086","'Baraawe'","11","'Lower Shabelle'","'Normal'","2024"
"2.662","'Baraawe'","'02'","'Lower Shabelle'","'Normal'","2024"
"1.058","'Baraawe'","'08'","'Lower Shabelle'","'Normal'","2024"
"1.022","'Baraawe'","10","'Lower Shabelle'","'Normal'","2024"
"1.058","'Baraawe'","'07'","'Lower Shabelle'","'Normal'","2024"
"2.863","'Baraawe'","'03'","'Lower Shabelle'","'Normal'","2024"
"1.547","'Baraawe'","'05'","'Lower Shabelle'","'Normal'","2024"
"2.187","'Baraawe'","'01'","'Lower Shabelle'","'Normal'","2024"
"0.827","'Baraawe'","12","'Lower Shabelle'","'Alert'","2024"
"1.041","'Baraawe'","11","'Lower Shabelle'","'Normal'","2023"
"0.768","'Baraawe'","'02'","'Lower Shabelle'","'Alarm'","2023"
"0.825","'Baraawe'","'03'","'Lower Shabelle'","'Alert'","2023"
"0.793","'Baraawe'","'01'","'Lower Shabelle'","'Alarm'","2023"
"0.801","'Baraawe'","'09'","'Lower Shabelle'","'Alert'","2023"
"1.644","'Baraawe'","12","'Lower Shabelle'","'Normal'","2023"
"1.628","'Baraawe'","'04'","'Lower Shabelle'","'Normal'","2023"
"0.792","'Baraawe'","'08'","'Lower Shabelle'","'Alarm'","2023"
"1.185","'Baraawe'","'06'","'Lower Shabelle'","'Normal'","2023"
"0.965","'Baraawe'","'07'","'Lower Shabelle'","'Alert'","2023"
"1.507","'Baraawe'","'05'","'Lower Shabelle'","'Normal'","2023"
"0.559","'Baraawe'","10","'Lower Shabelle'","'Alarm'","2023"
"0.96","'Baraawe'","10","'Lower Shabelle'","'Alert'","2022"
"0.774","'Baraawe'","12","'Lower Shabelle'","'Alarm'","2022"
"1.1","'Baraawe'","'09'","'Lower Shabelle'","'Normal'","2022"
"1","'Baraawe'","'08'","'Lower Shabelle'","'Normal'","2022"
"0.918","'Baraawe'","11","'Lower Shabelle'","'Alert'","2022"
"0.38","'Baraawe'","'03'","'Lower Shabelle'","'Alarm'","2022"
"0.47","'Baraawe'","'04'","'Lower Shabelle'","'Alarm'","2022"
"0.38","'Baraawe'","'01'","'Lower Shabelle'","'Alarm'","2022"
"0.64","'Baraawe'","'05'","'Lower Shabelle'","'Alarm'","2022"
"0.4","'Baraawe'","'02'","'Lower Shabelle'","'Alarm'","2022"
"0.87","'Baraawe'","'07'","'Lower Shabelle'","'Alert'","2022"
"0.59","'Baraawe'","'06'","'Lower Shabelle'","'Alarm'","2022"
"1.12","'Baraawe'","'03'","'Lower Shabelle'","'Normal'","2021"
"1.02","'Baraawe'","10","'Lower Shabelle'","'Normal'","2021"
"0.71","'Baraawe'","'04'","'Lower Shabelle'","'Alarm'","2021"
"0.73","'Baraawe'","'06'","'Lower Shabelle'","'Alarm'","2021"
"0.57","'Baraawe'","'05'","'Lower Shabelle'","'Alarm'","2021"
"1.07","'Baraawe'","'01'","'Lower Shabelle'","'Normal'","2021"
"1.04","'Baraawe'","'08'","'Lower Shabelle'","'Normal'","2021"
"1.24","'Baraawe'","'02'","'Lower Shabelle'","'Normal'","2021"
"0.44","'Baraawe'","12","'Lower Shabelle'","'Alarm'","2021"
"1.1","'Baraawe'","'09'","'Lower Shabelle'","'Normal'","2021"
"0.92","'Baraawe'","'07'","'Lower Shabelle'","'Alert'","2021"
"0.7","'Baraawe'","11","'Lower Shabelle'","'Alarm'","2021"
"1.97","'Baraawe'","'01'","'Lower Shabelle'","'Normal'","2020"
"2.44","'Baraawe'","'09'","'Lower Shabelle'","'Normal'","2020"
"2.76","'Baraawe'","'06'","'Lower Shabelle'","'Normal'","2020"
"3.63","'Baraawe'","'07'","'Lower Shabelle'","'Normal'","2020"
"2.67","'Baraawe'","'03'","'Lower Shabelle'","'Normal'","2020"
"2.6","'Baraawe'","10","'Lower Shabelle'","'Normal'","2020"
"2.24","'Baraawe'","'04'","'Lower Shabelle'","'Normal'","2020"
"2.23","'Baraawe'","'05'","'Lower Shabelle'","'Normal'","2020"
"2.48","'Baraawe'","11","'Lower Shabelle'","'Normal'","2020"
"1.64","'Baraawe'","12","'Lower Shabelle'","'Normal'","2020"
"1.81","'Baraawe'","'02'","'Lower Shabelle'","'Normal'","2020"
"3.38","'Baraawe'","'08'","'Lower Shabelle'","'Normal'","2020"
"1.04","'Baraawe'","'06'","'Lower Shabelle'","'Normal'","2019"
"1.82","'Baraawe'","11","'Lower Shabelle'","'Normal'","2019"
"1.18","'Baraawe'","'08'","'Lower Shabelle'","'Normal'","2019"
"0.49","'Baraawe'","'04'","'Lower Shabelle'","'Alarm'","2019"
"1.1","'Baraawe'","'05'","'Lower Shabelle'","'Normal'","2019"
"0.33","'Baraawe'","'02'","'Lower Shabelle'","'Alarm'","2019"
"1.99","'Baraawe'","12","'Lower Shabelle'","'Normal'","2019"
"0.59","'Baraawe'","'03'","'Lower Shabelle'","'Alarm'","2019"
"2.23","'Baraawe'","10","'Lower Shabelle'","'Normal'","2019"
"0.29","'Baraawe'","'01'","'Lower Shabelle'","'Alarm'","2019"
"1.28","'Baraawe'","'09'","'Lower Shabelle'","'Normal'","2019"
"1.16","'Baraawe'","'07'","'Lower Shabelle'","'Normal'","2019"
"0.28","'Baraawe'","12","'Lower Shabelle'","'Alarm'","2018"
"0.28","'Baraawe'","11","'Lower Shabelle'","'Alarm'","2018"
"0.462","'Kurtunwaarey'","'02'","'Lower Shabelle'","'Alarm'","2026"
"1.186","'Kurtunwaarey'","'05'","'Lower Shabelle'","'Normal'","2026"
"1.055","'Kurtunwaarey'","'07'","'Lower Shabelle'","'Normal'","2026"
"0.507","'Kurtunwaarey'","'01'","'Lower Shabelle'","'Alarm'","2026"
"1.074","'Kurtunwaarey'","'08'","'Lower Shabelle'","'Normal'","2026"
"0.568","'Kurtunwaarey'","'03'","'Lower Shabelle'","'Alarm'","2026"
"1.162","'Kurtunwaarey'","'06'","'Lower Shabelle'","'Normal'","2026"
"1.049","'Kurtunwaarey'","'04'","'Lower Shabelle'","'Normal'","2026"
"1.166","'Kurtunwaarey'","'01'","'Lower Shabelle'","'Normal'","2025"
"1.79","'Kurtunwaarey'","'05'","'Lower Shabelle'","'Normal'","2025"
"1.29","'Kurtunwaarey'","'03'","'Lower Shabelle'","'Normal'","2025"
"1.103","'Kurtunwaarey'","'02'","'Lower Shabelle'","'Normal'","2025"
"0.955","'Kurtunwaarey'","10","'Lower Shabelle'","'Alert'","2025"
"1.452","'Kurtunwaarey'","'08'","'Lower Shabelle'","'Normal'","2025"
"1.708","'Kurtunwaarey'","'07'","'Lower Shabelle'","'Normal'","2025"
"1.856","'Kurtunwaarey'","'06'","'Lower Shabelle'","'Normal'","2025"
"0.652","'Kurtunwaarey'","11","'Lower Shabelle'","'Alarm'","2025"
"1.282","'Kurtunwaarey'","'09'","'Lower Shabelle'","'Normal'","2025"
"0.451","'Kurtunwaarey'","12","'Lower Shabelle'","'Alarm'","2025"
"1.743","'Kurtunwaarey'","'04'","'Lower Shabelle'","'Normal'","2025"
"2.61","'Kurtunwaarey'","'01'","'Lower Shabelle'","'Normal'","2024"
"1.197","'Kurtunwaarey'","'06'","'Lower Shabelle'","'Normal'","2024"
"0.971","'Kurtunwaarey'","'08'","'Lower Shabelle'","'Alert'","2024"
"2.804","'Kurtunwaarey'","'02'","'Lower Shabelle'","'Normal'","2024"
"0.919","'Kurtunwaarey'","10","'Lower Shabelle'","'Alert'","2024"
"0.971","'Kurtunwaarey'","'07'","'Lower Shabelle'","'Alert'","2024"
"0.978","'Kurtunwaarey'","11","'Lower Shabelle'","'Alert'","2024"
"0.726","'Kurtunwaarey'","12","'Lower Shabelle'","'Alarm'","2024"
"2.761","'Kurtunwaarey'","'03'","'Lower Shabelle'","'Normal'","2024"
"1.299","'Kurtunwaarey'","'09'","'Lower Shabelle'","'Normal'","2024"
"1.293","'Kurtunwaarey'","'05'","'Lower Shabelle'","'Normal'","2024"
"1.997","'Kurtunwaarey'","'04'","'Lower Shabelle'","'Normal'","2024"
"1.411","'Kurtunwaarey'","'05'","'Lower Shabelle'","'Normal'","2023"
"2.139","'Kurtunwaarey'","12","'Lower Shabelle'","'Normal'","2023"
"0.758","'Kurtunwaarey'","10","'Lower Shabelle'","'Alarm'","2023"
"0.81","'Kurtunwaarey'","'01'","'Lower Shabelle'","'Alert'","2023"
"0.821","'Kurtunwaarey'","'09'","'Lower Shabelle'","'Alert'","2023"
"1.162","'Kurtunwaarey'","'06'","'Lower Shabelle'","'Normal'","2023"
"1.513","'Kurtunwaarey'","11","'Lower Shabelle'","'Normal'","2023"
"0.803","'Kurtunwaarey'","'08'","'Lower Shabelle'","'Alert'","2023"
"0.821","'Kurtunwaarey'","'03'","'Lower Shabelle'","'Alert'","2023"
"0.796","'Kurtunwaarey'","'02'","'Lower Shabelle'","'Alarm'","2023"
"1.477","'Kurtunwaarey'","'04'","'Lower Shabelle'","'Normal'","2023"
"0.95","'Kurtunwaarey'","'07'","'Lower Shabelle'","'Alert'","2023"
"0.28","'Kurtunwaarey'","'01'","'Lower Shabelle'","'Alarm'","2022"
"0.27","'Kurtunwaarey'","'02'","'Lower Shabelle'","'Alarm'","2022"
"0.94","'Kurtunwaarey'","'08'","'Lower Shabelle'","'Alert'","2022"
"0.69","'Kurtunwaarey'","'06'","'Lower Shabelle'","'Alarm'","2022"
"0.35","'Kurtunwaarey'","'04'","'Lower Shabelle'","'Alarm'","2022"
"0.91","'Kurtunwaarey'","12","'Lower Shabelle'","'Alert'","2022"
"0.95","'Kurtunwaarey'","'09'","'Lower Shabelle'","'Alert'","2022"
"0.97","'Kurtunwaarey'","10","'Lower Shabelle'","'Alert'","2022"
"0.883","'Kurtunwaarey'","11","'Lower Shabelle'","'Alert'","2022"
"0.23","'Kurtunwaarey'","'03'","'Lower Shabelle'","'Alarm'","2022"
"0.92","'Kurtunwaarey'","'07'","'Lower Shabelle'","'Alert'","2022"
"0.52","'Kurtunwaarey'","'05'","'Lower Shabelle'","'Alarm'","2022"
"1.39","'Kurtunwaarey'","'01'","'Lower Shabelle'","'Normal'","2021"
"0.78","'Kurtunwaarey'","10","'Lower Shabelle'","'Alarm'","2021"
"1.05","'Kurtunwaarey'","'09'","'Lower Shabelle'","'Normal'","2021"
"0.81","'Kurtunwaarey'","'04'","'Lower Shabelle'","'Alert'","2021"
"0.33","'Kurtunwaarey'","12","'Lower Shabelle'","'Alarm'","2021"
"0.52","'Kurtunwaarey'","11","'Lower Shabelle'","'Alarm'","2021"
"0.93","'Kurtunwaarey'","'08'","'Lower Shabelle'","'Alert'","2021"
"1.53","'Kurtunwaarey'","'02'","'Lower Shabelle'","'Normal'","2021"
"0.58","'Kurtunwaarey'","'05'","'Lower Shabelle'","'Alarm'","2021"
"0.55","'Kurtunwaarey'","'06'","'Lower Shabelle'","'Alarm'","2021"
"1.36","'Kurtunwaarey'","'03'","'Lower Shabelle'","'Normal'","2021"
"0.75","'Kurtunwaarey'","'07'","'Lower Shabelle'","'Alarm'","2021"
"2.15","'Kurtunwaarey'","'02'","'Lower Shabelle'","'Normal'","2020"
"2.48","'Kurtunwaarey'","'07'","'Lower Shabelle'","'Normal'","2020"
"2.61","'Kurtunwaarey'","'03'","'Lower Shabelle'","'Normal'","2020"
"2.01","'Kurtunwaarey'","'09'","'Lower Shabelle'","'Normal'","2020"
"2.78","'Kurtunwaarey'","'08'","'Lower Shabelle'","'Normal'","2020"
"1.68","'Kurtunwaarey'","'05'","'Lower Shabelle'","'Normal'","2020"
"2.19","'Kurtunwaarey'","11","'Lower Shabelle'","'Normal'","2020"
"1.95","'Kurtunwaarey'","'04'","'Lower Shabelle'","'Normal'","2020"
"2.22","'Kurtunwaarey'","'01'","'Lower Shabelle'","'Normal'","2020"
"1.77","'Kurtunwaarey'","'06'","'Lower Shabelle'","'Normal'","2020"
"2.23","'Kurtunwaarey'","10","'Lower Shabelle'","'Normal'","2020"
"1.96","'Kurtunwaarey'","12","'Lower Shabelle'","'Normal'","2020"
"1.18","'Kurtunwaarey'","'08'","'Lower Shabelle'","'Normal'","2019"
"1.08","'Kurtunwaarey'","'06'","'Lower Shabelle'","'Normal'","2019"
"0.78","'Kurtunwaarey'","'03'","'Lower Shabelle'","'Alarm'","2019"
"1.35","'Kurtunwaarey'","'09'","'Lower Shabelle'","'Normal'","2019"
"0.52","'Kurtunwaarey'","'01'","'Lower Shabelle'","'Alarm'","2019"
"2.12","'Kurtunwaarey'","11","'Lower Shabelle'","'Normal'","2019"
"1.21","'Kurtunwaarey'","'05'","'Lower Shabelle'","'Normal'","2019"
"0.62","'Kurtunwaarey'","'02'","'Lower Shabelle'","'Alarm'","2019"
"1.14","'Kurtunwaarey'","'07'","'Lower Shabelle'","'Normal'","2019"
"2.2","'Kurtunwaarey'","12","'Lower Shabelle'","'Normal'","2019"
"0.78","'Kurtunwaarey'","'04'","'Lower Shabelle'","'Alarm'","2019"
"2.48","'Kurtunwaarey'","10","'Lower Shabelle'","'Normal'","2019"
"0.35","'Kurtunwaarey'","11","'Lower Shabelle'","'Alarm'","2018"
"0.45","'Kurtunwaarey'","12","'Lower Shabelle'","'Alarm'","2018"
"1.334","'Marka'","'05'","'Lower Shabelle'","'Normal'","2026"
"1.283","'Marka'","'08'","'Lower Shabelle'","'Normal'","2026"
"0.753","'Marka'","'03'","'Lower Shabelle'","'Alarm'","2026"
"1.303","'Marka'","'06'","'Lower Shabelle'","'Normal'","2026"
"0.603","'Marka'","'02'","'Lower Shabelle'","'Alarm'","2026"
"1.239","'Marka'","'07'","'Lower Shabelle'","'Normal'","2026"
"0.662","'Marka'","'01'","'Lower Shabelle'","'Alarm'","2026"
"1.213","'Marka'","'04'","'Lower Shabelle'","'Normal'","2026"
"1.237","'Marka'","'01'","'Lower Shabelle'","'Normal'","2025"
"1.46","'Marka'","'04'","'Lower Shabelle'","'Normal'","2025"
"0.767","'Marka'","11","'Lower Shabelle'","'Alarm'","2025"
"1.433","'Marka'","'03'","'Lower Shabelle'","'Normal'","2025"
"0.588","'Marka'","12","'Lower Shabelle'","'Alarm'","2025"
"1.453","'Marka'","'06'","'Lower Shabelle'","'Normal'","2025"
"1.247","'Marka'","'08'","'Lower Shabelle'","'Normal'","2025"
"1.486","'Marka'","'07'","'Lower Shabelle'","'Normal'","2025"
"1.497","'Marka'","'05'","'Lower Shabelle'","'Normal'","2025"
"1.01","'Marka'","10","'Lower Shabelle'","'Normal'","2025"
"1.146","'Marka'","'09'","'Lower Shabelle'","'Normal'","2025"
"1.233","'Marka'","'02'","'Lower Shabelle'","'Normal'","2025"
"0.969","'Marka'","10","'Lower Shabelle'","'Alert'","2024"
"2.355","'Marka'","'01'","'Lower Shabelle'","'Normal'","2024"
"1.285","'Marka'","'09'","'Lower Shabelle'","'Normal'","2024"
"0.961","'Marka'","'07'","'Lower Shabelle'","'Alert'","2024"
"0.977","'Marka'","11","'Lower Shabelle'","'Alert'","2024"
"1.373","'Marka'","'06'","'Lower Shabelle'","'Normal'","2024"
"2.497","'Marka'","'04'","'Lower Shabelle'","'Normal'","2024"
"1.479","'Marka'","'05'","'Lower Shabelle'","'Normal'","2024"
"0.788","'Marka'","12","'Lower Shabelle'","'Alarm'","2024"
"0.961","'Marka'","'08'","'Lower Shabelle'","'Alert'","2024"
"3.11","'Marka'","'03'","'Lower Shabelle'","'Normal'","2024"
"3.011","'Marka'","'02'","'Lower Shabelle'","'Normal'","2024"
"0.809","'Marka'","'08'","'Lower Shabelle'","'Alert'","2023"
"1.502","'Marka'","'05'","'Lower Shabelle'","'Normal'","2023"
"1.814","'Marka'","12","'Lower Shabelle'","'Normal'","2023"
"0.947","'Marka'","'07'","'Lower Shabelle'","'Alert'","2023"
"0.876","'Marka'","'02'","'Lower Shabelle'","'Alert'","2023"
"1.045","'Marka'","'01'","'Lower Shabelle'","'Normal'","2023"
"0.784","'Marka'","10","'Lower Shabelle'","'Alarm'","2023"
"1.2","'Marka'","'06'","'Lower Shabelle'","'Normal'","2023"
"0.919","'Marka'","'03'","'Lower Shabelle'","'Alert'","2023"
"1.605","'Marka'","'04'","'Lower Shabelle'","'Normal'","2023"
"0.818","'Marka'","'09'","'Lower Shabelle'","'Alert'","2023"
"1.252","'Marka'","11","'Lower Shabelle'","'Normal'","2023"
"0.94","'Marka'","'08'","'Lower Shabelle'","'Alert'","2022"
"0.96","'Marka'","'09'","'Lower Shabelle'","'Alert'","2022"
"0.49","'Marka'","'02'","'Lower Shabelle'","'Alarm'","2022"
"0.55","'Marka'","'06'","'Lower Shabelle'","'Alarm'","2022"
"0.63","'Marka'","'05'","'Lower Shabelle'","'Alarm'","2022"
"0.93","'Marka'","10","'Lower Shabelle'","'Alert'","2022"
"0.51","'Marka'","'04'","'Lower Shabelle'","'Alarm'","2022"
"1.086","'Marka'","12","'Lower Shabelle'","'Normal'","2022"
"0.58","'Marka'","'01'","'Lower Shabelle'","'Alarm'","2022"
"1.003","'Marka'","11","'Lower Shabelle'","'Normal'","2022"
"0.44","'Marka'","'03'","'Lower Shabelle'","'Alarm'","2022"
"0.78","'Marka'","'07'","'Lower Shabelle'","'Alarm'","2022"
"1.39","'Marka'","'03'","'Lower Shabelle'","'Normal'","2021"
"0.62","'Marka'","12","'Lower Shabelle'","'Alarm'","2021"
"1.53","'Marka'","'02'","'Lower Shabelle'","'Normal'","2021"
"1.45","'Marka'","'01'","'Lower Shabelle'","'Normal'","2021"
"0.81","'Marka'","'07'","'Lower Shabelle'","'Alert'","2021"
"0.72","'Marka'","'06'","'Lower Shabelle'","'Alarm'","2021"
"1.04","'Marka'","10","'Lower Shabelle'","'Normal'","2021"
"0.9","'Marka'","'08'","'Lower Shabelle'","'Alert'","2021"
"1.05","'Marka'","'09'","'Lower Shabelle'","'Normal'","2021"
"0.87","'Marka'","'04'","'Lower Shabelle'","'Alert'","2021"
"0.73","'Marka'","11","'Lower Shabelle'","'Alarm'","2021"
"0.7","'Marka'","'05'","'Lower Shabelle'","'Alarm'","2021"
"1.68","'Marka'","'05'","'Lower Shabelle'","'Normal'","2020"
"3.08","'Marka'","'08'","'Lower Shabelle'","'Normal'","2020"
"2.99","'Marka'","'03'","'Lower Shabelle'","'Normal'","2020"
"1.84","'Marka'","'06'","'Lower Shabelle'","'Normal'","2020"
"2","'Marka'","'01'","'Lower Shabelle'","'Normal'","2020"
"2.12","'Marka'","11","'Lower Shabelle'","'Normal'","2020"
"2.15","'Marka'","'04'","'Lower Shabelle'","'Normal'","2020"
"2.12","'Marka'","10","'Lower Shabelle'","'Normal'","2020"
"2.37","'Marka'","12","'Lower Shabelle'","'Normal'","2020"
"3.12","'Marka'","'07'","'Lower Shabelle'","'Normal'","2020"
"2.13","'Marka'","'02'","'Lower Shabelle'","'Normal'","2020"
"2.39","'Marka'","'09'","'Lower Shabelle'","'Normal'","2020"
"0.67","'Marka'","'04'","'Lower Shabelle'","'Alarm'","2019"
"1.94","'Marka'","12","'Lower Shabelle'","'Normal'","2019"
"1.55","'Marka'","11","'Lower Shabelle'","'Normal'","2019"
"0.53","'Marka'","'02'","'Lower Shabelle'","'Alarm'","2019"
"0.63","'Marka'","'05'","'Lower Shabelle'","'Alarm'","2019"
"0.85","'Marka'","'09'","'Lower Shabelle'","'Alert'","2019"
"1.25","'Marka'","10","'Lower Shabelle'","'Normal'","2019"
"0.97","'Marka'","'08'","'Lower Shabelle'","'Alert'","2019"
"0.44","'Marka'","'06'","'Lower Shabelle'","'Alarm'","2019"
"0.77","'Marka'","'03'","'Lower Shabelle'","'Alarm'","2019"
"0.7","'Marka'","'07'","'Lower Shabelle'","'Alarm'","2019"
"0.52","'Marka'","'01'","'Lower Shabelle'","'Alarm'","2019"
"0.45","'Marka'","12","'Lower Shabelle'","'Alarm'","2018"
"0.38","'Marka'","11","'Lower Shabelle'","'Alarm'","2018"
"0.522","'Qoryooley'","'01'","'Lower Shabelle'","'Alarm'","2026"
"1.126","'Qoryooley'","'06'","'Lower Shabelle'","'Normal'","2026"
"0.493","'Qoryooley'","'02'","'Lower Shabelle'","'Alarm'","2026"
"1.257","'Qoryooley'","'08'","'Lower Shabelle'","'Normal'","2026"
"1.253","'Qoryooley'","'07'","'Lower Shabelle'","'Normal'","2026"
"1.014","'Qoryooley'","'04'","'Lower Shabelle'","'Normal'","2026"
"1.163","'Qoryooley'","'05'","'Lower Shabelle'","'Normal'","2026"
"0.62","'Qoryooley'","'03'","'Lower Shabelle'","'Alarm'","2026"
"0.984","'Qoryooley'","10","'Lower Shabelle'","'Alert'","2025"
"1.704","'Qoryooley'","'07'","'Lower Shabelle'","'Normal'","2025"
"1.42","'Qoryooley'","'08'","'Lower Shabelle'","'Normal'","2025"
"0.658","'Qoryooley'","11","'Lower Shabelle'","'Alarm'","2025"
"1.07","'Qoryooley'","'02'","'Lower Shabelle'","'Normal'","2025"
"1.283","'Qoryooley'","'09'","'Lower Shabelle'","'Normal'","2025"
"1.649","'Qoryooley'","'05'","'Lower Shabelle'","'Normal'","2025"
"1.207","'Qoryooley'","'03'","'Lower Shabelle'","'Normal'","2025"
"1.567","'Qoryooley'","'04'","'Lower Shabelle'","'Normal'","2025"
"0.459","'Qoryooley'","12","'Lower Shabelle'","'Alarm'","2025"
"1.128","'Qoryooley'","'01'","'Lower Shabelle'","'Normal'","2025"
"1.786","'Qoryooley'","'06'","'Lower Shabelle'","'Normal'","2025"
"2.447","'Qoryooley'","'01'","'Lower Shabelle'","'Normal'","2024"
"1.114","'Qoryooley'","'08'","'Lower Shabelle'","'Normal'","2024"
"2.782","'Qoryooley'","'02'","'Lower Shabelle'","'Normal'","2024"
"2.776","'Qoryooley'","'03'","'Lower Shabelle'","'Normal'","2024"
"0.974","'Qoryooley'","11","'Lower Shabelle'","'Alert'","2024"
"1.381","'Qoryooley'","'09'","'Lower Shabelle'","'Normal'","2024"
"1.114","'Qoryooley'","'07'","'Lower Shabelle'","'Normal'","2024"
"0.679","'Qoryooley'","12","'Lower Shabelle'","'Alarm'","2024"
"1.306","'Qoryooley'","'06'","'Lower Shabelle'","'Normal'","2024"
"1.381","'Qoryooley'","'05'","'Lower Shabelle'","'Normal'","2024"
"2.024","'Qoryooley'","'04'","'Lower Shabelle'","'Normal'","2024"
"0.948","'Qoryooley'","10","'Lower Shabelle'","'Alert'","2024"
"0.77","'Qoryooley'","10","'Lower Shabelle'","'Alarm'","2023"
"0.728","'Qoryooley'","'09'","'Lower Shabelle'","'Alarm'","2023"
"0.897","'Qoryooley'","'07'","'Lower Shabelle'","'Alert'","2023"
"1.395","'Qoryooley'","11","'Lower Shabelle'","'Normal'","2023"
"0.783","'Qoryooley'","'02'","'Lower Shabelle'","'Alarm'","2023"
"1.947","'Qoryooley'","12","'Lower Shabelle'","'Normal'","2023"
"0.827","'Qoryooley'","'01'","'Lower Shabelle'","'Alert'","2023"
"1.103","'Qoryooley'","'06'","'Lower Shabelle'","'Normal'","2023"
"1.401","'Qoryooley'","'04'","'Lower Shabelle'","'Normal'","2023"
"0.797","'Qoryooley'","'03'","'Lower Shabelle'","'Alarm'","2023"
"0.771","'Qoryooley'","'08'","'Lower Shabelle'","'Alarm'","2023"
"1.335","'Qoryooley'","'05'","'Lower Shabelle'","'Normal'","2023"
"0.39","'Qoryooley'","'02'","'Lower Shabelle'","'Alarm'","2022"
"0.73","'Qoryooley'","'07'","'Lower Shabelle'","'Alarm'","2022"
"0.39","'Qoryooley'","'03'","'Lower Shabelle'","'Alarm'","2022"
"0.88","'Qoryooley'","'09'","'Lower Shabelle'","'Alert'","2022"
"0.52","'Qoryooley'","'05'","'Lower Shabelle'","'Alarm'","2022"
"0.81","'Qoryooley'","10","'Lower Shabelle'","'Alert'","2022"
"0.85","'Qoryooley'","'08'","'Lower Shabelle'","'Alert'","2022"
"0.53","'Qoryooley'","'06'","'Lower Shabelle'","'Alarm'","2022"
"0.879","'Qoryooley'","11","'Lower Shabelle'","'Alert'","2022"
"0.95","'Qoryooley'","12","'Lower Shabelle'","'Alert'","2022"
"0.34","'Qoryooley'","'01'","'Lower Shabelle'","'Alarm'","2022"
"0.4","'Qoryooley'","'04'","'Lower Shabelle'","'Alarm'","2022"
"1.36","'Qoryooley'","'01'","'Lower Shabelle'","'Normal'","2021"
"0.68","'Qoryooley'","'07'","'Lower Shabelle'","'Alarm'","2021"
"1.27","'Qoryooley'","'03'","'Lower Shabelle'","'Normal'","2021"
"0.71","'Qoryooley'","'04'","'Lower Shabelle'","'Alarm'","2021"
"0.37","'Qoryooley'","12","'Lower Shabelle'","'Alarm'","2021"
"0.83","'Qoryooley'","'08'","'Lower Shabelle'","'Alert'","2021"
"0.55","'Qoryooley'","11","'Lower Shabelle'","'Alarm'","2021"
"0.49","'Qoryooley'","'06'","'Lower Shabelle'","'Alarm'","2021"
"1.45","'Qoryooley'","'02'","'Lower Shabelle'","'Normal'","2021"
"0.86","'Qoryooley'","10","'Lower Shabelle'","'Alert'","2021"
"0.87","'Qoryooley'","'09'","'Lower Shabelle'","'Alert'","2021"
"0.53","'Qoryooley'","'05'","'Lower Shabelle'","'Alarm'","2021"
"2.03","'Qoryooley'","11","'Lower Shabelle'","'Normal'","2020"
"2.55","'Qoryooley'","'08'","'Lower Shabelle'","'Normal'","2020"
"1.53","'Qoryooley'","'05'","'Lower Shabelle'","'Normal'","2020"
"1.56","'Qoryooley'","'06'","'Lower Shabelle'","'Normal'","2020"
"2.06","'Qoryooley'","10","'Lower Shabelle'","'Normal'","2020"
"2.56","'Qoryooley'","'02'","'Lower Shabelle'","'Normal'","2020"
"2.03","'Qoryooley'","'09'","'Lower Shabelle'","'Normal'","2020"
"2.32","'Qoryooley'","'01'","'Lower Shabelle'","'Normal'","2020"
"2.21","'Qoryooley'","'07'","'Lower Shabelle'","'Normal'","2020"
"2.11","'Qoryooley'","'04'","'Lower Shabelle'","'Normal'","2020"
"1.91","'Qoryooley'","12","'Lower Shabelle'","'Normal'","2020"
"2.94","'Qoryooley'","'03'","'Lower Shabelle'","'Normal'","2020"
"1.08","'Qoryooley'","'07'","'Lower Shabelle'","'Normal'","2019"
"0.97","'Qoryooley'","'06'","'Lower Shabelle'","'Alert'","2019"
"2.32","'Qoryooley'","12","'Lower Shabelle'","'Normal'","2019"
"1.2","'Qoryooley'","'08'","'Lower Shabelle'","'Normal'","2019"
"0.72","'Qoryooley'","'03'","'Lower Shabelle'","'Alarm'","2019"
"1.11","'Qoryooley'","'05'","'Lower Shabelle'","'Normal'","2019"
"0.6","'Qoryooley'","'01'","'Lower Shabelle'","'Alarm'","2019"
"2.24","'Qoryooley'","10","'Lower Shabelle'","'Normal'","2019"
"2.12","'Qoryooley'","11","'Lower Shabelle'","'Normal'","2019"
"1.27","'Qoryooley'","'09'","'Lower Shabelle'","'Normal'","2019"
"0.59","'Qoryooley'","'02'","'Lower Shabelle'","'Alarm'","2019"
"0.77","'Qoryooley'","'04'","'Lower Shabelle'","'Alarm'","2019"
"0.38","'Qoryooley'","11","'Lower Shabelle'","'Alarm'","2018"
"0.51","'Qoryooley'","12","'Lower Shabelle'","'Alarm'","2018"
"1.173","'Sablaale'","'05'","'Lower Shabelle'","'Normal'","2026"
"0.77","'Sablaale'","'08'","'Lower Shabelle'","'Alarm'","2026"
"0.966","'Sablaale'","'07'","'Lower Shabelle'","'Alert'","2026"
"0.469","'Sablaale'","'01'","'Lower Shabelle'","'Alarm'","2026"
"0.445","'Sablaale'","'02'","'Lower Shabelle'","'Alarm'","2026"
"0.996","'Sablaale'","'04'","'Lower Shabelle'","'Alert'","2026"
"0.559","'Sablaale'","'03'","'Lower Shabelle'","'Alarm'","2026"
"1.151","'Sablaale'","'06'","'Lower Shabelle'","'Normal'","2026"
"1.425","'Sablaale'","'08'","'Lower Shabelle'","'Normal'","2025"
"1.807","'Sablaale'","'04'","'Lower Shabelle'","'Normal'","2025"
"1.782","'Sablaale'","'06'","'Lower Shabelle'","'Normal'","2025"
"0.898","'Sablaale'","10","'Lower Shabelle'","'Alert'","2025"
"0.624","'Sablaale'","11","'Lower Shabelle'","'Alarm'","2025"
"1.154","'Sablaale'","'01'","'Lower Shabelle'","'Normal'","2025"
"1.666","'Sablaale'","'07'","'Lower Shabelle'","'Normal'","2025"
"1.407","'Sablaale'","'03'","'Lower Shabelle'","'Normal'","2025"
"1.217","'Sablaale'","'02'","'Lower Shabelle'","'Normal'","2025"
"1.242","'Sablaale'","'09'","'Lower Shabelle'","'Normal'","2025"
"0.423","'Sablaale'","12","'Lower Shabelle'","'Alarm'","2025"
"1.757","'Sablaale'","'05'","'Lower Shabelle'","'Normal'","2025"
"2.072","'Sablaale'","'04'","'Lower Shabelle'","'Normal'","2024"
"0.942","'Sablaale'","11","'Lower Shabelle'","'Alert'","2024"
"1.419","'Sablaale'","'05'","'Lower Shabelle'","'Normal'","2024"
"1.041","'Sablaale'","'07'","'Lower Shabelle'","'Normal'","2024"
"0.814","'Sablaale'","10","'Lower Shabelle'","'Alert'","2024"
"1.041","'Sablaale'","'08'","'Lower Shabelle'","'Normal'","2024"
"2.267","'Sablaale'","'01'","'Lower Shabelle'","'Normal'","2024"
"1.321","'Sablaale'","'06'","'Lower Shabelle'","'Normal'","2024"
"0.622","'Sablaale'","12","'Lower Shabelle'","'Alarm'","2024"
"2.374","'Sablaale'","'02'","'Lower Shabelle'","'Normal'","2024"
"2.442","'Sablaale'","'03'","'Lower Shabelle'","'Normal'","2024"
"1.27","'Sablaale'","'09'","'Lower Shabelle'","'Normal'","2024"
"1.525","'Sablaale'","'04'","'Lower Shabelle'","'Normal'","2023"
"1.3","'Sablaale'","11","'Lower Shabelle'","'Normal'","2023"
"1.215","'Sablaale'","'06'","'Lower Shabelle'","'Normal'","2023"
"0.806","'Sablaale'","'02'","'Lower Shabelle'","'Alert'","2023"
"1.015","'Sablaale'","'07'","'Lower Shabelle'","'Normal'","2023"
"0.919","'Sablaale'","'09'","'Lower Shabelle'","'Alert'","2023"
"0.849","'Sablaale'","'08'","'Lower Shabelle'","'Alert'","2023"
"0.826","'Sablaale'","'03'","'Lower Shabelle'","'Alert'","2023"
"1.845","'Sablaale'","12","'Lower Shabelle'","'Normal'","2023"
"0.717","'Sablaale'","'01'","'Lower Shabelle'","'Alarm'","2023"
"0.73","'Sablaale'","10","'Lower Shabelle'","'Alarm'","2023"
"1.451","'Sablaale'","'05'","'Lower Shabelle'","'Normal'","2023"
"1.02","'Sablaale'","'08'","'Lower Shabelle'","'Normal'","2022"
"0.84","'Sablaale'","'06'","'Lower Shabelle'","'Alert'","2022"
"0.767","'Sablaale'","11","'Lower Shabelle'","'Alarm'","2022"
"1.09","'Sablaale'","'07'","'Lower Shabelle'","'Normal'","2022"
"0.721","'Sablaale'","12","'Lower Shabelle'","'Alarm'","2022"
"1.13","'Sablaale'","10","'Lower Shabelle'","'Normal'","2022"
"1.09","'Sablaale'","'09'","'Lower Shabelle'","'Normal'","2022"
"0.32","'Sablaale'","'01'","'Lower Shabelle'","'Alarm'","2022"
"0.36","'Sablaale'","'04'","'Lower Shabelle'","'Alarm'","2022"
"0.32","'Sablaale'","'02'","'Lower Shabelle'","'Alarm'","2022"
"0.29","'Sablaale'","'03'","'Lower Shabelle'","'Alarm'","2022"
"0.69","'Sablaale'","'05'","'Lower Shabelle'","'Alarm'","2022"
"0.37","'Sablaale'","12","'Lower Shabelle'","'Alarm'","2021"
"1.41","'Sablaale'","'01'","'Lower Shabelle'","'Normal'","2021"
"0.97","'Sablaale'","'07'","'Lower Shabelle'","'Alert'","2021"
"0.82","'Sablaale'","'06'","'Lower Shabelle'","'Alert'","2021"
"0.67","'Sablaale'","'05'","'Lower Shabelle'","'Alarm'","2021"
"0.84","'Sablaale'","10","'Lower Shabelle'","'Alert'","2021"
"0.58","'Sablaale'","11","'Lower Shabelle'","'Alarm'","2021"
"0.97","'Sablaale'","'09'","'Lower Shabelle'","'Alert'","2021"
"1.52","'Sablaale'","'02'","'Lower Shabelle'","'Normal'","2021"
"1.37","'Sablaale'","'03'","'Lower Shabelle'","'Normal'","2021"
"0.95","'Sablaale'","'08'","'Lower Shabelle'","'Alert'","2021"
"0.84","'Sablaale'","'04'","'Lower Shabelle'","'Alert'","2021"
"2.65","'Sablaale'","'01'","'Lower Shabelle'","'Normal'","2020"
"1.75","'Sablaale'","12","'Lower Shabelle'","'Normal'","2020"
"1.95","'Sablaale'","'05'","'Lower Shabelle'","'Normal'","2020"
"2.07","'Sablaale'","'06'","'Lower Shabelle'","'Normal'","2020"
"1.83","'Sablaale'","'09'","'Lower Shabelle'","'Normal'","2020"
"2.54","'Sablaale'","'07'","'Lower Shabelle'","'Normal'","2020"
"2.11","'Sablaale'","11","'Lower Shabelle'","'Normal'","2020"
"2.14","'Sablaale'","10","'Lower Shabelle'","'Normal'","2020"
"3.19","'Sablaale'","'03'","'Lower Shabelle'","'Normal'","2020"
"1.95","'Sablaale'","'04'","'Lower Shabelle'","'Normal'","2020"
"2.58","'Sablaale'","'02'","'Lower Shabelle'","'Normal'","2020"
"2.51","'Sablaale'","'08'","'Lower Shabelle'","'Normal'","2020"
"0.66","'Sablaale'","'03'","'Lower Shabelle'","'Alarm'","2019"
"2.29","'Sablaale'","11","'Lower Shabelle'","'Normal'","2019"
"1.36","'Sablaale'","'05'","'Lower Shabelle'","'Normal'","2019"
"0.53","'Sablaale'","'01'","'Lower Shabelle'","'Alarm'","2019"
"1.45","'Sablaale'","'09'","'Lower Shabelle'","'Normal'","2019"
"0.84","'Sablaale'","'04'","'Lower Shabelle'","'Alert'","2019"
"1.3","'Sablaale'","'08'","'Lower Shabelle'","'Normal'","2019"
"0.52","'Sablaale'","'02'","'Lower Shabelle'","'Alarm'","2019"
"1.24","'Sablaale'","'06'","'Lower Shabelle'","'Normal'","2019"
"2.39","'Sablaale'","12","'Lower Shabelle'","'Normal'","2019"
"2.65","'Sablaale'","10","'Lower Shabelle'","'Normal'","2019"
"1.26","'Sablaale'","'07'","'Lower Shabelle'","'Normal'","2019"
"0.37","'Sablaale'","11","'Lower Shabelle'","'Alarm'","2018"
"0.47","'Sablaale'","12","'Lower Shabelle'","'Alarm'","2018"
"1.145","'Wanla Weyn'","'05'","'Lower Shabelle'","'Normal'","2026"
"0.717","'Wanla Weyn'","'03'","'Lower Shabelle'","'Alarm'","2026"
"0.536","'Wanla Weyn'","'02'","'Lower Shabelle'","'Alarm'","2026"
"1.076","'Wanla Weyn'","'06'","'Lower Shabelle'","'Normal'","2026"
"1.133","'Wanla Weyn'","'08'","'Lower Shabelle'","'Normal'","2026"
"0.539","'Wanla Weyn'","'01'","'Lower Shabelle'","'Alarm'","2026"
"0.959","'Wanla Weyn'","'04'","'Lower Shabelle'","'Alert'","2026"
"1.135","'Wanla Weyn'","'07'","'Lower Shabelle'","'Normal'","2026"
"0.6","'Wanla Weyn'","11","'Lower Shabelle'","'Alarm'","2025"
"0.956","'Wanla Weyn'","'01'","'Lower Shabelle'","'Alert'","2025"
"1.589","'Wanla Weyn'","'04'","'Lower Shabelle'","'Normal'","2025"
"1.958","'Wanla Weyn'","'05'","'Lower Shabelle'","'Normal'","2025"
"0.905","'Wanla Weyn'","10","'Lower Shabelle'","'Alert'","2025"
"0.469","'Wanla Weyn'","12","'Lower Shabelle'","'Alarm'","2025"
"1.454","'Wanla Weyn'","'09'","'Lower Shabelle'","'Normal'","2025"
"1.608","'Wanla Weyn'","'08'","'Lower Shabelle'","'Normal'","2025"
"1.063","'Wanla Weyn'","'03'","'Lower Shabelle'","'Normal'","2025"
"0.834","'Wanla Weyn'","'02'","'Lower Shabelle'","'Alert'","2025"
"1.813","'Wanla Weyn'","'07'","'Lower Shabelle'","'Normal'","2025"
"1.947","'Wanla Weyn'","'06'","'Lower Shabelle'","'Normal'","2025"
"1.469","'Wanla Weyn'","'05'","'Lower Shabelle'","'Normal'","2024"
"0.6","'Wanla Weyn'","12","'Lower Shabelle'","'Alarm'","2024"
"1.471","'Wanla Weyn'","'09'","'Lower Shabelle'","'Normal'","2024"
"1.329","'Wanla Weyn'","'06'","'Lower Shabelle'","'Normal'","2024"
"1.979","'Wanla Weyn'","'04'","'Lower Shabelle'","'Normal'","2024"
"2.516","'Wanla Weyn'","'03'","'Lower Shabelle'","'Normal'","2024"
"1.489","'Wanla Weyn'","'07'","'Lower Shabelle'","'Normal'","2024"
"0.752","'Wanla Weyn'","11","'Lower Shabelle'","'Alarm'","2024"
"0.928","'Wanla Weyn'","10","'Lower Shabelle'","'Alert'","2024"
"1.489","'Wanla Weyn'","'08'","'Lower Shabelle'","'Normal'","2024"
"2.544","'Wanla Weyn'","'02'","'Lower Shabelle'","'Normal'","2024"
"2.691","'Wanla Weyn'","'01'","'Lower Shabelle'","'Normal'","2024"
"1.286","'Wanla Weyn'","'04'","'Lower Shabelle'","'Normal'","2023"
"1","'Wanla Weyn'","10","'Lower Shabelle'","'Normal'","2023"
"0.672","'Wanla Weyn'","'03'","'Lower Shabelle'","'Alarm'","2023"
"0.685","'Wanla Weyn'","'01'","'Lower Shabelle'","'Alarm'","2023"
"2.276","'Wanla Weyn'","12","'Lower Shabelle'","'Normal'","2023"
"1.257","'Wanla Weyn'","'05'","'Lower Shabelle'","'Normal'","2023"
"1.203","'Wanla Weyn'","'06'","'Lower Shabelle'","'Normal'","2023"
"0.89","'Wanla Weyn'","'08'","'Lower Shabelle'","'Alert'","2023"
"0.9","'Wanla Weyn'","'09'","'Lower Shabelle'","'Alert'","2023"
"1.009","'Wanla Weyn'","'07'","'Lower Shabelle'","'Normal'","2023"
"1.707","'Wanla Weyn'","11","'Lower Shabelle'","'Normal'","2023"
"0.626","'Wanla Weyn'","'02'","'Lower Shabelle'","'Alarm'","2023"
"0.81","'Wanla Weyn'","'08'","'Lower Shabelle'","'Alert'","2022"
"0.26","'Wanla Weyn'","'01'","'Lower Shabelle'","'Alarm'","2022"
"0.59","'Wanla Weyn'","'05'","'Lower Shabelle'","'Alarm'","2022"
"0.36","'Wanla Weyn'","'03'","'Lower Shabelle'","'Alarm'","2022"
"0.55","'Wanla Weyn'","'06'","'Lower Shabelle'","'Alarm'","2022"
"0.35","'Wanla Weyn'","'02'","'Lower Shabelle'","'Alarm'","2022"
"0.48","'Wanla Weyn'","'04'","'Lower Shabelle'","'Alarm'","2022"
"0.77","'Wanla Weyn'","'09'","'Lower Shabelle'","'Alarm'","2022"
"0.72","'Wanla Weyn'","'07'","'Lower Shabelle'","'Alarm'","2022"
"0.56","'Wanla Weyn'","10","'Lower Shabelle'","'Alarm'","2022"
"0.772","'Wanla Weyn'","11","'Lower Shabelle'","'Alarm'","2022"
"0.782","'Wanla Weyn'","12","'Lower Shabelle'","'Alarm'","2022"
"0.47","'Wanla Weyn'","'05'","'Lower Shabelle'","'Alarm'","2021"
"1.49","'Wanla Weyn'","'02'","'Lower Shabelle'","'Normal'","2021"
"0.52","'Wanla Weyn'","10","'Lower Shabelle'","'Alarm'","2021"
"1.33","'Wanla Weyn'","'03'","'Lower Shabelle'","'Normal'","2021"
"0.64","'Wanla Weyn'","'04'","'Lower Shabelle'","'Alarm'","2021"
"1.35","'Wanla Weyn'","'01'","'Lower Shabelle'","'Normal'","2021"
"0.4","'Wanla Weyn'","11","'Lower Shabelle'","'Alarm'","2021"
"0.4","'Wanla Weyn'","'06'","'Lower Shabelle'","'Alarm'","2021"
"0.6","'Wanla Weyn'","'07'","'Lower Shabelle'","'Alarm'","2021"
"0.69","'Wanla Weyn'","'09'","'Lower Shabelle'","'Alarm'","2021"
"0.72","'Wanla Weyn'","'08'","'Lower Shabelle'","'Alarm'","2021"
"0.34","'Wanla Weyn'","12","'Lower Shabelle'","'Alarm'","2021"
"1.55","'Wanla Weyn'","12","'Lower Shabelle'","'Normal'","2020"
"1.88","'Wanla Weyn'","'01'","'Lower Shabelle'","'Normal'","2020"
"1.78","'Wanla Weyn'","'04'","'Lower Shabelle'","'Normal'","2020"
"1.56","'Wanla Weyn'","'02'","'Lower Shabelle'","'Normal'","2020"
"1.59","'Wanla Weyn'","'09'","'Lower Shabelle'","'Normal'","2020"
"2.35","'Wanla Weyn'","'03'","'Lower Shabelle'","'Normal'","2020"
"2.02","'Wanla Weyn'","'07'","'Lower Shabelle'","'Normal'","2020"
"1.42","'Wanla Weyn'","'06'","'Lower Shabelle'","'Normal'","2020"
"1.4","'Wanla Weyn'","'05'","'Lower Shabelle'","'Normal'","2020"
"2.07","'Wanla Weyn'","'08'","'Lower Shabelle'","'Normal'","2020"
"1.55","'Wanla Weyn'","11","'Lower Shabelle'","'Normal'","2020"
"1.69","'Wanla Weyn'","10","'Lower Shabelle'","'Normal'","2020"
"0.86","'Wanla Weyn'","'02'","'Lower Shabelle'","'Alert'","2019"
"1.28","'Wanla Weyn'","'07'","'Lower Shabelle'","'Normal'","2019"
"0.94","'Wanla Weyn'","'01'","'Lower Shabelle'","'Alert'","2019"
"1.95","'Wanla Weyn'","11","'Lower Shabelle'","'Normal'","2019"
"0.82","'Wanla Weyn'","'03'","'Lower Shabelle'","'Alert'","2019"
"2.11","'Wanla Weyn'","10","'Lower Shabelle'","'Normal'","2019"
"1.17","'Wanla Weyn'","'09'","'Lower Shabelle'","'Normal'","2019"
"1","'Wanla Weyn'","'06'","'Lower Shabelle'","'Normal'","2019"
"1","'Wanla Weyn'","'05'","'Lower Shabelle'","'Normal'","2019"
"2","'Wanla Weyn'","12","'Lower Shabelle'","'Normal'","2019"
"0.67","'Wanla Weyn'","'04'","'Lower Shabelle'","'Alarm'","2019"
"1.36","'Wanla Weyn'","'08'","'Lower Shabelle'","'Normal'","2019"
"0.72","'Wanla Weyn'","12","'Lower Shabelle'","'Alarm'","2018"
"0.48","'Wanla Weyn'","11","'Lower Shabelle'","'Alarm'","2018"