id,date,station_number,level(m)
219919,19/11/2024,jb009,4.32
219912,18/11/2024,jb009,4.38
219905,17/11/2024,jb009,4.38
219898,16/11/2024,jb009,4.68
219891,15/11/2024,jb009,4.9
219884,14/11/2024,jb009,5.2
219877,13/11/2024,jb009,5.28
219870,12/11/2024,jb009,5.38
219863,11/11/2024,jb009,5.4
219856,10/11/2024,jb009,5.54
219849,09/11/2024,jb009,5.36
219842,08/11/2024,jb009,5.38
219835,07/11/2024,jb009,5.22
219828,06/11/2024,jb009,5.16
219821,05/11/2024,jb009,4.98
219814,04/11/2024,jb009,4.08
219807,03/11/2024,jb009,3.86
219800,02/11/2024,jb009,3.88
219793,01/11/2024,jb009,3.92
219786,31/10/2024,jb009,4
219779,30/10/2024,jb009,4.06
219772,29/10/2024,jb009,3.38
219739,28/10/2024,jb009,3.4
219732,27/10/2024,jb009,3.38
219725,26/10/2024,jb009,3.36
219718,25/10/2024,jb009,3.34
219711,24/10/2024,jb009,3.28
219704,23/10/2024,jb009,3.26
219697,22/10/2024,jb009,3.2
219690,21/10/2024,jb009,3.24
219683,20/10/2024,jb009,3.28
219676,19/10/2024,jb009,3.3
219669,18/10/2024,jb009,3.28
219662,17/10/2024,jb009,3.24
219655,16/10/2024,jb009,3.08
219648,15/10/2024,jb009,3.12
219641,14/10/2024,jb009,3.08
219634,13/10/2024,jb009,3.04
219627,12/10/2024,jb009,2.98
219620,11/10/2024,jb009,2.96
219613,10/10/2024,jb009,2.92
219606,09/10/2024,jb009,2.96
219599,08/10/2024,jb009,2.92
219592,07/10/2024,jb009,2.88
219585,06/10/2024,jb009,2.82
219578,05/10/2024,jb009,2.84
219571,04/10/2024,jb009,2.88
219564,03/10/2024,jb009,2.92
219557,02/10/2024,jb009,2.94
219550,01/10/2024,jb009,2.96
219543,30/09/2024,jb009,3
219536,29/09/2024,jb009,3.04
219529,28/09/2024,jb009,3.08
219522,27/09/2024,jb009,3.04
219515,26/09/2024,jb009,3
219508,25/09/2024,jb009,3.1
219501,24/09/2024,jb009,3
219494,23/09/2024,jb009,3.04
219487,22/09/2024,jb009,3.04
219480,21/09/2024,jb009,3.1
219473,20/09/2024,jb009,3.04
219466,19/09/2024,jb009,3.06
219459,18/09/2024,jb009,3
219452,17/09/2024,jb009,3.02
219445,16/09/2024,jb009,2.94
219438,15/09/2024,jb009,2.96
219431,14/09/2024,jb009,3.04
219424,13/09/2024,jb009,4.1
219417,12/09/2024,jb009,3.2
219410,11/09/2024,jb009,3.26
219403,10/09/2024,jb009,3.2
219396,09/09/2024,jb009,3.18
219389,08/09/2024,jb009,3.24
219382,07/09/2024,jb009,3.3
219375,06/09/2024,jb009,3.38
219368,05/09/2024,jb009,3.2
219361,04/09/2024,jb009,3.1
219354,03/09/2024,jb009,3.16
219347,02/09/2024,jb009,3.24
219340,01/09/2024,jb009,3.32
219333,31/08/2024,jb009,3.4
219326,30/08/2024,jb009,3.48
219319,29/08/2024,jb009,3.56
219312,28/08/2024,jb009,3.58
219305,27/08/2024,jb009,3.62
219298,26/08/2024,jb009,3.64
219291,25/08/2024,jb009,3.44
219284,24/08/2024,jb009,3.22
219277,23/08/2024,jb009,3.18
219270,22/08/2024,jb009,3.16
219263,21/08/2024,jb009,3.16
219256,20/08/2024,jb009,3.14
219249,19/08/2024,jb009,3.18
219242,18/08/2024,jb009,3.16
219235,17/08/2024,jb009,3.18
219228,16/08/2024,jb009,3.2
219221,15/08/2024,jb009,3.2
219214,14/08/2024,jb009,3.18
219207,13/08/2024,jb009,3.12
219200,12/08/2024,jb009,3.1
219193,11/08/2024,jb009,3.06
219186,10/08/2024,jb009,3.04
219179,09/08/2024,jb009,3.02
219172,08/08/2024,jb009,2.98
219165,07/08/2024,jb009,2.98
219158,06/08/2024,jb009,2.94
219151,05/08/2024,jb009,2.9
219144,04/08/2024,jb009,2.86
219137,03/08/2024,jb009,2.84
219130,02/08/2024,jb009,2.8
219123,01/08/2024,jb009,2.76
219116,31/07/2024,jb009,2.12
219109,30/07/2024,jb009,2.04
219102,29/07/2024,jb009,1.96
219095,28/07/2024,jb009,1.78
219088,27/07/2024,jb009,1.16
219081,26/07/2024,jb009,1.16
219074,25/07/2024,jb009,1.18
219067,24/07/2024,jb009,1.18
219060,23/07/2024,jb009,1.2
219053,22/07/2024,jb009,1.2
219046,21/07/2024,jb009,1.22
219039,20/07/2024,jb009,1.22
219032,19/07/2024,jb009,1.24
219025,18/07/2024,jb009,1.26
219018,17/07/2024,jb009,1.28
219011,16/07/2024,jb009,1.28
219004,15/07/2024,jb009,1.3
218997,14/07/2024,jb009,1.28
218990,13/07/2024,jb009,1.3
218983,12/07/2024,jb009,1.3
218976,11/07/2024,jb009,1.32
218969,10/07/2024,jb009,1.34
218962,09/07/2024,jb009,1.36
218955,08/07/2024,jb009,1.38
218948,07/07/2024,jb009,1.38
218941,06/07/2024,jb009,1.4
218934,05/07/2024,jb009,1.44
218927,04/07/2024,jb009,1.44
218920,03/07/2024,jb009,1.46
218913,02/07/2024,jb009,1.48
218906,01/07/2024,jb009,1.5
218899,30/06/2024,jb009,1.52
218892,29/06/2024,jb009,1.54
218885,28/06/2024,jb009,1.54
218878,27/06/2024,jb009,1.56
218871,26/06/2024,jb009,1.56
218864,25/06/2024,jb009,1.58
218857,24/06/2024,jb009,1.6
218850,23/06/2024,jb009,1.62
218843,22/06/2024,jb009,1.66
218836,21/06/2024,jb009,1.7
180477,20/06/2024,jb009,1.7
180470,19/06/2024,jb009,1.74
180463,18/06/2024,jb009,1.76
180456,17/06/2024,jb009,1.78
180449,16/06/2024,jb009,1.78
180442,15/06/2024,jb009,1.8
180435,14/06/2024,jb009,1.82
180428,13/06/2024,jb009,1.86
180421,12/06/2024,jb009,1.88
180414,11/06/2024,jb009,2.38
180407,10/06/2024,jb009,2.42
180400,09/06/2024,jb009,2.46
180393,08/06/2024,jb009,2.48
180386,07/06/2024,jb009,2.52
180379,06/06/2024,jb009,2.56
180372,05/06/2024,jb009,2.58
180365,04/06/2024,jb009,2.6
180358,03/06/2024,jb009,2.64
180351,02/06/2024,jb009,2.66
180344,01/06/2024,jb009,2.68
180337,31/05/2024,jb009,2.92
180330,30/05/2024,jb009,2.96
180323,29/05/2024,jb009,2.98
180316,28/05/2024,jb009,3
180309,27/05/2024,jb009,2.98
180302,26/05/2024,jb009,3.02
180295,25/05/2024,jb009,3.04
180288,24/05/2024,jb009,3
180281,23/05/2024,jb009,3.08
180274,22/05/2024,jb009,3.2
180267,21/05/2024,jb009,3.24
180260,20/05/2024,jb009,3.28
180253,19/05/2024,jb009,3.32
180246,18/05/2024,jb009,3.38
180239,17/05/2024,jb009,3.44
180232,16/05/2024,jb009,3.56
180225,15/05/2024,jb009,4.72
180218,14/05/2024,jb009,4.16
180211,13/05/2024,jb009,5.4
180204,12/05/2024,jb009,5.48
180197,11/05/2024,jb009,5.38
180190,10/05/2024,jb009,5.3
180183,09/05/2024,jb009,5.02
180176,08/05/2024,jb009,4.86
180169,07/05/2024,jb009,5.22
180162,06/05/2024,jb009,4.48
180155,05/05/2024,jb009,3.58
180148,04/05/2024,jb009,3.86
180141,03/05/2024,jb009,3.56
180134,02/05/2024,jb009,3.88
180127,01/05/2024,jb009,3.26
180120,30/04/2024,jb009,3.48
180113,29/04/2024,jb009,4.08
180106,28/04/2024,jb009,3.98
180099,27/04/2024,jb009,3.28
180092,26/04/2024,jb009,3.08
180085,25/04/2024,jb009,2.92
180078,24/04/2024,jb009,3.24
180071,23/04/2024,jb009,3.26
180064,22/04/2024,jb009,3.1
180057,21/04/2024,jb009,2.98
180050,20/04/2024,jb009,3.14
180043,19/04/2024,jb009,2.34
180036,18/04/2024,jb009,2.36
180029,17/04/2024,jb009,2.38
180022,16/04/2024,jb009,2.4
180015,15/04/2024,jb009,2.46
180008,14/04/2024,jb009,2.58
180001,13/04/2024,jb009,2.54
179994,12/04/2024,jb009,2.5
179987,11/04/2024,jb009,2.54
179980,10/04/2024,jb009,3.12
179973,09/04/2024,jb009,3.18
179966,08/04/2024,jb009,3.08
179959,07/04/2024,jb009,3.14
179952,06/04/2024,jb009,3.04
179945,05/04/2024,jb009,2.98
179938,04/04/2024,jb009,2.94
179931,03/04/2024,jb009,2.42
179924,02/04/2024,jb009,2.44
179917,01/04/2024,jb009,2.34
179910,31/03/2024,jb009,2.22
179903,30/03/2024,jb009,2.2
179896,29/03/2024,jb009,2.24
179889,28/03/2024,jb009,2.24
179882,27/03/2024,jb009,2.22
179875,26/03/2024,jb009,2.12
179868,25/03/2024,jb009,2.08
179861,24/03/2024,jb009,2.1
179854,23/03/2024,jb009,2.1
179847,22/03/2024,jb009,2.06
179840,21/03/2024,jb009,2.02
179833,20/03/2024,jb009,2.02
179826,19/03/2024,jb009,2
179819,18/03/2024,jb009,1.72
179812,17/03/2024,jb009,1.8
179805,16/03/2024,jb009,1.8
179798,15/03/2024,jb009,1.78
179791,14/03/2024,jb009,1.76
179784,13/03/2024,jb009,1.74
179777,12/03/2024,jb009,1.74
179770,11/03/2024,jb009,1.72
179763,10/03/2024,jb009,1.7
179756,09/03/2024,jb009,1.66
179749,08/03/2024,jb009,1.62
179742,07/03/2024,jb009,1.52
179735,06/03/2024,jb009,1.56
179728,05/03/2024,jb009,1.58
179721,04/03/2024,jb009,1.58
179714,03/03/2024,jb009,1.6
179707,02/03/2024,jb009,1.62
179700,01/03/2024,jb009,1.64
179693,29/02/2024,jb009,1.66
179686,28/02/2024,jb009,1.68
179679,27/02/2024,jb009,1.72
179672,26/02/2024,jb009,1.74
179665,25/02/2024,jb009,1.76
179658,24/02/2024,jb009,1.76
179651,23/02/2024,jb009,1.74
179644,22/02/2024,jb009,1.76
179637,21/02/2024,jb009,1.74
179630,20/02/2024,jb009,1.76
179623,19/02/2024,jb009,1.78
179616,18/02/2024,jb009,1.8
179609,17/02/2024,jb009,1.82
179602,16/02/2024,jb009,1.86
179595,15/02/2024,jb009,1.84
179588,14/02/2024,jb009,1.8
179581,13/02/2024,jb009,1.8
179574,12/02/2024,jb009,1.84
179567,11/02/2024,jb009,1.86
179560,10/02/2024,jb009,1.82
179553,09/02/2024,jb009,1.84
179546,08/02/2024,jb009,1.88
179539,07/02/2024,jb009,1.9
179532,06/02/2024,jb009,1.92
179525,05/02/2024,jb009,1.88
179518,04/02/2024,jb009,1.86
179511,03/02/2024,jb009,1.9
179504,01/02/2024,jb009,1.88
179497,31/01/2024,jb009,1.9
179490,30/01/2024,jb009,1.92
179483,29/01/2024,jb009,1.96
179476,28/01/2024,jb009,1.92
179469,27/01/2024,jb009,1.94
179462,26/01/2024,jb009,1.9
179455,25/01/2024,jb009,1.92
179448,24/01/2024,jb009,1.94
179441,23/01/2024,jb009,1.9
179434,22/01/2024,jb009,1.9
179427,21/01/2024,jb009,1.94
179420,20/01/2024,jb009,1.96
179413,19/01/2024,jb009,1.94
179406,18/01/2024,jb009,1.96
179399,17/01/2024,jb009,1.98
179392,16/01/2024,jb009,2.02
179385,15/01/2024,jb009,2.04
179378,14/01/2024,jb009,2.08
179371,13/01/2024,jb009,2.04
179364,12/01/2024,jb009,2.08
179357,11/01/2024,jb009,2.08
179350,10/01/2024,jb009,2.12
179343,09/01/2024,jb009,2.14
179336,08/01/2024,jb009,2.08
179329,07/01/2024,jb009,2.1
179322,06/01/2024,jb009,2.1
179315,05/01/2024,jb009,2.16
179308,04/01/2024,jb009,2.2
179301,03/01/2024,jb009,2.22
179294,02/01/2024,jb009,2.18
179287,01/01/2024,jb009,2.18
179280,31/12/2023,jb009,2.2
179273,30/12/2023,jb009,2.18
179266,29/12/2023,jb009,2.12
179259,28/12/2023,jb009,2.18
179252,27/12/2023,jb009,2.28
179245,26/12/2023,jb009,2.3
179238,25/12/2023,jb009,2.34
179231,24/12/2023,jb009,2.36
179224,23/12/2023,jb009,2.4
179217,22/12/2023,jb009,2.44
179210,21/12/2023,jb009,2.44
179203,20/12/2023,jb009,2.48
179196,19/12/2023,jb009,2.5
179189,18/12/2023,jb009,2.48
179182,17/12/2023,jb009,2.5
179175,16/12/2023,jb009,2.5
179168,15/12/2023,jb009,2.54
179161,14/12/2023,jb009,2.56
179154,13/12/2023,jb009,2.65
179147,12/12/2023,jb009,2.48
179140,11/12/2023,jb009,2.52
179133,10/12/2023,jb009,2.54
179126,09/12/2023,jb009,2.58
179119,08/12/2023,jb009,2.6
179112,07/12/2023,jb009,2.66
179105,06/12/2023,jb009,2.92
179098,05/12/2023,jb009,2.98
179091,04/12/2023,jb009,3.34
179084,03/12/2023,jb009,3.3
179077,02/12/2023,jb009,3.36
179070,01/12/2023,jb009,3.4
179063,30/11/2023,jb009,3.88
179056,29/11/2023,jb009,4
179049,28/11/2023,jb009,4.7
179042,27/11/2023,jb009,5.3
179035,26/11/2023,jb009,5.62
179028,25/11/2023,jb009,6
179021,24/11/2023,jb009,6
179014,23/11/2023,jb009,6
179007,22/11/2023,jb009,6
179000,21/11/2023,jb009,6
178993,20/11/2023,jb009,6
178986,19/11/2023,jb009,5.9
178979,18/11/2023,jb009,5.46
178972,17/11/2023,jb009,6
178965,16/11/2023,jb009,6
178958,15/11/2023,jb009,6
178951,14/11/2023,jb009,6
178944,13/11/2023,jb009,6
178937,12/11/2023,jb009,6
178930,11/11/2023,jb009,6
178923,10/11/2023,jb009,6
178916,09/11/2023,jb009,6
178909,08/11/2023,jb009,6
178902,07/11/2023,jb009,6
178895,06/11/2023,jb009,6
178888,05/11/2023,jb009,6
178881,04/11/2023,jb009,6
178874,03/11/2023,jb009,6
178867,02/11/2023,jb009,5.92
178860,01/11/2023,jb009,5.8
178853,31/10/2023,jb009,5.52
178846,30/10/2023,jb009,5.4
178839,29/10/2023,jb009,5.46
178832,28/10/2023,jb009,5.48
178825,27/10/2023,jb009,5.08
178818,26/10/2023,jb009,3.66
178811,25/10/2023,jb009,3.78
178804,24/10/2023,jb009,4.4
178797,23/10/2023,jb009,4.36
178790,22/10/2023,jb009,4.56
178783,21/10/2023,jb009,4.48
178776,20/10/2023,jb009,4.72
178769,19/10/2023,jb009,4.26
178762,18/10/2023,jb009,3.86
178755,17/10/2023,jb009,4.04
178748,16/10/2023,jb009,3.48
178741,15/10/2023,jb009,3.94
178734,14/10/2023,jb009,4.06
178727,13/10/2023,jb009,3.98
178720,12/10/2023,jb009,3.96
178713,11/10/2023,jb009,3.94
178706,10/10/2023,jb009,3.96
178699,09/10/2023,jb009,3.74
178692,08/10/2023,jb009,3.7
178685,07/10/2023,jb009,3.64
178678,06/10/2023,jb009,3.56
178671,05/10/2023,jb009,3.52
178664,04/10/2023,jb009,3.48
178657,03/10/2023,jb009,3.44
178650,02/10/2023,jb009,3.42
178643,01/10/2023,jb009,3.38
178636,30/09/2023,jb009,3.34
178629,29/09/2023,jb009,3.12
178622,28/09/2023,jb009,3.08
178615,27/09/2023,jb009,2.9
178608,26/09/2023,jb009,2.88
178601,25/09/2023,jb009,2.8
178594,24/09/2023,jb009,2.78
178587,23/09/2023,jb009,2.74
178580,22/09/2023,jb009,2.58
178573,21/09/2023,jb009,2.6
178566,20/09/2023,jb009,2.62
178559,19/09/2023,jb009,2.62
178552,18/09/2023,jb009,2.66
178545,17/09/2023,jb009,2.68
178538,16/09/2023,jb009,2.7
178531,15/09/2023,jb009,2.72
178524,14/09/2023,jb009,2.7
178517,13/09/2023,jb009,2.74
178510,12/09/2023,jb009,2.36
178503,11/09/2023,jb009,2.38
178496,10/09/2023,jb009,2.42
178489,09/09/2023,jb009,2.44
178482,08/09/2023,jb009,2.48
178475,07/09/2023,jb009,2.52
178468,06/09/2023,jb009,2.54
178461,05/09/2023,jb009,2.58
178454,04/09/2023,jb009,2.62
178447,03/09/2023,jb009,2.64
178440,02/09/2023,jb009,2.68
178433,01/09/2023,jb009,2.7
178426,31/08/2023,jb009,2.74
178419,30/08/2023,jb009,2.76
178412,29/08/2023,jb009,2.8
178405,28/08/2023,jb009,2.84
178398,27/08/2023,jb009,2.86
178391,26/08/2023,jb009,2.88
178384,25/08/2023,jb009,2.9
178377,24/08/2023,jb009,2.94
178370,23/08/2023,jb009,2.98
178363,22/08/2023,jb009,3
178356,21/08/2023,jb009,3.02
178349,20/08/2023,jb009,3.08
178342,19/08/2023,jb009,3.16
178335,18/08/2023,jb009,3.18
178328,17/08/2023,jb009,3.2
178321,16/08/2023,jb009,3.24
178314,15/08/2023,jb009,3.2
178307,14/08/2023,jb009,3.2
178300,13/08/2023,jb009,3.24
178293,12/08/2023,jb009,2.96
178286,11/08/2023,jb009,2.88
178279,10/08/2023,jb009,2.86
178272,09/08/2023,jb009,2.82
178265,08/08/2023,jb009,2.84
178258,07/08/2023,jb009,2.8
178251,06/08/2023,jb009,2.86
178244,05/08/2023,jb009,2.8
178237,04/08/2023,jb009,2.78
178230,03/08/2023,jb009,2.76
178223,02/08/2023,jb009,2.72
178216,01/08/2023,jb009,2.74
178209,31/07/2023,jb009,2.7
178202,30/07/2023,jb009,2.66
178195,29/07/2023,jb009,2.68
178188,28/07/2023,jb009,2.7
178181,27/07/2023,jb009,2.68
178174,26/07/2023,jb009,2.64
178167,25/07/2023,jb009,2.66
178160,24/07/2023,jb009,2.66
178153,23/07/2023,jb009,2.68
178146,22/07/2023,jb009,2.7
178139,21/07/2023,jb009,2.68
178132,20/07/2023,jb009,2.68
178125,19/07/2023,jb009,2.7
178118,18/07/2023,jb009,2.72
178111,17/07/2023,jb009,2.8
178104,16/07/2023,jb009,2.78
178097,15/07/2023,jb009,2.7
178090,14/07/2023,jb009,2.72
178083,13/07/2023,jb009,2.74
178076,12/07/2023,jb009,2.7
178069,11/07/2023,jb009,2.72
178062,10/07/2023,jb009,2.74
178055,09/07/2023,jb009,2.78
178048,08/07/2023,jb009,2.46
178041,07/07/2023,jb009,2.12
178034,06/07/2023,jb009,2.12
178027,05/07/2023,jb009,2.14
178020,04/07/2023,jb009,2.14
178013,03/07/2023,jb009,2.16
178006,02/07/2023,jb009,2.18
177999,01/07/2023,jb009,2.18
177992,30/06/2023,jb009,2.2
177985,29/06/2023,jb009,2.22
177978,28/06/2023,jb009,2.22
177971,27/06/2023,jb009,2.24
177964,26/06/2023,jb009,2.26
177957,25/06/2023,jb009,2.28
177950,24/06/2023,jb009,2.3
177943,23/06/2023,jb009,2.34
177936,22/06/2023,jb009,2.36
177929,21/06/2023,jb009,2.38
177922,20/06/2023,jb009,2.42
177915,19/06/2023,jb009,2.46
177908,18/06/2023,jb009,2.48
177901,17/06/2023,jb009,2.5
177894,16/06/2023,jb009,2.56
177887,15/06/2023,jb009,2.6
177880,14/06/2023,jb009,2.68
177873,13/06/2023,jb009,2.8
177866,12/06/2023,jb009,2.88
177859,11/06/2023,jb009,2.94
177852,10/06/2023,jb009,2.98
177845,09/06/2023,jb009,3.1
177838,08/06/2023,jb009,3.16
177831,07/06/2023,jb009,3.2
177824,06/06/2023,jb009,3.26
177817,05/06/2023,jb009,3.3
177810,04/06/2023,jb009,3.36
177803,03/06/2023,jb009,3.4
177796,02/06/2023,jb009,3.68
177789,01/06/2023,jb009,4.28
177782,31/05/2023,jb009,4.8
177775,30/05/2023,jb009,4.02
177768,29/05/2023,jb009,2.88
177761,28/05/2023,jb009,2.94
177754,27/05/2023,jb009,2.98
177747,26/05/2023,jb009,3
177740,25/05/2023,jb009,3.02
177733,24/05/2023,jb009,3.08
177726,23/05/2023,jb009,3
177719,22/05/2023,jb009,3.06
177712,21/05/2023,jb009,3.1
177705,20/05/2023,jb009,3.28
177698,19/05/2023,jb009,3.34
177691,18/05/2023,jb009,3.42
177677,17/05/2023,jb009,3.36
177685,16/05/2023,jb009,3.4
175940,15/05/2023,jb009,3.44
175933,14/05/2023,jb009,3.68
175926,13/05/2023,jb009,4
175919,12/05/2023,jb009,4.06
175912,11/05/2023,jb009,3.86
175905,10/05/2023,jb009,3.88
175898,09/05/2023,jb009,4.2
175891,08/05/2023,jb009,4.42
175884,07/05/2023,jb009,4.86
175877,06/05/2023,jb009,4.68
175870,05/05/2023,jb009,4.94
175863,04/05/2023,jb009,5.04
175856,03/05/2023,jb009,5.02
175849,02/05/2023,jb009,4.9
175842,01/05/2023,jb009,4.58
175835,30/04/2023,jb009,4.26
175828,29/04/2023,jb009,4.32
175821,28/04/2023,jb009,4.48
175814,27/04/2023,jb009,4.02
175807,26/04/2023,jb009,4.08
175800,25/04/2023,jb009,4.22
175793,24/04/2023,jb009,4.48
175786,23/04/2023,jb009,4.3
175779,22/04/2023,jb009,4.1
175772,21/04/2023,jb009,4.1
175765,20/04/2023,jb009,4.06
175758,19/04/2023,jb009,3.86
175751,18/04/2023,jb009,3.66
175744,17/04/2023,jb009,3.98
175737,16/04/2023,jb009,3.78
175730,15/04/2023,jb009,3.4
175723,14/04/2023,jb009,3.8
175716,13/04/2023,jb009,3.62
175709,12/04/2023,jb009,3.9
175702,11/04/2023,jb009,3.96
175695,10/04/2023,jb009,4.08
175688,09/04/2023,jb009,4
175681,08/04/2023,jb009,4.08
175674,07/04/2023,jb009,4
175667,06/04/2023,jb009,4.08
175660,05/04/2023,jb009,3.62
175653,04/04/2023,jb009,3.4
175646,03/04/2023,jb009,3.44
175639,02/04/2023,jb009,4.1
175632,01/04/2023,jb009,4.16
175625,31/03/2023,jb009,4
175611,30/03/2023,jb009,4.08
175604,29/03/2023,jb009,4.16
175527,28/03/2023,jb009,4.28
175464,27/03/2023,jb009,4.82
174785,26/03/2023,jb009,4.5
174792,25/03/2023,jb009,5.3
174800,24/03/2023,jb009,5.1
174806,23/03/2023,jb009,3.8
174813,22/03/2023,jb009,4
174820,21/03/2023,jb009,4.1
174833,20/03/2023,jb009,4.7
174840,19/03/2023,jb009,4.9
174841,18/03/2023,jb009,1.9
174853,17/03/2023,jb009,1.9
174858,16/03/2023,jb009,1.9
174863,15/03/2023,jb009,1.9
174869,14/03/2023,jb009,1.9
174876,13/03/2023,jb009,1.9
174886,12/03/2023,jb009,1.9
174890,11/03/2023,jb009,1.9
174900,10/03/2023,jb009,1.8
174904,09/03/2023,jb009,1.7
174912,08/03/2023,jb009,1.7
174919,07/03/2023,jb009,1.8
174931,06/03/2023,jb009,1.9
174934,05/03/2023,jb009,2
174943,04/03/2023,jb009,1.9
174952,03/03/2023,jb009,2
174959,02/03/2023,jb009,1.9
174968,01/03/2023,jb009,1.9
174976,28/02/2023,jb009,1.9
174984,27/02/2023,jb009,1.9
174988,26/02/2023,jb009,1.8
174999,25/02/2023,jb009,1.9
175003,24/02/2023,jb009,1.9
175012,23/02/2023,jb009,1.9
175017,22/02/2023,jb009,1.9
175028,21/02/2023,jb009,1.9
175034,20/02/2023,jb009,1.8
175038,19/02/2023,jb009,1.8
175048,18/02/2023,jb009,1.7
175049,17/02/2023,jb009,1.8
175058,16/02/2023,jb009,1.9
175061,15/02/2023,jb009,1.9
175070,14/02/2023,jb009,1.9
175074,13/02/2023,jb009,2
175080,12/02/2023,jb009,1.9
175091,11/02/2023,jb009,1.8
175098,10/02/2023,jb009,2
175103,09/02/2023,jb009,2
175112,08/02/2023,jb009,1.9
175119,07/02/2023,jb009,1.8
175126,06/02/2023,jb009,1.8
175131,05/02/2023,jb009,1.7
175136,04/02/2023,jb009,1.8
175147,03/02/2023,jb009,1.9
175153,02/02/2023,jb009,1.9
175159,01/02/2023,jb009,1.9
175168,31/01/2023,jb009,1.8
175171,30/01/2023,jb009,1.8
175182,29/01/2023,jb009,1.7
175187,28/01/2023,jb009,1.8
175198,27/01/2023,jb009,1.9
175199,26/01/2023,jb009,1.8
175209,25/01/2023,jb009,1.8
175215,24/01/2023,jb009,1.9
175226,23/01/2023,jb009,1.9
175230,22/01/2023,jb009,1.9
175236,21/01/2023,jb009,1.9
175241,20/01/2023,jb009,1.9
175250,19/01/2023,jb009,1.8
175259,18/01/2023,jb009,1.7
175262,17/01/2023,jb009,1.5
175274,16/01/2023,jb009,1.5
175281,15/01/2023,jb009,1.6
175285,14/01/2023,jb009,1.7
175296,13/01/2023,jb009,1.9
175298,12/01/2023,jb009,2
175305,11/01/2023,jb009,1.9
175315,10/01/2023,jb009,1.9
175321,09/01/2023,jb009,2.1
175335,08/01/2023,jb009,2
175339,07/01/2023,jb009,2
175355,06/01/2023,jb009,2
175357,05/01/2023,jb009,2
175364,04/01/2023,jb009,2.1
175373,03/01/2023,jb009,2.3
175381,02/01/2023,jb009,2
175386,01/01/2023,jb009,2
167423,31/12/2022,jb009,2
167157,30/12/2022,jb009,2.06
166870,29/12/2022,jb009,2.02
166418,28/12/2022,jb009,2.04
166189,27/12/2022,jb009,2.02
165488,23/12/2022,jb009,1.7
165393,21/12/2022,jb009,2.06
165280,20/12/2022,jb009,2.08
165125,19/12/2022,jb009,2.04
164512,17/12/2022,jb009,1.7
164317,14/12/2022,jb009,2.12
163964,13/12/2022,jb009,2.14
163806,12/12/2022,jb009,2.16
163485,11/12/2022,jb009,2.16
163252,08/12/2022,jb009,2.22
163133,06/12/2022,jb009,2.4
162766,05/12/2022,jb009,2.24
162494,04/12/2022,jb009,2.26
162502,03/12/2022,jb009,2.26
162151,02/12/2022,jb009,2.28
161594,01/12/2022,jb009,2.22
161189,30/11/2022,jb009,2.3
161170,29/11/2022,jb009,2.36
160825,28/11/2022,jb009,2.34
142146,27/11/2022,jb009,2.36
142145,26/11/2022,jb009,2.44
142144,25/11/2022,jb009,2.56
142143,24/11/2022,jb009,2.64
142142,23/11/2022,jb009,2.52
142141,22/11/2022,jb009,2.48
142140,21/11/2022,jb009,2.5
142139,20/11/2022,jb009,2.52
142138,19/11/2022,jb009,2.44
142133,18/11/2022,jb009,2.44
142097,17/11/2022,jb009,2.5
142017,15/11/2022,jb009,2.82
141087,14/11/2022,jb009,2.7
140688,12/11/2022,jb009,2.74
140345,11/11/2022,jb009,2.78
140088,10/11/2022,jb009,3
139823,09/11/2022,jb009,2.98
139531,08/11/2022,jb009,3.08
139283,07/11/2022,jb009,3.54
139225,06/11/2022,jb009,3.64
138821,05/11/2022,jb009,3.84
138513,04/11/2022,jb009,4.28
138233,03/11/2022,jb009,4.18
137952,02/11/2022,jb009,4.24
137691,01/11/2022,jb009,4.52
137433,31/10/2022,jb009,4.74
137386,30/10/2022,jb009,5.02
136939,29/10/2022,jb009,4.98
136673,28/10/2022,jb009,4.78
136630,27/10/2022,jb009,4.74
136103,26/10/2022,jb009,4.66
135861,25/10/2022,jb009,4.5
135680,24/10/2022,jb009,3.66
135654,22/10/2022,jb009,3.08
135139,21/10/2022,jb009,3.3
135104,20/10/2022,jb009,3.28
134582,18/10/2022,jb009,2.74
134419,17/10/2022,jb009,2.76
134366,16/10/2022,jb009,2.74
133820,14/10/2022,jb009,2.9
133569,13/10/2022,jb009,2.98
133383,12/10/2022,jb009,2.94
133222,11/10/2022,jb009,2.84
133055,10/10/2022,jb009,2.76
132476,07/10/2022,jb009,2.4
132212,06/10/2022,jb009,2.4
132004,05/10/2022,jb009,2.44
131848,04/10/2022,jb009,2.5
131699,03/10/2022,jb009,2.54
131519,02/10/2022,jb009,2.66
130941,29/09/2022,jb009,2.48
130712,28/09/2022,jb009,2.52
130690,27/09/2022,jb009,2.58
130309,26/09/2022,jb009,2.62
130184,25/09/2022,jb009,2.66
129865,23/09/2022,jb009,2.78
129667,22/09/2022,jb009,3.2
129353,20/09/2022,jb009,3.24
129179,19/09/2022,jb009,2.96
128527,16/09/2022,jb009,2.8
128342,15/09/2022,jb009,2.84
128145,14/09/2022,jb009,2.78
128030,13/09/2022,jb009,2.74
127829,12/09/2022,jb009,2.78
127137,09/09/2022,jb009,2.42
126848,08/09/2022,jb009,2.4
126814,07/09/2022,jb009,2.44
126764,06/09/2022,jb009,2.26
126704,05/09/2022,jb009,2.22
126509,04/09/2022,jb009,2.2
125968,31/08/2022,jb009,2.2
125607,28/08/2022,jb009,2.24
125217,25/08/2022,jb009,2.34
125049,24/08/2022,jb009,2.36
124714,21/08/2022,jb009,2.46
124029,19/08/2022,jb009,2.58
123803,18/08/2022,jb009,2.7
123685,17/08/2022,jb009,2.44
123599,16/08/2022,jb009,2.4
123414,15/08/2022,jb009,2.42
122846,13/08/2022,jb009,2.52
122542,12/08/2022,jb009,2.6
122413,11/08/2022,jb009,2.7
122354,10/08/2022,jb009,2.74
122069,09/08/2022,jb009,2.48
121886,06/08/2022,jb009,2.12
121256,05/08/2022,jb009,2.14
121042,04/08/2022,jb009,2.2
120868,03/08/2022,jb009,2.16
120812,02/08/2022,jb009,2.14
120694,01/08/2022,jb009,2.16
120011,28/07/2022,jb009,2.28
119854,27/07/2022,jb009,2.32
119694,26/07/2022,jb009,2.26
119558,25/07/2022,jb009,2.28
119725,24/07/2022,jb009,2.32
119724,23/07/2022,jb009,2.34
119723,22/07/2022,jb009,2.36
119382,21/07/2022,jb009,2.1
117452,20/07/2022,jb009,2.06
117445,19/07/2022,jb009,2.08
117459,18/07/2022,jb009,2.06
117438,17/07/2022,jb009,1.92
117431,16/07/2022,jb009,1.9
117424,15/07/2022,jb009,1.94
117417,14/07/2022,jb009,1.9
117410,13/07/2022,jb009,1.86
117403,12/07/2022,jb009,1.9
117396,11/07/2022,jb009,1.86
117389,10/07/2022,jb009,1.9
117382,09/07/2022,jb009,1.86
117375,08/07/2022,jb009,1.86
117368,07/07/2022,jb009,1.86
117361,06/07/2022,jb009,1.86
117354,05/07/2022,jb009,1.92
117347,04/07/2022,jb009,2.02
117340,03/07/2022,jb009,2.14
117333,02/07/2022,jb009,2.12
117326,01/07/2022,jb009,2.1
117319,30/06/2022,jb009,2.12
117312,29/06/2022,jb009,2.2
117305,28/06/2022,jb009,2.24
117298,27/06/2022,jb009,2.26
117291,26/06/2022,jb009,2.18
117284,25/06/2022,jb009,2.26
117277,24/06/2022,jb009,2.32
117270,23/06/2022,jb009,2.26
117263,22/06/2022,jb009,2.36
117256,21/06/2022,jb009,2.4
117249,20/06/2022,jb009,2.32
117242,19/06/2022,jb009,2.28
117235,18/06/2022,jb009,2.44
117228,17/06/2022,jb009,3.38
117221,16/06/2022,jb009,2.4
117214,15/06/2022,jb009,2.42
117207,14/06/2022,jb009,2.46
117200,13/06/2022,jb009,2.48
117193,12/06/2022,jb009,2.44
117186,11/06/2022,jb009,2.5
117179,10/06/2022,jb009,2.56
117172,09/06/2022,jb009,2.6
117165,08/06/2022,jb009,2.68
117158,07/06/2022,jb009,2.62
117151,06/06/2022,jb009,2.66
117144,05/06/2022,jb009,2.64
117137,04/06/2022,jb009,2.7
117130,03/06/2022,jb009,2.84
117123,02/06/2022,jb009,2.92
117116,01/06/2022,jb009,2.54
116968,31/05/2022,jb009,2.32
116967,30/05/2022,jb009,2.24
116966,29/05/2022,jb009,2.26
116965,28/05/2022,jb009,2.28
116964,27/05/2022,jb009,2.2
116963,26/05/2022,jb009,2.22
116962,25/05/2022,jb009,2.24
116961,24/05/2022,jb009,2.26
116960,23/05/2022,jb009,2.1
116959,22/05/2022,jb009,2.1
116958,21/05/2022,jb009,2.12
116957,20/05/2022,jb009,2.18
116956,19/05/2022,jb009,2.2
116955,18/05/2022,jb009,2.26
116954,17/05/2022,jb009,2.32
116953,16/05/2022,jb009,2.38
116952,15/05/2022,jb009,2.42
116951,14/05/2022,jb009,2.58
116950,13/05/2022,jb009,2.28
116949,12/05/2022,jb009,2.66
116948,11/05/2022,jb009,2.9
116947,10/05/2022,jb009,2.94
116946,09/05/2022,jb009,3.18
116945,08/05/2022,jb009,3.7
116944,07/05/2022,jb009,3.74
116943,06/05/2022,jb009,3.4
116942,05/05/2022,jb009,3.96
116941,04/05/2022,jb009,4.02
116940,03/05/2022,jb009,3.28
116939,02/05/2022,jb009,3.52
116938,01/05/2022,jb009,3.2
117109,30/04/2022,jb009,3.74
117102,29/04/2022,jb009,3.96
117095,28/04/2022,jb009,3.5
116871,27/04/2022,jb009,3.56
116866,26/04/2022,jb009,2.42
116860,25/04/2022,jb009,2.5
116849,24/04/2022,jb009,2.64
116846,23/04/2022,jb009,2.96
116834,22/04/2022,jb009,2.56
116829,21/04/2022,jb009,2.62
116826,20/04/2022,jb009,2.7
116816,19/04/2022,jb009,1.26
116810,18/04/2022,jb009,1
116803,17/04/2022,jb009,1
116792,16/04/2022,jb009,1
116791,15/04/2022,jb009,1
116779,14/04/2022,jb009,1
116772,13/04/2022,jb009,1
119722,12/04/2022,jb009,1
116767,11/04/2022,jb009,1
116757,10/04/2022,jb009,1
116756,09/04/2022,jb009,1
116746,08/04/2022,jb009,1
116742,07/04/2022,jb009,1
116733,06/04/2022,jb009,1
116723,05/04/2022,jb009,1
116718,04/04/2022,jb009,1
116711,03/04/2022,jb009,1
116703,02/04/2022,jb009,1
116694,01/04/2022,jb009,1
116693,31/03/2022,jb009,1
116680,30/03/2022,jb009,1.1
116677,29/03/2022,jb009,1.36
116671,28/03/2022,jb009,1
116660,27/03/2022,jb009,1
116655,26/03/2022,jb009,1
116646,25/03/2022,jb009,1
116643,24/03/2022,jb009,1
116635,23/03/2022,jb009,1
116625,22/03/2022,jb009,1
116620,21/03/2022,jb009,1
116610,20/03/2022,jb009,1
116605,19/03/2022,jb009,1
116601,18/03/2022,jb009,1
116592,17/03/2022,jb009,1
116585,16/03/2022,jb009,1
116577,15/03/2022,jb009,1
116568,14/03/2022,jb009,1
116564,13/03/2022,jb009,1
116560,12/03/2022,jb009,1
116553,11/03/2022,jb009,1
116542,10/03/2022,jb009,1
116534,09/03/2022,jb009,1
116532,08/03/2022,jb009,1
116520,07/03/2022,jb009,1
116514,06/03/2022,jb009,1
116508,05/03/2022,jb009,1
116501,04/03/2022,jb009,1
116492,03/03/2022,jb009,1
116489,02/03/2022,jb009,1
116481,01/03/2022,jb009,1
116472,28/02/2022,jb009,1
116465,27/02/2022,jb009,1
116462,26/02/2022,jb009,1
116450,25/02/2022,jb009,1
116444,24/02/2022,jb009,1
116440,23/02/2022,jb009,1
116430,22/02/2022,jb009,1
116425,21/02/2022,jb009,1
116415,20/02/2022,jb009,1
116409,19/02/2022,jb009,1
116401,18/02/2022,jb009,1
116399,17/02/2022,jb009,1
116391,16/02/2022,jb009,1
116382,15/02/2022,jb009,1
116375,14/02/2022,jb009,1
116365,13/02/2022,jb009,1
116362,12/02/2022,jb009,1
116356,11/02/2022,jb009,1
116350,10/02/2022,jb009,1
116343,09/02/2022,jb009,1
116330,08/02/2022,jb009,1
116328,07/02/2022,jb009,1.04
116316,06/02/2022,jb009,1.06
116315,05/02/2022,jb009,1.06
116308,04/02/2022,jb009,1.1
116298,03/02/2022,jb009,1.12
116291,02/02/2022,jb009,1.14
116281,01/02/2022,jb009,1.18
119721,31/01/2022,jb009,1.22
119720,30/01/2022,jb009,1.28
119719,29/01/2022,jb009,1.38
119718,28/01/2022,jb009,1.26
116275,27/01/2022,jb009,1.28
116272,26/01/2022,jb009,1.36
116265,25/01/2022,jb009,1.42
116256,24/01/2022,jb009,1.5
116252,23/01/2022,jb009,1.02
116241,22/01/2022,jb009,1.02
116233,21/01/2022,jb009,1.02
116227,20/01/2022,jb009,1.02
116220,19/01/2022,jb009,1.04
116212,18/01/2022,jb009,1.06
116204,17/01/2022,jb009,1.08
116200,16/01/2022,jb009,1.1
116193,15/01/2022,jb009,1.12
116188,14/01/2022,jb009,1.14
116176,13/01/2022,jb009,1.18
116170,12/01/2022,jb009,1.26
116165,11/01/2022,jb009,1.32
116159,10/01/2022,jb009,1.34
116148,09/01/2022,jb009,1.36
116144,08/01/2022,jb009,1.36
116139,07/01/2022,jb009,1.38
116131,06/01/2022,jb009,1.4
116124,05/01/2022,jb009,1.44
116119,04/01/2022,jb009,1.48
116106,03/01/2022,jb009,1.56
116103,02/01/2022,jb009,1.56
116095,01/01/2022,jb009,1.58
115148,03/05/2021,jb009,3.74
115144,02/05/2021,jb009,3.62
115138,01/05/2021,jb009,3.26
115127,30/04/2021,jb009,3.3
115120,29/04/2021,jb009,3.38
115118,28/04/2021,jb009,3.32
115107,27/04/2021,jb009,3.3
115101,26/04/2021,jb009,2.72
115096,25/04/2021,jb009,2.54
115087,24/04/2021,jb009,2.4
115077,23/04/2021,jb009,2.48
115073,22/04/2021,jb009,2.34
115067,21/04/2021,jb009,2.7
115057,20/04/2021,jb009,2.3
115053,19/04/2021,jb009,2.16
115048,18/04/2021,jb009,2.5
115037,17/04/2021,jb009,2.08
115033,16/04/2021,jb009,2.1
115024,15/04/2021,jb009,2.12
115014,14/04/2021,jb009,2.16
115009,13/04/2021,jb009,2.26
115005,12/04/2021,jb009,2.22
114993,11/04/2021,jb009,2.24
114990,10/04/2021,jb009,2.12
114983,09/04/2021,jb009,2.18
114976,08/04/2021,jb009,2.2
114965,07/04/2021,jb009,2.22
114964,06/04/2021,jb009,2.14
114957,05/04/2021,jb009,2.12
114947,04/04/2021,jb009,2.1
114937,03/04/2021,jb009,2.06
114934,02/04/2021,jb009,2.04
114924,01/04/2021,jb009,2.1
114922,31/03/2021,jb009,2.14
114914,30/03/2021,jb009,2.16
114905,29/03/2021,jb009,2.18
114901,28/03/2021,jb009,2.12
114888,27/03/2021,jb009,2.1
114887,26/03/2021,jb009,2.14
114877,25/03/2021,jb009,2.12
114870,24/03/2021,jb009,2.1
114863,23/03/2021,jb009,2.06
114857,22/03/2021,jb009,2.06
114851,21/03/2021,jb009,2.12
114841,20/03/2021,jb009,2.02
114832,19/03/2021,jb009,2.06
114828,18/03/2021,jb009,2.1
114820,17/03/2021,jb009,2.06
114816,16/03/2021,jb009,2.04
114810,15/03/2021,jb009,2.02
114800,14/03/2021,jb009,2
114791,13/03/2021,jb009,1.92
114788,12/03/2021,jb009,1.86
114781,11/03/2021,jb009,1.8
114773,10/03/2021,jb009,1.78
114768,09/03/2021,jb009,1.82
114757,08/03/2021,jb009,1.84
114748,07/03/2021,jb009,1.8
114742,06/03/2021,jb009,1.82
114740,05/03/2021,jb009,1.84
114730,04/03/2021,jb009,1.86
114720,03/03/2021,jb009,1.88
114717,02/03/2021,jb009,1.8
114707,01/03/2021,jb009,1.84
114700,28/02/2021,jb009,1.82
114697,27/02/2021,jb009,1.78
114689,26/02/2021,jb009,1.78
114683,25/02/2021,jb009,1.8
114672,24/02/2021,jb009,1.8
114664,23/02/2021,jb009,1.76
114657,22/02/2021,jb009,1.8
114654,21/02/2021,jb009,1.8
114649,20/02/2021,jb009,1.82
114640,19/02/2021,jb009,1.86
114629,18/02/2021,jb009,1.92
114628,17/02/2021,jb009,1.88
114618,16/02/2021,jb009,1.9
114613,15/02/2021,jb009,1.88
114602,14/02/2021,jb009,1.6
114599,13/02/2021,jb009,1.6
114591,12/02/2021,jb009,1.62
114584,11/02/2021,jb009,1.62
114574,10/02/2021,jb009,1.64
114568,09/02/2021,jb009,1.64
114559,08/02/2021,jb009,1.66
114553,07/02/2021,jb009,1.76
114548,06/02/2021,jb009,1.92
114544,05/02/2021,jb009,1.94
114532,04/02/2021,jb009,1.66
114526,03/02/2021,jb009,1.66
114521,02/02/2021,jb009,1.68
114514,01/02/2021,jb009,1.68
114503,31/01/2021,jb009,1.68
114496,30/01/2021,jb009,1.7
114494,29/01/2021,jb009,1.7
114486,28/01/2021,jb009,1.72
114475,27/01/2021,jb009,1.7
114473,26/01/2021,jb009,1.7
114463,25/01/2021,jb009,1.74
114454,24/01/2021,jb009,1.76
114453,23/01/2021,jb009,1.8
114445,22/01/2021,jb009,1.86
114438,21/01/2021,jb009,1.92
114431,20/01/2021,jb009,1.94
114419,19/01/2021,jb009,2.06
114416,18/01/2021,jb009,2.08
114410,17/01/2021,jb009,2.16
114404,16/01/2021,jb009,2.22
114394,15/01/2021,jb009,2.2
114390,14/01/2021,jb009,2.22
114377,13/01/2021,jb009,2.26
114372,12/01/2021,jb009,2.26
114363,11/01/2021,jb009,2.28
114362,10/01/2021,jb009,2.26
114354,09/01/2021,jb009,2.22
114343,08/01/2021,jb009,2.22
114337,07/01/2021,jb009,2.24
114329,06/01/2021,jb009,2.24
114323,05/01/2021,jb009,2.26
114320,04/01/2021,jb009,2.26
114308,03/01/2021,jb009,2.28
114300,02/01/2021,jb009,2.3
114298,01/01/2021,jb009,2.3
114288,31/12/2020,jb009,2.3
114281,30/12/2020,jb009,2.2
114272,29/12/2020,jb009,2.22
114268,28/12/2020,jb009,2.2
114263,27/12/2020,jb009,2.24
114251,26/12/2020,jb009,2.1
114246,25/12/2020,jb009,2.1
114237,24/12/2020,jb009,2.1
114232,23/12/2020,jb009,2.12
114225,22/12/2020,jb009,2.14
114220,21/12/2020,jb009,2.14
114211,20/12/2020,jb009,2.16
114205,19/12/2020,jb009,2.16
114200,18/12/2020,jb009,2.18
114192,17/12/2020,jb009,2.18
114181,16/12/2020,jb009,2.2
114174,15/12/2020,jb009,2.2
114170,14/12/2020,jb009,2.2
114166,13/12/2020,jb009,2.22
114153,12/12/2020,jb009,2.22
114148,11/12/2020,jb009,2.26
114141,10/12/2020,jb009,2.28
114138,09/12/2020,jb009,2.3
114128,08/12/2020,jb009,2.3
114122,07/12/2020,jb009,2.32
114115,06/12/2020,jb009,2.38
114106,05/12/2020,jb009,2.4
114102,04/12/2020,jb009,2.44
114091,03/12/2020,jb009,2.48
114083,02/12/2020,jb009,2.6
114082,01/12/2020,jb009,2.7
114071,30/11/2020,jb009,2.8
114064,29/11/2020,jb009,2.38
114056,28/11/2020,jb009,2.42
114052,27/11/2020,jb009,2.58
114045,26/11/2020,jb009,2.74
114040,25/11/2020,jb009,2.7
114030,24/11/2020,jb009,2.8
114021,23/11/2020,jb009,2.94
114013,22/11/2020,jb009,3.28
114010,21/11/2020,jb009,3.3
114002,20/11/2020,jb009,3.34
113992,19/11/2020,jb009,3.3
113989,18/11/2020,jb009,3.46
113978,17/11/2020,jb009,3.54
113975,16/11/2020,jb009,3.6
113965,15/11/2020,jb009,3.72
113957,14/11/2020,jb009,3.76
113950,13/11/2020,jb009,3.74
113946,12/11/2020,jb009,3.8
113938,11/11/2020,jb009,3.72
113935,10/11/2020,jb009,3.76
113924,09/11/2020,jb009,3.92
113917,08/11/2020,jb009,4.24
113914,07/11/2020,jb009,4.34
113901,06/11/2020,jb009,4.38
113894,05/11/2020,jb009,4.4
113888,04/11/2020,jb009,4.58
113881,03/11/2020,jb009,4.6
113875,02/11/2020,jb009,4.44
113870,01/11/2020,jb009,4.56
113863,31/10/2020,jb009,4.38
113853,30/10/2020,jb009,4.28
113845,29/10/2020,jb009,4.26
113841,28/10/2020,jb009,4.34
113831,27/10/2020,jb009,4.3
113830,26/10/2020,jb009,4.22
113821,25/10/2020,jb009,4.2
113810,24/10/2020,jb009,4.08
113807,23/10/2020,jb009,4.16
113802,22/10/2020,jb009,4.14
113795,21/10/2020,jb009,4.04
113785,20/10/2020,jb009,3.62
113776,19/10/2020,jb009,3.62
113770,18/10/2020,jb009,3.78
113765,17/10/2020,jb009,3.74
113757,16/10/2020,jb009,4.08
113753,15/10/2020,jb009,3.92
113746,14/10/2020,jb009,3.9
113739,13/10/2020,jb009,4.06
113727,12/10/2020,jb009,4.2
113724,11/10/2020,jb009,4.26
113716,10/10/2020,jb009,4.18
113710,09/10/2020,jb009,4.14
113701,08/10/2020,jb009,4.08
113693,07/10/2020,jb009,3.92
113690,06/10/2020,jb009,3.88
113677,05/10/2020,jb009,3.78
113675,04/10/2020,jb009,3.66
113666,03/10/2020,jb009,3.2
113661,02/10/2020,jb009,3.16
113649,01/10/2020,jb009,3.12
113647,30/09/2020,jb009,3.02
113640,29/09/2020,jb009,2.72
113628,28/09/2020,jb009,2.78
113622,27/09/2020,jb009,2.72
113618,26/09/2020,jb009,2.7
113613,25/09/2020,jb009,2.64
113604,24/09/2020,jb009,2.62
113593,23/09/2020,jb009,2.76
113586,22/09/2020,jb009,2.84
113582,21/09/2020,jb009,2.9
113572,20/09/2020,jb009,3.1
113568,19/09/2020,jb009,3.2
113564,18/09/2020,jb009,3.28
113557,17/09/2020,jb009,3.36
113544,16/09/2020,jb009,3.48
113538,15/09/2020,jb009,3.68
113536,14/09/2020,jb009,3.92
113523,13/09/2020,jb009,3.98
113519,12/09/2020,jb009,4
113513,11/09/2020,jb009,4.04
113508,10/09/2020,jb009,4.24
113501,09/09/2020,jb009,4.2
113494,08/09/2020,jb009,4.24
113484,07/09/2020,jb009,4.18
113475,06/09/2020,jb009,4.12
113470,05/09/2020,jb009,4
113465,04/09/2020,jb009,3.68
113456,03/09/2020,jb009,3.64
113450,02/09/2020,jb009,3.6
113445,01/09/2020,jb009,3.56
113436,31/08/2020,jb009,3.5
113428,30/08/2020,jb009,3.66
113420,29/08/2020,jb009,3.7
113415,28/08/2020,jb009,3.58
113409,27/08/2020,jb009,3.62
113397,26/08/2020,jb009,3.68
113393,25/08/2020,jb009,3.72
113387,24/08/2020,jb009,3.78
113376,23/08/2020,jb009,3.64
113374,22/08/2020,jb009,3.5
113367,21/08/2020,jb009,3.44
113359,20/08/2020,jb009,3.36
113350,19/08/2020,jb009,3.6
113341,18/08/2020,jb009,3.64
113336,17/08/2020,jb009,3.68
113332,16/08/2020,jb009,3.7
113326,15/08/2020,jb009,3.88
113317,14/08/2020,jb009,4.08
113307,13/08/2020,jb009,4.02
113302,12/08/2020,jb009,3.66
113296,11/08/2020,jb009,3.42
113285,10/08/2020,jb009,3.48
113279,09/08/2020,jb009,3.54
113277,08/08/2020,jb009,3.72
113269,07/08/2020,jb009,3.68
113263,06/08/2020,jb009,3.54
113254,05/08/2020,jb009,3.52
113245,04/08/2020,jb009,3.54
113242,03/08/2020,jb009,3.58
113234,02/08/2020,jb009,3.68
113224,01/08/2020,jb009,3.7
113221,31/07/2020,jb009,3.74
113213,30/07/2020,jb009,3.46
113204,29/07/2020,jb009,3.24
113197,28/07/2020,jb009,3.28
113187,27/07/2020,jb009,3.3
113186,26/07/2020,jb009,3.36
113179,25/07/2020,jb009,3.34
113166,24/07/2020,jb009,3.38
113162,23/07/2020,jb009,3.4
113156,22/07/2020,jb009,3.32
113150,21/07/2020,jb009,3.3
113140,20/07/2020,jb009,3.14
113132,19/07/2020,jb009,3.04
113129,18/07/2020,jb009,3.08
113121,17/07/2020,jb009,3.06
113110,16/07/2020,jb009,3.02
113104,15/07/2020,jb009,3.04
113097,14/07/2020,jb009,3.08
113095,13/07/2020,jb009,3.1
113086,12/07/2020,jb009,3.06
113076,11/07/2020,jb009,3.02
113071,10/07/2020,jb009,2.98
113065,09/07/2020,jb009,3.04
113057,08/07/2020,jb009,3.08
113052,07/07/2020,jb009,3.2
113043,06/07/2020,jb009,3.38
113034,05/07/2020,jb009,3.32
113028,04/07/2020,jb009,3.24
113022,03/07/2020,jb009,3.18
113013,02/07/2020,jb009,3.16
113005,01/07/2020,jb009,3.2
113000,30/06/2020,jb009,3.02
112993,29/06/2020,jb009,2.96
112984,28/06/2020,jb009,2.88
112980,27/06/2020,jb009,2.92
112972,26/06/2020,jb009,3.02
112968,25/06/2020,jb009,3.06
112958,24/06/2020,jb009,3.1
112954,23/06/2020,jb009,3.14
112948,22/06/2020,jb009,3.18
112939,21/06/2020,jb009,3.26
112928,20/06/2020,jb009,3.48
112924,19/06/2020,jb009,3.64
112914,18/06/2020,jb009,3.72
112907,17/06/2020,jb009,3.78
112902,16/06/2020,jb009,3.8
112897,15/06/2020,jb009,3.9
112890,14/06/2020,jb009,3.88
112880,13/06/2020,jb009,3.72
112876,12/06/2020,jb009,3.68
112867,11/06/2020,jb009,3.5
112862,10/06/2020,jb009,3.26
112851,09/06/2020,jb009,3.16
112847,08/06/2020,jb009,3.12
112840,07/06/2020,jb009,3
112832,06/06/2020,jb009,2.98
112824,05/06/2020,jb009,3.2
112817,04/06/2020,jb009,3.38
112812,03/06/2020,jb009,3.4
112804,02/06/2020,jb009,3.22
112796,01/06/2020,jb009,3.06
112789,31/05/2020,jb009,2.46
112782,30/05/2020,jb009,2.62
112777,29/05/2020,jb009,2.68
112769,28/05/2020,jb009,2.74
112765,27/05/2020,jb009,2.72
112759,26/05/2020,jb009,2.76
112749,25/05/2020,jb009,2.8
112743,24/05/2020,jb009,2.92
112735,23/05/2020,jb009,3.08
112725,22/05/2020,jb009,3.2
112720,21/05/2020,jb009,3.8
112712,20/05/2020,jb009,3.82
112707,19/05/2020,jb009,4.18
112702,18/05/2020,jb009,4.4
112696,17/05/2020,jb009,4.82
112684,16/05/2020,jb009,4.86
112682,15/05/2020,jb009,5.1
112673,14/05/2020,jb009,5.34
112663,13/05/2020,jb009,5.46
112661,12/05/2020,jb009,5.56
112649,11/05/2020,jb009,5.42
112643,10/05/2020,jb009,5.18
112636,09/05/2020,jb009,5.3
112627,08/05/2020,jb009,5
112626,07/05/2020,jb009,4.86
112617,06/05/2020,jb009,4.66
112608,05/05/2020,jb009,4.66
112602,04/05/2020,jb009,4.32
112593,03/05/2020,jb009,4.5
112591,02/05/2020,jb009,4.98
112581,01/05/2020,jb009,5
112574,30/04/2020,jb009,3.9
112565,29/04/2020,jb009,3.62
112563,28/04/2020,jb009,3.42
112550,27/04/2020,jb009,3.48
112543,26/04/2020,jb009,4.42
112540,25/04/2020,jb009,4.36
112533,24/04/2020,jb009,3.58
112527,23/04/2020,jb009,4.1
112515,22/04/2020,jb009,3.64
112511,21/04/2020,jb009,2.9
112505,20/04/2020,jb009,2.94
112497,19/04/2020,jb009,3.18
112490,18/04/2020,jb009,2.62
112483,17/04/2020,jb009,2.1
112474,16/04/2020,jb009,2.12
112466,15/04/2020,jb009,2.08
112461,14/04/2020,jb009,2.14
112455,13/04/2020,jb009,2.1
112448,12/04/2020,jb009,2.16
112443,11/04/2020,jb009,2.2
112432,10/04/2020,jb009,2.26
112424,09/04/2020,jb009,2.34
112421,08/04/2020,jb009,2.22
112414,07/04/2020,jb009,2.2
112409,06/04/2020,jb009,2.22
112399,05/04/2020,jb009,2.3
112390,04/04/2020,jb009,2.32
112386,03/04/2020,jb009,2.38
112381,02/04/2020,jb009,2.42
112372,01/04/2020,jb009,2.38
112363,31/03/2020,jb009,2.42
112356,30/03/2020,jb009,2.34
112348,29/03/2020,jb009,2.1
112341,28/03/2020,jb009,1.68
112339,27/03/2020,jb009,1.5
112328,26/03/2020,jb009,1.52
112321,25/03/2020,jb009,1.46
112318,24/03/2020,jb009,1.38
112309,23/03/2020,jb009,1.36
112303,22/03/2020,jb009,1.36
112293,21/03/2020,jb009,1.38
112289,20/03/2020,jb009,1.4
112281,19/03/2020,jb009,1.42
112275,18/03/2020,jb009,1.44
112265,17/03/2020,jb009,1.34
112256,16/03/2020,jb009,1.32
112251,15/03/2020,jb009,1.32
112246,14/03/2020,jb009,1.3
112235,13/03/2020,jb009,1.3
112232,12/03/2020,jb009,1.34
112221,11/03/2020,jb009,1.32
112217,10/03/2020,jb009,1.3
112213,09/03/2020,jb009,1.18
112200,08/03/2020,jb009,1.2
112198,07/03/2020,jb009,1.26
112189,06/03/2020,jb009,1.32
112182,05/03/2020,jb009,1.34
112177,04/03/2020,jb009,1.26
112168,03/03/2020,jb009,1.16
112162,02/03/2020,jb009,1.18
112153,01/03/2020,jb009,1.18
112148,29/02/2020,jb009,1.16
112139,28/02/2020,jb009,1.16
112135,27/02/2020,jb009,1.18
112127,26/02/2020,jb009,1.2
112116,25/02/2020,jb009,1.2
112109,24/02/2020,jb009,1.22
112106,23/02/2020,jb009,1.24
112099,22/02/2020,jb009,1.24
112088,21/02/2020,jb009,1.26
112086,20/02/2020,jb009,1.28
112077,19/02/2020,jb009,1.28
112071,18/02/2020,jb009,1.3
112063,17/02/2020,jb009,1.32
112053,16/02/2020,jb009,1.34
112046,15/02/2020,jb009,1.36
112039,14/02/2020,jb009,1.4
112037,13/02/2020,jb009,1.44
112025,12/02/2020,jb009,1.48
112020,11/02/2020,jb009,1.5
112013,10/02/2020,jb009,1.5
112004,09/02/2020,jb009,1.42
112002,08/02/2020,jb009,1.36
111995,07/02/2020,jb009,1.38
111988,06/02/2020,jb009,1.38
111976,05/02/2020,jb009,1.38
111974,04/02/2020,jb009,1.4
111968,03/02/2020,jb009,1.4
111960,02/02/2020,jb009,1.42
111951,01/02/2020,jb009,1.44
111944,31/01/2020,jb009,1.48
111935,30/01/2020,jb009,1.5
111927,29/01/2020,jb009,1.52
111921,28/01/2020,jb009,1.54
111919,27/01/2020,jb009,1.54
111912,26/01/2020,jb009,1.56
111903,25/01/2020,jb009,1.58
111894,24/01/2020,jb009,1.6
111885,23/01/2020,jb009,1.62
111883,22/01/2020,jb009,1.64
111873,21/01/2020,jb009,1.7
111867,20/01/2020,jb009,1.72
111863,19/01/2020,jb009,1.68
111852,18/01/2020,jb009,1.66
111846,17/01/2020,jb009,1.66
111841,16/01/2020,jb009,1.68
111835,15/01/2020,jb009,1.68
111822,14/01/2020,jb009,1.66
111816,13/01/2020,jb009,1.66
111814,12/01/2020,jb009,1.66
111805,11/01/2020,jb009,1.68
111794,10/01/2020,jb009,1.74
111791,09/01/2020,jb009,1.76
111785,08/01/2020,jb009,1.78
111775,07/01/2020,jb009,1.8
111769,06/01/2020,jb009,1.82
111763,05/01/2020,jb009,1.84
111754,04/01/2020,jb009,1.88
111746,03/01/2020,jb009,2.02
111741,02/01/2020,jb009,2.06
111735,01/01/2020,jb009,2.1
111724,31/12/2019,jb009,2.14
111718,30/12/2019,jb009,2.26
111711,29/12/2019,jb009,2.48
111706,28/12/2019,jb009,2.5
111701,27/12/2019,jb009,2.54
111695,26/12/2019,jb009,2.58
111683,25/12/2019,jb009,2.6
111676,24/12/2019,jb009,2.62
111668,23/12/2019,jb009,2.68
111664,22/12/2019,jb009,2.7
111654,21/12/2019,jb009,2.76
111652,20/12/2019,jb009,2.82
111640,19/12/2019,jb009,2.86
111639,18/12/2019,jb009,2.4
111630,17/12/2019,jb009,2.52
111621,16/12/2019,jb009,2.72
111615,15/12/2019,jb009,3.9
111607,14/12/2019,jb009,3.84
111602,13/12/2019,jb009,2.84
111593,12/12/2019,jb009,2.92
111584,11/12/2019,jb009,2.98
111582,10/12/2019,jb009,3.3
111574,09/12/2019,jb009,3.06
111568,08/12/2019,jb009,2.96
111560,07/12/2019,jb009,2.94
111549,06/12/2019,jb009,3.42
111548,05/12/2019,jb009,3.58
111537,04/12/2019,jb009,4.1
111530,03/12/2019,jb009,4.12
111526,02/12/2019,jb009,4.5
111516,01/12/2019,jb009,4.58
111509,30/11/2019,jb009,4.52
111500,29/11/2019,jb009,4.3
111497,28/11/2019,jb009,4.14
111491,27/11/2019,jb009,3.7
111479,26/11/2019,jb009,3.8
111478,25/11/2019,jb009,2.46
111466,24/11/2019,jb009,3.86
111460,23/11/2019,jb009,3.02
111455,22/11/2019,jb009,2.3
111446,21/11/2019,jb009,2.32
111438,20/11/2019,jb009,2.4
111434,19/11/2019,jb009,2.58
111424,18/11/2019,jb009,2.68
111417,17/11/2019,jb009,2.96
111414,16/11/2019,jb009,3
111402,15/11/2019,jb009,3.08
111399,14/11/2019,jb009,3.2
111391,13/11/2019,jb009,3.12
111383,12/11/2019,jb009,2.84
111379,11/11/2019,jb009,2.88
111370,10/11/2019,jb009,3.56
111360,09/11/2019,jb009,3.6
111353,08/11/2019,jb009,3.36
111350,07/11/2019,jb009,3
111343,06/11/2019,jb009,2.96
111337,05/11/2019,jb009,2.58
111331,04/11/2019,jb009,2.74
111322,03/11/2019,jb009,2.9
111314,02/11/2019,jb009,3.02
111310,01/11/2019,jb009,3.22
111303,31/10/2019,jb009,3.34
111293,30/10/2019,jb009,3.24
111289,29/10/2019,jb009,3.14
111280,28/10/2019,jb009,3.1
111273,27/10/2019,jb009,3.24
111262,26/10/2019,jb009,3.2
111258,25/10/2019,jb009,3.54
111249,24/10/2019,jb009,3.88
111245,23/10/2019,jb009,4.1
111236,22/10/2019,jb009,4.2
111233,21/10/2019,jb009,4.46
111225,20/10/2019,jb009,4.86
111216,19/10/2019,jb009,3.78
111208,18/10/2019,jb009,3.7
111200,17/10/2019,jb009,4.12
111192,16/10/2019,jb009,4.02
111187,15/10/2019,jb009,4.08
111180,14/10/2019,jb009,4.82
111175,13/10/2019,jb009,4.02
111165,12/10/2019,jb009,4.06
111158,11/10/2019,jb009,3.84
111154,10/10/2019,jb009,4.12
111149,09/10/2019,jb009,4.36
111140,08/10/2019,jb009,4.34
111132,07/10/2019,jb009,5.08
111122,06/10/2019,jb009,3.66
111115,05/10/2019,jb009,2.62
111114,04/10/2019,jb009,2.54
111102,03/10/2019,jb009,2.16
111095,02/10/2019,jb009,2.18
111093,01/10/2019,jb009,2.22
111086,30/09/2019,jb009,2.04
111077,29/09/2019,jb009,1.92
111069,28/09/2019,jb009,1.84
111065,27/09/2019,jb009,1.84
111054,26/09/2019,jb009,1.84
111051,25/09/2019,jb009,1.9
111040,24/09/2019,jb009,1.96
111034,23/09/2019,jb009,1.9
111028,22/09/2019,jb009,1.92
111021,21/09/2019,jb009,1.98
111012,20/09/2019,jb009,2
111005,19/09/2019,jb009,1.9
110998,18/09/2019,jb009,1.92
110995,17/09/2019,jb009,2
110984,16/09/2019,jb009,2.06
110979,15/09/2019,jb009,2.14
110972,14/09/2019,jb009,2.14
110965,13/09/2019,jb009,2.12
110958,12/09/2019,jb009,2.14
110952,11/09/2019,jb009,2.14
110940,10/09/2019,jb009,2.16
110938,09/09/2019,jb009,2.14
110930,08/09/2019,jb009,2.1
110925,07/09/2019,jb009,2.12
110912,06/09/2019,jb009,2.06
110906,05/09/2019,jb009,2.06
110898,04/09/2019,jb009,1.98
110897,03/09/2019,jb009,1.94
110884,02/09/2019,jb009,2.02
110881,01/09/2019,jb009,2.06
110873,31/08/2019,jb009,2.1
110864,30/08/2019,jb009,2.12
110860,29/08/2019,jb009,2.14
110849,28/08/2019,jb009,2.16
110848,27/08/2019,jb009,2.1
110840,26/08/2019,jb009,2.12
110828,25/08/2019,jb009,2.14
110822,24/08/2019,jb009,2.18
110814,23/08/2019,jb009,2.22
110807,22/08/2019,jb009,2.2
110802,21/08/2019,jb009,2.22
110796,20/08/2019,jb009,2.24
110789,19/08/2019,jb009,2.2
110781,18/08/2019,jb009,2.1
110775,17/08/2019,jb009,1.9
110770,16/08/2019,jb009,1.94
110760,15/08/2019,jb009,1.98
110751,14/08/2019,jb009,2
110744,13/08/2019,jb009,2.02
110740,12/08/2019,jb009,2.08
110731,11/08/2019,jb009,2.16
110729,10/08/2019,jb009,2.16
110717,09/08/2019,jb009,2.14
110710,08/08/2019,jb009,2.12
110704,07/08/2019,jb009,2.1
110696,06/08/2019,jb009,1.9
110694,05/08/2019,jb009,1.72
110684,04/08/2019,jb009,1.74
110677,03/08/2019,jb009,1.78
110667,02/08/2019,jb009,1.8
110661,01/08/2019,jb009,1.82
110653,31/07/2019,jb009,1.84
110651,30/07/2019,jb009,1.96
110640,29/07/2019,jb009,1.98
110633,28/07/2019,jb009,2
110628,27/07/2019,jb009,2.02
110621,26/07/2019,jb009,2.06
110617,25/07/2019,jb009,2.04
110606,24/07/2019,jb009,2
110603,23/07/2019,jb009,1.96
110592,22/07/2019,jb009,2.04
110588,21/07/2019,jb009,1.98
110579,20/07/2019,jb009,1.76
110573,19/07/2019,jb009,1.76
110564,18/07/2019,jb009,1.8
110555,17/07/2019,jb009,1.84
110549,16/07/2019,jb009,1.86
110547,15/07/2019,jb009,1.9
110536,14/07/2019,jb009,1.94
110527,13/07/2019,jb009,2
110522,12/07/2019,jb009,2.1
110515,11/07/2019,jb009,2.12
110509,10/07/2019,jb009,2.12
110503,09/07/2019,jb009,2.02
110494,08/07/2019,jb009,1.92
110487,07/07/2019,jb009,1.88
110482,06/07/2019,jb009,1.94
110475,05/07/2019,jb009,1.96
110467,04/07/2019,jb009,2.02
110458,03/07/2019,jb009,2.12
110450,02/07/2019,jb009,2.2
110444,01/07/2019,jb009,2.28
110441,30/06/2019,jb009,2.32
110429,29/06/2019,jb009,2.16
110427,28/06/2019,jb009,2.12
110418,27/06/2019,jb009,2
110409,26/06/2019,jb009,2
110407,25/06/2019,jb009,2
110395,24/06/2019,jb009,2.02
110390,23/06/2019,jb009,2.1
110382,22/06/2019,jb009,2.16
110375,21/06/2019,jb009,2.26
110369,20/06/2019,jb009,2.38
110362,19/06/2019,jb009,2.52
110355,18/06/2019,jb009,2.72
110346,17/06/2019,jb009,2.88
110340,16/06/2019,jb009,2.96
110331,15/06/2019,jb009,2.82
110330,14/06/2019,jb009,2.72
110318,13/06/2019,jb009,2.64
110310,12/06/2019,jb009,2.52
110303,11/06/2019,jb009,2.58
110297,10/06/2019,jb009,2.9
110292,09/06/2019,jb009,3.2
110288,08/06/2019,jb009,3.36
110275,07/06/2019,jb009,3.76
110271,06/06/2019,jb009,2.98
110263,05/06/2019,jb009,1.9
110255,04/06/2019,jb009,1.92
110249,03/06/2019,jb009,2.2
110243,02/06/2019,jb009,2.18
110238,01/06/2019,jb009,1.28
110228,31/05/2019,jb009,2.38
110224,30/05/2019,jb009,2.46
110215,29/05/2019,jb009,2.58
110209,28/05/2019,jb009,2.64
110204,27/05/2019,jb009,2.88
110194,26/05/2019,jb009,2.8
110187,25/05/2019,jb009,2.78
110177,24/05/2019,jb009,2.84
110176,23/05/2019,jb009,2.96
110163,22/05/2019,jb009,2.48
110160,21/05/2019,jb009,2.84
110152,20/05/2019,jb009,3.5
110143,19/05/2019,jb009,3.3
110136,18/05/2019,jb009,3.04
110129,17/05/2019,jb009,3.64
110123,16/05/2019,jb009,3.26
110115,15/05/2019,jb009,3.7
110113,14/05/2019,jb009,3.48
110102,13/05/2019,jb009,1.42
110097,12/05/2019,jb009,1.22
110090,11/05/2019,jb009,1.1
110084,10/05/2019,jb009,1.18
110073,09/05/2019,jb009,1.28
110065,08/05/2019,jb009,1.2
110061,07/05/2019,jb009,1.24
110056,06/05/2019,jb009,1.32
110046,05/05/2019,jb009,1.4
110042,04/05/2019,jb009,1.3
110032,03/05/2019,jb009,1.26
110029,02/05/2019,jb009,1.28
110018,01/05/2019,jb009,1.29
110012,30/04/2019,jb009,1.48
110003,29/04/2019,jb009,1.32
109995,28/04/2019,jb009,1.24
109989,27/04/2019,jb009,1.32
109987,26/04/2019,jb009,1.72
109980,25/04/2019,jb009,1.12
109971,24/04/2019,jb009,1.08
109963,23/04/2019,jb009,1
109953,22/04/2019,jb009,1
109946,21/04/2019,jb009,1
109939,20/04/2019,jb009,1
109934,19/04/2019,jb009,1
109928,18/04/2019,jb009,1
109920,17/04/2019,jb009,1
109917,16/04/2019,jb009,1
109909,15/04/2019,jb009,1
109901,14/04/2019,jb009,1
109896,13/04/2019,jb009,1
109886,12/04/2019,jb009,1
109879,11/04/2019,jb009,1
109873,10/04/2019,jb009,1
109862,09/04/2019,jb009,1
109858,08/04/2019,jb009,1
109852,07/04/2019,jb009,1
109846,06/04/2019,jb009,1
109838,05/04/2019,jb009,1
109832,04/04/2019,jb009,1
109825,03/04/2019,jb009,1
109817,02/04/2019,jb009,1
109812,01/04/2019,jb009,1
109801,31/03/2019,jb009,1
109795,30/03/2019,jb009,1
109788,29/03/2019,jb009,1
109780,28/03/2019,jb009,1
109774,27/03/2019,jb009,1
109770,26/03/2019,jb009,1
109763,25/03/2019,jb009,1
109756,24/03/2019,jb009,1
109743,23/03/2019,jb009,1
109741,22/03/2019,jb009,1
109730,21/03/2019,jb009,1
109723,20/03/2019,jb009,1
109721,19/03/2019,jb009,1
109713,18/03/2019,jb009,1
109702,17/03/2019,jb009,1
109697,16/03/2019,jb009,1
109692,15/03/2019,jb009,1
109685,14/03/2019,jb009,1
109679,13/03/2019,jb009,1
109669,12/03/2019,jb009,1
109664,11/03/2019,jb009,1
109652,10/03/2019,jb009,1
109646,09/03/2019,jb009,1
109641,08/03/2019,jb009,1
109637,07/03/2019,jb009,1
109625,06/03/2019,jb009,1
109618,05/03/2019,jb009,1
109611,04/03/2019,jb009,1
109606,03/03/2019,jb009,1
109599,02/03/2019,jb009,1
109593,01/03/2019,jb009,1
109587,28/02/2019,jb009,1
109581,27/02/2019,jb009,1
109569,26/02/2019,jb009,1
109561,25/02/2019,jb009,1
109558,24/02/2019,jb009,1
109553,23/02/2019,jb009,1
109540,22/02/2019,jb009,1
109534,21/02/2019,jb009,1
109532,20/02/2019,jb009,1
109520,19/02/2019,jb009,1
109515,18/02/2019,jb009,1
109508,17/02/2019,jb009,1
109499,16/02/2019,jb009,1
109496,15/02/2019,jb009,1
109488,14/02/2019,jb009,1
109479,13/02/2019,jb009,1
109470,12/02/2019,jb009,1
109466,11/02/2019,jb009,1
109457,10/02/2019,jb009,1
109451,09/02/2019,jb009,1
109442,08/02/2019,jb009,1
109437,07/02/2019,jb009,1
109434,06/02/2019,jb009,1
109424,05/02/2019,jb009,1
109417,04/02/2019,jb009,1
109407,03/02/2019,jb009,1
109401,02/02/2019,jb009,1
109399,01/02/2019,jb009,1
109389,31/01/2019,jb009,1
109385,30/01/2019,jb009,1
109375,29/01/2019,jb009,1
109365,28/01/2019,jb009,1
109360,27/01/2019,jb009,1
109355,26/01/2019,jb009,1
109346,25/01/2019,jb009,1
109340,24/01/2019,jb009,1
109330,23/01/2019,jb009,1
109324,22/01/2019,jb009,1
109316,21/01/2019,jb009,1
109314,20/01/2019,jb009,1
109306,19/01/2019,jb009,1
109299,18/01/2019,jb009,1
109288,17/01/2019,jb009,1
109285,16/01/2019,jb009,1
109275,15/01/2019,jb009,1
109267,14/01/2019,jb009,1
109261,13/01/2019,jb009,1
109259,12/01/2019,jb009,1
109252,11/01/2019,jb009,1
109240,10/01/2019,jb009,1
109237,09/01/2019,jb009,1
109226,08/01/2019,jb009,1
109222,07/01/2019,jb009,1.48
109214,06/01/2019,jb009,1.5
109210,05/01/2019,jb009,1.5
109197,04/01/2019,jb009,1.54
109194,03/01/2019,jb009,1.58
109189,02/01/2019,jb009,1.6
109179,01/01/2019,jb009,1.62
109173,31/12/2018,jb009,1.62
109168,30/12/2018,jb009,1.64
109160,29/12/2018,jb009,1.66
109151,28/12/2018,jb009,1.66
109143,27/12/2018,jb009,1.7
109139,26/12/2018,jb009,1.74
109129,25/12/2018,jb009,1.78
109121,24/12/2018,jb009,1.8
109113,23/12/2018,jb009,1.82
109111,22/12/2018,jb009,1.88
109099,21/12/2018,jb009,1.9
109094,20/12/2018,jb009,1.92
109091,19/12/2018,jb009,1.98
109078,18/12/2018,jb009,2
109071,17/12/2018,jb009,2.02
109070,16/12/2018,jb009,2.06
109060,15/12/2018,jb009,2.12
109050,14/12/2018,jb009,2.14
109049,13/12/2018,jb009,2.18
109041,12/12/2018,jb009,2.22
109035,11/12/2018,jb009,2.2
109027,10/12/2018,jb009,2.24
109018,09/12/2018,jb009,2.32
109012,08/12/2018,jb009,2.34
109005,07/12/2018,jb009,2.4
108995,06/12/2018,jb009,2.44
108988,05/12/2018,jb009,2.52
108986,04/12/2018,jb009,2.6
108977,03/12/2018,jb009,2.66
108969,02/12/2018,jb009,2.7
108962,01/12/2018,jb009,2.76
108955,30/11/2018,jb009,2.86
108948,29/11/2018,jb009,3.2
108940,28/11/2018,jb009,3.06
108931,27/11/2018,jb009,3.47
108927,26/11/2018,jb009,3.64
108918,25/11/2018,jb009,4.42
108911,24/11/2018,jb009,4.28
108903,23/11/2018,jb009,4.68
108896,22/11/2018,jb009,4.56
108895,21/11/2018,jb009,4.4
108883,20/11/2018,jb009,4.3
108875,19/11/2018,jb009,3.44
108873,18/11/2018,jb009,3.44
108864,17/11/2018,jb009,3.6
108857,16/11/2018,jb009,3.42
108849,15/11/2018,jb009,3.7
108843,14/11/2018,jb009,3.76
108834,13/11/2018,jb009,3.74
108829,12/11/2018,jb009,3.28
108819,11/11/2018,jb009,2.56
108818,10/11/2018,jb009,2.6
108805,09/11/2018,jb009,2.74
108799,08/11/2018,jb009,2.78
108792,07/11/2018,jb009,3.08
108785,06/11/2018,jb009,3.68
108783,05/11/2018,jb009,3.18
108776,04/11/2018,jb009,3.24
108768,03/11/2018,jb009,3.38
108762,02/11/2018,jb009,3.34
108749,01/11/2018,jb009,3.3
108746,31/10/2018,jb009,3.26
108737,30/10/2018,jb009,3.22
108729,29/10/2018,jb009,3.28
108725,28/10/2018,jb009,3.34
108717,27/10/2018,jb009,3.24
108708,26/10/2018,jb009,3.18
108702,25/10/2018,jb009,3.3
108697,24/10/2018,jb009,3.28
108691,23/10/2018,jb009,3.08
108683,22/10/2018,jb009,2.86
108673,21/10/2018,jb009,2.7
108671,20/10/2018,jb009,2.74
108660,19/10/2018,jb009,2.68
108652,18/10/2018,jb009,2.68
108645,17/10/2018,jb009,2.66
108640,16/10/2018,jb009,2.68
108630,15/10/2018,jb009,2.38
108624,14/10/2018,jb009,2.42
108618,13/10/2018,jb009,2.38
108612,12/10/2018,jb009,2.46
108605,11/10/2018,jb009,2.5
108598,10/10/2018,jb009,2.54
108588,09/10/2018,jb009,2.58
108586,08/10/2018,jb009,2.6
108576,07/10/2018,jb009,2.66
108567,06/10/2018,jb009,2.8
108562,05/10/2018,jb009,2.78
108557,04/10/2018,jb009,2.74
108551,03/10/2018,jb009,2.7
108540,02/10/2018,jb009,2.64
108535,01/10/2018,jb009,2.6
108529,30/09/2018,jb009,2.58
108520,29/09/2018,jb009,2.64
108516,28/09/2018,jb009,2.72
108510,27/09/2018,jb009,2.8
108502,26/09/2018,jb009,2.84
108496,25/09/2018,jb009,2.9
108487,24/09/2018,jb009,2.94
108479,23/09/2018,jb009,2.98
108471,22/09/2018,jb009,3
108464,21/09/2018,jb009,2.68
108458,20/09/2018,jb009,2.4
108451,19/09/2018,jb009,2.44
108443,18/09/2018,jb009,2.48
108437,17/09/2018,jb009,2.5
108431,16/09/2018,jb009,2.58
108424,15/09/2018,jb009,2.66
108417,14/09/2018,jb009,2.7
108407,13/09/2018,jb009,2.84
108403,12/09/2018,jb009,2.9
108394,11/09/2018,jb009,2.98
108391,10/09/2018,jb009,3.26
108380,09/09/2018,jb009,3.32
108371,08/09/2018,jb009,3.38
108366,07/09/2018,jb009,3.24
108361,06/09/2018,jb009,3.16
108353,05/09/2018,jb009,3.08
108345,04/09/2018,jb009,3.04
108340,03/09/2018,jb009,3.08
108331,02/09/2018,jb009,3.02
108323,01/09/2018,jb009,2.84
108320,31/08/2018,jb009,2.76
108308,30/08/2018,jb009,2.72
108302,29/08/2018,jb009,2.8
108294,28/08/2018,jb009,2.76
108291,27/08/2018,jb009,2.6
108282,26/08/2018,jb009,2.48
108278,25/08/2018,jb009,2.2
108266,24/08/2018,jb009,2.02
108264,23/08/2018,jb009,2
108257,22/08/2018,jb009,2.04
108251,21/08/2018,jb009,2.08
108238,20/08/2018,jb009,2.1
108236,19/08/2018,jb009,2.12
108228,18/08/2018,jb009,2.1
108217,17/08/2018,jb009,2.06
108216,16/08/2018,jb009,2.08
108203,15/08/2018,jb009,2.1
108200,14/08/2018,jb009,2.16
108191,13/08/2018,jb009,2.2
108184,12/08/2018,jb009,2.2
108180,11/08/2018,jb009,2.18
108174,10/08/2018,jb009,2.08
108163,09/08/2018,jb009,2.1
108155,08/08/2018,jb009,2.14
108150,07/08/2018,jb009,2.18
108143,06/08/2018,jb009,2.22
108134,05/08/2018,jb009,2.24
108129,04/08/2018,jb009,2.28
108125,03/08/2018,jb009,2.32
108114,02/08/2018,jb009,2.36
108106,01/08/2018,jb009,2.38
108098,31/07/2018,jb009,2.4
108097,30/07/2018,jb009,2.42
108090,29/07/2018,jb009,2.42
108083,28/07/2018,jb009,2.4
108070,27/07/2018,jb009,2.44
108067,26/07/2018,jb009,2.48
108061,25/07/2018,jb009,2.5
108051,24/07/2018,jb009,2.54
108045,23/07/2018,jb009,2.62
108038,22/07/2018,jb009,2.66
108029,21/07/2018,jb009,2.6
108026,20/07/2018,jb009,2.74
108016,19/07/2018,jb009,2.8
108012,18/07/2018,jb009,2.78
108002,17/07/2018,jb009,2.74
107997,16/07/2018,jb009,2.88
107992,15/07/2018,jb009,2.72
107984,14/07/2018,jb009,2.74
107975,13/07/2018,jb009,2.76
107970,12/07/2018,jb009,2.8
107963,11/07/2018,jb009,2.82
107953,10/07/2018,jb009,2.86
107945,09/07/2018,jb009,3
107943,08/07/2018,jb009,3.06
107935,07/07/2018,jb009,3.12
107929,06/07/2018,jb009,3.14
107920,05/07/2018,jb009,3.1
107912,04/07/2018,jb009,3.12
107907,03/07/2018,jb009,3.1
107900,02/07/2018,jb009,3.08
107888,01/07/2018,jb009,2.96
107883,30/06/2018,jb009,3
107874,29/06/2018,jb009,3.02
107868,28/06/2018,jb009,3.1
107865,27/06/2018,jb009,3.12
107854,26/06/2018,jb009,3.16
107846,25/06/2018,jb009,3.18
107840,24/06/2018,jb009,3.2
107833,23/06/2018,jb009,3.14
107825,22/06/2018,jb009,3.22
107822,21/06/2018,jb009,3.28
107815,20/06/2018,jb009,3.36
107806,19/06/2018,jb009,3.4
107799,18/06/2018,jb009,3.86
107795,17/06/2018,jb009,4.5
107786,16/06/2018,jb009,4.7
107780,15/06/2018,jb009,4.78
107769,14/06/2018,jb009,4.82
107766,13/06/2018,jb009,4.86
107761,12/06/2018,jb009,4.88
107748,11/06/2018,jb009,4.6
107741,10/06/2018,jb009,4.72
107740,09/06/2018,jb009,4.76
107730,08/06/2018,jb009,4.8
107722,07/06/2018,jb009,4.84
107715,06/06/2018,jb009,4.88
107711,05/06/2018,jb009,4.78
107704,04/06/2018,jb009,4.56
107698,03/06/2018,jb009,4
107685,02/06/2018,jb009,4.66
107684,01/06/2018,jb009,4.6
107676,31/05/2018,jb009,4.56
107664,30/05/2018,jb009,4.4
107663,29/05/2018,jb009,4.38
107652,28/05/2018,jb009,4.12
107645,27/05/2018,jb009,4.08
107638,26/05/2018,jb009,3.88
107634,25/05/2018,jb009,3.82
107624,24/05/2018,jb009,3.66
107621,23/05/2018,jb009,3.06
107609,22/05/2018,jb009,3
107607,21/05/2018,jb009,3.02
107594,20/05/2018,jb009,3.08
107588,19/05/2018,jb009,2.7
107582,18/05/2018,jb009,2.72
107577,17/05/2018,jb009,2.8
107569,16/05/2018,jb009,3.02
107561,15/05/2018,jb009,4.08
107554,14/05/2018,jb009,4.38
107546,13/05/2018,jb009,4.3
107538,12/05/2018,jb009,4.48
107536,11/05/2018,jb009,4.56
107530,10/05/2018,jb009,5
107522,09/05/2018,jb009,4.64
107513,08/05/2018,jb009,4.6
107503,07/05/2018,jb009,4.9
107498,06/05/2018,jb009,4.92
107495,05/05/2018,jb009,4.9
107487,04/05/2018,jb009,4.98
107481,03/05/2018,jb009,4.8
107468,02/05/2018,jb009,4.94
107462,01/05/2018,jb009,4.7
107460,30/04/2018,jb009,4.42
107449,29/04/2018,jb009,4.56
107445,28/04/2018,jb009,4.66
107435,27/04/2018,jb009,4.78
107427,26/04/2018,jb009,5.16
107422,25/04/2018,jb009,5.44
107415,24/04/2018,jb009,5.62
107409,23/04/2018,jb009,5.72
107402,22/04/2018,jb009,5.46
107391,21/04/2018,jb009,5.2
107388,20/04/2018,jb009,4.92
107380,19/04/2018,jb009,4.72
107374,18/04/2018,jb009,4.4
107364,17/04/2018,jb009,4.5
107360,16/04/2018,jb009,4.58
107350,15/04/2018,jb009,4.32
107347,14/04/2018,jb009,4.24
107338,13/04/2018,jb009,4.28
107330,12/04/2018,jb009,4.32
107321,11/04/2018,jb009,3.02
107315,10/04/2018,jb009,3.14
107313,09/04/2018,jb009,2.74
107300,08/04/2018,jb009,2
107294,07/04/2018,jb009,2
107291,06/04/2018,jb009,2.08
107280,05/04/2018,jb009,2.1
107275,04/04/2018,jb009,1.7
107267,03/04/2018,jb009,1.54
107259,02/04/2018,jb009,1.5
107257,01/04/2018,jb009,1.52
107245,31/03/2018,jb009,1.6
107243,30/03/2018,jb009,1.7
107233,29/03/2018,jb009,1.8
107224,28/03/2018,jb009,1.84
107217,27/03/2018,jb009,1.88
107213,26/03/2018,jb009,2.26
107207,25/03/2018,jb009,3.42
107196,24/03/2018,jb009,2
107190,23/03/2018,jb009,1.7
107181,22/03/2018,jb009,1.74
107179,21/03/2018,jb009,1.94
107173,20/03/2018,jb009,1.8
107160,19/03/2018,jb009,1.98
107156,18/03/2018,jb009,1.74
107146,17/03/2018,jb009,1.78
107140,16/03/2018,jb009,1.8
107137,15/03/2018,jb009,1.84
107126,14/03/2018,jb009,1.88
107120,13/03/2018,jb009,1.94
107114,12/03/2018,jb009,2.04
107104,11/03/2018,jb009,2.2
107099,10/03/2018,jb009,2.6
107095,09/03/2018,jb009,3.02
107086,08/03/2018,jb009,2.5
107079,07/03/2018,jb009,1.72
107069,06/03/2018,jb009,1.88
107068,05/03/2018,jb009,1.72
107056,04/03/2018,jb009,1
107050,03/03/2018,jb009,1
107047,02/03/2018,jb009,1
107038,01/03/2018,jb009,1
107027,28/02/2018,jb009,1
107022,27/02/2018,jb009,1
107015,26/02/2018,jb009,1
107011,25/02/2018,jb009,1
107005,24/02/2018,jb009,1
106996,23/02/2018,jb009,1
106985,22/02/2018,jb009,1
106984,21/02/2018,jb009,1
106971,20/02/2018,jb009,1
106968,19/02/2018,jb009,1
106963,18/02/2018,jb009,1
106955,17/02/2018,jb009,1
106948,16/02/2018,jb009,1
106942,15/02/2018,jb009,1
106933,14/02/2018,jb009,1
106928,13/02/2018,jb009,1
106921,12/02/2018,jb009,1
106908,11/02/2018,jb009,1
106901,10/02/2018,jb009,1
106900,09/02/2018,jb009,1
106893,08/02/2018,jb009,1
106884,07/02/2018,jb009,1
106877,06/02/2018,jb009,1
106871,05/02/2018,jb009,1
106859,04/02/2018,jb009,1
106856,03/02/2018,jb009,1
106848,02/02/2018,jb009,1
106840,01/02/2018,jb009,1
106831,31/01/2018,jb009,1
106829,30/01/2018,jb009,1
106822,29/01/2018,jb009,1
106810,28/01/2018,jb009,1
106803,27/01/2018,jb009,1
106797,26/01/2018,jb009,1
106789,25/01/2018,jb009,1
106787,24/01/2018,jb009,1
106778,23/01/2018,jb009,1
106768,22/01/2018,jb009,1
106763,21/01/2018,jb009,1
106756,20/01/2018,jb009,1
106748,19/01/2018,jb009,1
106746,18/01/2018,jb009,1
106736,17/01/2018,jb009,1
106726,16/01/2018,jb009,1
106720,15/01/2018,jb009,1
106712,14/01/2018,jb009,1
106708,13/01/2018,jb009,1
106698,12/01/2018,jb009,1
106695,11/01/2018,jb009,1
106687,10/01/2018,jb009,1
106677,09/01/2018,jb009,1
106670,08/01/2018,jb009,1
106666,07/01/2018,jb009,1
106658,06/01/2018,jb009,1
106649,05/01/2018,jb009,1
106643,04/01/2018,jb009,1
106641,03/01/2018,jb009,1
106634,02/01/2018,jb009,1
106623,01/01/2018,jb009,1
106618,31/12/2017,jb009,1
106608,30/12/2017,jb009,1
106602,29/12/2017,jb009,1
106598,28/12/2017,jb009,1
106586,27/12/2017,jb009,1
106584,26/12/2017,jb009,1
106572,25/12/2017,jb009,1
106567,24/12/2017,jb009,1
106558,23/12/2017,jb009,1
106556,22/12/2017,jb009,1
106547,21/12/2017,jb009,1
106538,20/12/2017,jb009,1
106533,19/12/2017,jb009,1
106523,18/12/2017,jb009,1
106519,17/12/2017,jb009,1
106510,16/12/2017,jb009,1
106503,15/12/2017,jb009,1
106497,14/12/2017,jb009,1
106488,13/12/2017,jb009,1
106487,12/12/2017,jb009,1
106477,11/12/2017,jb009,1
106473,10/12/2017,jb009,1
106462,09/12/2017,jb009,1
106458,08/12/2017,jb009,1
106446,07/12/2017,jb009,1
106441,06/12/2017,jb009,1
106433,05/12/2017,jb009,1
106430,04/12/2017,jb009,1
106423,03/12/2017,jb009,1
106413,02/12/2017,jb009,1
106404,01/12/2017,jb009,1
106398,30/11/2017,jb009,1.02
106395,29/11/2017,jb009,1.08
106385,28/11/2017,jb009,1.1
106380,27/11/2017,jb009,1.18
106369,26/11/2017,jb009,1.22
106368,25/11/2017,jb009,1.68
106355,24/11/2017,jb009,1.8
106350,23/11/2017,jb009,2
106342,22/11/2017,jb009,2.48
106338,21/11/2017,jb009,2.64
106329,20/11/2017,jb009,3
106320,19/11/2017,jb009,3.08
106315,18/11/2017,jb009,3.22
106311,17/11/2017,jb009,3.48
106303,16/11/2017,jb009,3.86
106294,15/11/2017,jb009,4.08
106287,14/11/2017,jb009,4.29
106282,13/11/2017,jb009,4.6
106277,12/11/2017,jb009,4.52
106267,11/11/2017,jb009,4.76
106257,10/11/2017,jb009,4.82
106253,09/11/2017,jb009,4.84
106248,08/11/2017,jb009,4.98
106239,07/11/2017,jb009,5.1
106229,06/11/2017,jb009,4.74
106227,05/11/2017,jb009,4.48
106216,04/11/2017,jb009,4.42
106213,03/11/2017,jb009,4.28
106204,02/11/2017,jb009,4.18
106197,01/11/2017,jb009,3.96
106192,31/10/2017,jb009,3.9
106185,30/10/2017,jb009,4.04
106178,29/10/2017,jb009,4.26
106171,28/10/2017,jb009,4.56
106163,27/10/2017,jb009,4.46
106156,26/10/2017,jb009,4.52
106146,25/10/2017,jb009,4.52
106139,24/10/2017,jb009,4
106131,23/10/2017,jb009,3.9
106124,22/10/2017,jb009,3.96
106119,21/10/2017,jb009,4.48
106113,20/10/2017,jb009,4
106103,19/10/2017,jb009,3.9
106096,18/10/2017,jb009,4.02
106091,17/10/2017,jb009,4.24
106084,16/10/2017,jb009,4.2
106081,15/10/2017,jb009,3.98
106074,14/10/2017,jb009,3.66
106067,13/10/2017,jb009,3.34
106059,12/10/2017,jb009,3.24
106050,11/10/2017,jb009,3.26
106045,10/10/2017,jb009,3.3
106038,09/10/2017,jb009,3.52
106029,08/10/2017,jb009,3.72
106022,07/10/2017,jb009,4.04
106014,06/10/2017,jb009,4.3
106006,05/10/2017,jb009,4.14
105999,04/10/2017,jb009,4.4
105994,03/10/2017,jb009,3.72
105987,02/10/2017,jb009,3.42
105980,01/10/2017,jb009,3.54
105971,30/09/2017,jb009,3.74
105968,29/09/2017,jb009,3.88
105957,28/09/2017,jb009,4.12
105950,27/09/2017,jb009,4.08
105942,26/09/2017,jb009,4.14
105941,25/09/2017,jb009,3.84
105933,24/09/2017,jb009,3.88
105927,23/09/2017,jb009,3.86
105915,22/09/2017,jb009,3.58
105911,21/09/2017,jb009,3.22
105903,20/09/2017,jb009,2.98
105896,19/09/2017,jb009,3
105888,18/09/2017,jb009,3.28
105879,17/09/2017,jb009,3.2
105873,16/09/2017,jb009,3.3
105870,15/09/2017,jb009,3.36
105858,14/09/2017,jb009,3.32
105855,13/09/2017,jb009,3.22
105850,12/09/2017,jb009,3.26
105843,11/09/2017,jb009,3.42
105831,10/09/2017,jb009,3.48
105824,09/09/2017,jb009,3.52
105820,08/09/2017,jb009,3.34
105814,07/09/2017,jb009,3.06
105805,06/09/2017,jb009,3.04
105797,05/09/2017,jb009,2.98
105794,04/09/2017,jb009,3.16
105784,03/09/2017,jb009,2.68
105776,02/09/2017,jb009,2.64
105771,01/09/2017,jb009,2.58
105763,31/08/2017,jb009,2.74
105754,30/08/2017,jb009,2.8
105746,29/08/2017,jb009,2.84
105741,28/08/2017,jb009,2.68
105738,27/08/2017,jb009,2.4
105727,26/08/2017,jb009,2.42
105722,25/08/2017,jb009,2.52
105714,24/08/2017,jb009,2.68
105709,23/08/2017,jb009,2.8
105700,22/08/2017,jb009,2.98
105690,21/08/2017,jb009,2.78
105684,20/08/2017,jb009,2.74
105678,19/08/2017,jb009,2.46
105671,18/08/2017,jb009,2.48
105663,17/08/2017,jb009,2.42
105655,16/08/2017,jb009,2.46
105652,15/08/2017,jb009,2.56
105646,14/08/2017,jb009,2.52
105637,13/08/2017,jb009,2.04
105629,12/08/2017,jb009,2.08
105625,11/08/2017,jb009,2
105615,10/08/2017,jb009,2.06
105611,09/08/2017,jb009,2.04
105600,08/08/2017,jb009,2.1
105594,07/08/2017,jb009,2.16
105591,06/08/2017,jb009,2.1
105578,05/08/2017,jb009,2.06
105576,04/08/2017,jb009,2.08
105569,03/08/2017,jb009,2.02
105557,02/08/2017,jb009,2.08
105556,01/08/2017,jb009,2.04
105545,31/07/2017,jb009,2.06
105538,30/07/2017,jb009,2.02
105533,29/07/2017,jb009,1.92
105522,28/07/2017,jb009,1.96
105516,27/07/2017,jb009,2.12
105509,26/07/2017,jb009,2.16
105503,25/07/2017,jb009,1.98
105499,24/07/2017,jb009,1.8
105490,23/07/2017,jb009,1.84
105481,22/07/2017,jb009,1.86
105473,21/07/2017,jb009,1.9
105471,20/07/2017,jb009,1.94
105465,19/07/2017,jb009,1.92
105452,18/07/2017,jb009,1.88
105447,17/07/2017,jb009,1.86
105440,16/07/2017,jb009,1.6
105437,15/07/2017,jb009,1.64
105424,14/07/2017,jb009,1.68
105421,13/07/2017,jb009,1.76
105410,12/07/2017,jb009,1.64
105407,11/07/2017,jb009,1.46
105396,10/07/2017,jb009,1.5
105391,09/07/2017,jb009,1.58
105384,08/07/2017,jb009,1.68
105379,07/07/2017,jb009,1.68
105370,06/07/2017,jb009,1.6
105366,05/07/2017,jb009,1.64
105356,04/07/2017,jb009,1.66
105350,03/07/2017,jb009,1.56
105340,02/07/2017,jb009,1.58
105339,01/07/2017,jb009,1.64
105332,30/06/2017,jb009,1.66
105324,29/06/2017,jb009,1.62
105318,28/06/2017,jb009,1.68
105310,27/06/2017,jb009,1.7
105300,26/06/2017,jb009,1.8
105293,25/06/2017,jb009,1.84
105290,24/06/2017,jb009,1.9
105281,23/06/2017,jb009,1.92
105273,22/06/2017,jb009,2
105268,21/06/2017,jb009,2.06
105259,20/06/2017,jb009,2.1
105250,19/06/2017,jb009,2.12
105247,18/06/2017,jb009,2.2
105238,17/06/2017,jb009,1.96
105229,16/06/2017,jb009,1.88
105225,15/06/2017,jb009,1.86
105220,14/06/2017,jb009,2.06
105212,13/06/2017,jb009,2.18
105200,12/06/2017,jb009,2.22
105195,11/06/2017,jb009,2.28
105191,10/06/2017,jb009,2.36
105183,09/06/2017,jb009,2.44
105174,08/06/2017,jb009,2.58
105169,07/06/2017,jb009,2.74
105161,06/06/2017,jb009,2.96
105157,05/06/2017,jb009,3.04
105144,04/06/2017,jb009,3.14
105142,03/06/2017,jb009,3.98
105133,02/06/2017,jb009,3.86
105125,01/06/2017,jb009,2.56
105122,31/05/2017,jb009,2.48
105114,30/05/2017,jb009,2.4
105108,29/05/2017,jb009,2.3
105096,28/05/2017,jb009,2.54
105094,27/05/2017,jb009,2.66
105083,26/05/2017,jb009,2.6
105077,25/05/2017,jb009,2.68
105069,24/05/2017,jb009,2.56
105062,23/05/2017,jb009,2.84
105055,22/05/2017,jb009,2.26
105047,21/05/2017,jb009,2.18
105045,20/05/2017,jb009,2.12
105033,19/05/2017,jb009,1.3
105028,18/05/2017,jb009,1.36
105023,17/05/2017,jb009,1.6
105013,16/05/2017,jb009,2
105006,15/05/2017,jb009,2.02
105003,14/05/2017,jb009,2.08
104992,13/05/2017,jb009,2.12
104987,12/05/2017,jb009,2.34
104976,11/05/2017,jb009,2.84
104969,10/05/2017,jb009,2.98
104968,09/05/2017,jb009,2.9
104955,08/05/2017,jb009,3.2
104953,07/05/2017,jb009,3.16
104944,06/05/2017,jb009,3.94
104940,05/05/2017,jb009,3.36
104930,04/05/2017,jb009,2.86
104925,03/05/2017,jb009,3.02
104919,02/05/2017,jb009,2.88
104907,01/05/2017,jb009,1.76
104899,30/04/2017,jb009,1.9
104895,29/04/2017,jb009,1.86
104888,28/04/2017,jb009,1.88
104879,27/04/2017,jb009,1.42
104871,26/04/2017,jb009,1.28
104865,25/04/2017,jb009,1.3
104862,24/04/2017,jb009,1.34
104852,23/04/2017,jb009,1.4
104845,22/04/2017,jb009,1.68
104838,21/04/2017,jb009,1.8
104834,20/04/2017,jb009,2.02
104827,19/04/2017,jb009,1.46
104821,18/04/2017,jb009,1.26
104812,17/04/2017,jb009,1.12
104803,16/04/2017,jb009,1.16
104800,15/04/2017,jb009,1.28
104787,14/04/2017,jb009,1.3
104784,13/04/2017,jb009,1.36
104776,12/04/2017,jb009,1.4
104769,11/04/2017,jb009,1.4
104764,10/04/2017,jb009,1.42
104756,09/04/2017,jb009,1.38
104747,08/04/2017,jb009,1.4
104739,07/04/2017,jb009,1.44
104731,06/04/2017,jb009,1.42
104728,05/04/2017,jb009,1.38
104721,04/04/2017,jb009,1.4
104711,03/04/2017,jb009,1.32
104706,02/04/2017,jb009,1.26
104702,01/04/2017,jb009,1
104689,31/03/2017,jb009,1
104687,30/03/2017,jb009,1
104681,29/03/2017,jb009,1
104674,28/03/2017,jb009,1
104664,27/03/2017,jb009,1
104655,26/03/2017,jb009,1
104649,25/03/2017,jb009,1
104642,24/03/2017,jb009,1
104636,23/03/2017,jb009,1
104629,22/03/2017,jb009,1
104619,21/03/2017,jb009,1
104612,20/03/2017,jb009,1
104605,19/03/2017,jb009,1
104603,18/03/2017,jb009,1
104591,17/03/2017,jb009,1
104585,16/03/2017,jb009,1
104579,15/03/2017,jb009,1
104575,14/03/2017,jb009,1
104564,13/03/2017,jb009,1
104562,12/03/2017,jb009,1
104555,11/03/2017,jb009,1
104543,10/03/2017,jb009,1
104541,09/03/2017,jb009,1
104533,08/03/2017,jb009,1
104522,07/03/2017,jb009,1
104518,06/03/2017,jb009,1
104513,05/03/2017,jb009,1
104501,04/03/2017,jb009,1
104495,03/03/2017,jb009,1
104487,02/03/2017,jb009,1
104484,01/03/2017,jb009,1
104473,28/02/2017,jb009,1
104466,27/02/2017,jb009,1
104464,26/02/2017,jb009,1
104455,25/02/2017,jb009,1
104448,24/02/2017,jb009,1
104442,23/02/2017,jb009,1
104435,22/02/2017,jb009,1
104429,21/02/2017,jb009,1
104419,20/02/2017,jb009,1
104414,19/02/2017,jb009,1
104408,18/02/2017,jb009,1
104401,17/02/2017,jb009,1
104390,16/02/2017,jb009,1
104381,15/02/2017,jb009,1
104377,14/02/2017,jb009,1
104368,13/02/2017,jb009,1
104361,12/02/2017,jb009,1
104353,11/02/2017,jb009,1
104350,10/02/2017,jb009,1
104343,09/02/2017,jb009,1
104335,08/02/2017,jb009,1
104331,07/02/2017,jb009,1
104318,06/02/2017,jb009,1
104313,05/02/2017,jb009,1
104305,04/02/2017,jb009,1
104300,03/02/2017,jb009,1
104291,02/02/2017,jb009,1
104286,01/02/2017,jb009,1
104276,31/01/2017,jb009,1
104270,30/01/2017,jb009,1
104266,29/01/2017,jb009,1
104258,28/01/2017,jb009,1
104254,27/01/2017,jb009,1
104244,26/01/2017,jb009,1
104239,25/01/2017,jb009,1
104230,24/01/2017,jb009,1
104226,23/01/2017,jb009,1
104218,22/01/2017,jb009,1
104211,21/01/2017,jb009,1
104203,20/01/2017,jb009,1
104194,19/01/2017,jb009,1
104191,18/01/2017,jb009,1.02
104182,17/01/2017,jb009,1.04
104176,16/01/2017,jb009,1.06
104166,15/01/2017,jb009,1.06
104158,14/01/2017,jb009,1.08
104150,13/01/2017,jb009,1.1
104146,12/01/2017,jb009,1.12
104142,11/01/2017,jb009,1.14
104130,10/01/2017,jb009,1.16
104123,09/01/2017,jb009,1.18
104115,08/01/2017,jb009,1.2
104110,07/01/2017,jb009,1.22
104102,06/01/2017,jb009,1.24
104098,05/01/2017,jb009,1.28
104090,04/01/2017,jb009,1.3
104086,03/01/2017,jb009,1.32
104078,02/01/2017,jb009,1.38
104067,01/01/2017,jb009,1.4
104060,31/12/2016,jb009,
104058,30/12/2016,jb009,1.36
104047,29/12/2016,jb009,1.4
104038,28/12/2016,jb009,1.42
104032,27/12/2016,jb009,1.46
104026,26/12/2016,jb009,1.48
104023,25/12/2016,jb009,1.52
104012,24/12/2016,jb009,1.56
104007,23/12/2016,jb009,1.64
103996,22/12/2016,jb009,1.68
103992,21/12/2016,jb009,1.74
103983,20/12/2016,jb009,1.8
103975,19/12/2016,jb009,1.82
103972,18/12/2016,jb009,1.92
103965,17/12/2016,jb009,1.94
103956,16/12/2016,jb009,2.04
103953,15/12/2016,jb009,2.1
103942,14/12/2016,jb009,2.12
103934,13/12/2016,jb009,2.18
103929,12/12/2016,jb009,2.72
103921,11/12/2016,jb009,2.78
103914,10/12/2016,jb009,2.86
103909,09/12/2016,jb009,2.76
103901,08/12/2016,jb009,3.06
103896,07/12/2016,jb009,2.9
103887,06/12/2016,jb009,2.84
103882,05/12/2016,jb009,3.34
103873,04/12/2016,jb009,3.1
103863,03/12/2016,jb009,2.48
103861,02/12/2016,jb009,2.36
103854,01/12/2016,jb009,2.5
103845,30/11/2016,jb009,2.54
103839,29/11/2016,jb009,2.5
103833,28/11/2016,jb009,1.86
103822,27/11/2016,jb009,1.66
103817,26/11/2016,jb009,1.76
103807,25/11/2016,jb009,1.82
103802,24/11/2016,jb009,1.86
103795,23/11/2016,jb009,1.72
103792,22/11/2016,jb009,1.82
103780,21/11/2016,jb009,1.88
103776,20/11/2016,jb009,2.18
103768,19/11/2016,jb009,2.46
103759,18/11/2016,jb009,2.82
103754,17/11/2016,jb009,2.8
103744,16/11/2016,jb009,2.68
103742,15/11/2016,jb009,2.46
103736,14/11/2016,jb009,2.4
103728,13/11/2016,jb009,2.42
103716,12/11/2016,jb009,2.44
103709,11/11/2016,jb009,2.4
103707,10/11/2016,jb009,2.68
103696,09/11/2016,jb009,3.2
103688,08/11/2016,jb009,3.06
103687,07/11/2016,jb009,3.04
103674,06/11/2016,jb009,3
103671,05/11/2016,jb009,3.64
103661,04/11/2016,jb009,3.58
103655,03/11/2016,jb009,3.7
103651,02/11/2016,jb009,3.82
103644,01/11/2016,jb009,3.86
103636,31/10/2016,jb009,4.02
103631,30/10/2016,jb009,4
103618,29/10/2016,jb009,3.58
103614,28/10/2016,jb009,3.8
103607,27/10/2016,jb009,3.66
103598,26/10/2016,jb009,3.68
103594,25/10/2016,jb009,3.62
103588,24/10/2016,jb009,3.12
103576,23/10/2016,jb009,3.14
103572,22/10/2016,jb009,3.06
103562,21/10/2016,jb009,3.1
103556,20/10/2016,jb009,3.1
103552,19/10/2016,jb009,3.06
103542,18/10/2016,jb009,3.08
103537,17/10/2016,jb009,2.82
103533,16/10/2016,jb009,2.72
103521,15/10/2016,jb009,2.88
103518,14/10/2016,jb009,2.7
103507,13/10/2016,jb009,2.74
103505,12/10/2016,jb009,2.64
103498,11/10/2016,jb009,2.74
103488,10/10/2016,jb009,2.68
103482,09/10/2016,jb009,2.66
103475,08/10/2016,jb009,2.56
103466,07/10/2016,jb009,2.38
103460,06/10/2016,jb009,2.14
103452,05/10/2016,jb009,2.16
103445,04/10/2016,jb009,2.22
103437,03/10/2016,jb009,2.16
103433,02/10/2016,jb009,2.12
103423,01/10/2016,jb009,2.16
103420,30/09/2016,jb009,2.14
103413,29/09/2016,jb009,2.16
103405,28/09/2016,jb009,2.18
103395,27/09/2016,jb009,2.14
103387,26/09/2016,jb009,2.1
103386,25/09/2016,jb009,2.14
103379,24/09/2016,jb009,2.1
103367,23/09/2016,jb009,2.08
103365,22/09/2016,jb009,2.02
103356,21/09/2016,jb009,1.8
103347,20/09/2016,jb009,1.82
103342,19/09/2016,jb009,1.78
103334,18/09/2016,jb009,1.82
103327,17/09/2016,jb009,1.72
103319,16/09/2016,jb009,1.76
103316,15/09/2016,jb009,1.8
103307,14/09/2016,jb009,1.72
103301,13/09/2016,jb009,1.78
103294,12/09/2016,jb009,1.8
103285,11/09/2016,jb009,2.02
103280,10/09/2016,jb009,2.04
103270,09/09/2016,jb009,2.08
103267,08/09/2016,jb009,2.1
103255,07/09/2016,jb009,2.14
103248,06/09/2016,jb009,2.2
103241,05/09/2016,jb009,2.22
103237,04/09/2016,jb009,2.36
103231,03/09/2016,jb009,2.4
103225,02/09/2016,jb009,2.46
103212,01/09/2016,jb009,2.56
103209,31/08/2016,jb009,2.5
103199,30/08/2016,jb009,2.68
103191,29/08/2016,jb009,2.56
103185,28/08/2016,jb009,2.56
103181,27/08/2016,jb009,2.34
103176,26/08/2016,jb009,2.3
103169,25/08/2016,jb009,1.2
103156,24/08/2016,jb009,1.86
103150,23/08/2016,jb009,2
103143,22/08/2016,jb009,2.34
103135,21/08/2016,jb009,2.68
103132,20/08/2016,jb009,2.66
103123,19/08/2016,jb009,2.62
103120,18/08/2016,jb009,2.66
103109,17/08/2016,jb009,2.68
103102,16/08/2016,jb009,2.7
103096,15/08/2016,jb009,2.68
103090,14/08/2016,jb009,2.62
103080,13/08/2016,jb009,2.64
103076,12/08/2016,jb009,2.6
103065,11/08/2016,jb009,2.58
103059,10/08/2016,jb009,2.52
103054,09/08/2016,jb009,2.38
103050,08/08/2016,jb009,2.32
103040,07/08/2016,jb009,2.1
103034,06/08/2016,jb009,2
103024,05/08/2016,jb009,2.1
103016,04/08/2016,jb009,2.12
103014,03/08/2016,jb009,2.02
103004,02/08/2016,jb009,2.04
102998,01/08/2016,jb009,2.12
102989,31/07/2016,jb009,
102982,30/07/2016,jb009,2.24
102976,29/07/2016,jb009,2.38
102969,28/07/2016,jb009,2.54
102960,27/07/2016,jb009,2.52
102954,26/07/2016,jb009,2.4
102951,25/07/2016,jb009,2.28
102939,24/07/2016,jb009,2.3
102932,23/07/2016,jb009,2.32
102925,22/07/2016,jb009,2.36
102920,21/07/2016,jb009,2.38
102916,20/07/2016,jb009,2.36
102908,19/07/2016,jb009,2.32
102902,18/07/2016,jb009,1.68
102893,17/07/2016,jb009,1.08
102887,16/07/2016,jb009,1.08
102877,15/07/2016,jb009,1.1
102871,14/07/2016,jb009,1.12
102864,13/07/2016,jb009,1.14
102857,12/07/2016,jb009,1.16
102850,11/07/2016,jb009,1.2
102843,10/07/2016,jb009,1.26
102836,09/07/2016,jb009,1.3
102830,08/07/2016,jb009,1.36
102825,07/07/2016,jb009,1.4
102819,06/07/2016,jb009,1.54
102809,05/07/2016,jb009,1.46
102803,04/07/2016,jb009,1.8
102793,03/07/2016,jb009,1.48
102786,02/07/2016,jb009,1.5
102780,01/07/2016,jb009,1.5
102772,30/06/2016,jb009,1.52
102766,29/06/2016,jb009,1.52
102762,28/06/2016,jb009,1.52
102750,27/06/2016,jb009,1.54
102749,26/06/2016,jb009,1.56
102737,25/06/2016,jb009,1.54
102729,24/06/2016,jb009,1.56
102725,23/06/2016,jb009,1.58
102718,22/06/2016,jb009,1.58
102708,21/06/2016,jb009,1.6
102704,20/06/2016,jb009,1.62
102697,19/06/2016,jb009,1.64
102689,18/06/2016,jb009,1.68
102682,17/06/2016,jb009,1.68
102677,16/06/2016,jb009,1.7
102672,15/06/2016,jb009,1.74
102664,14/06/2016,jb009,1.76
102652,13/06/2016,jb009,1.8
102646,12/06/2016,jb009,1.94
102642,11/06/2016,jb009,1.98
102635,10/06/2016,jb009,2
102629,09/06/2016,jb009,2.06
102619,08/06/2016,jb009,2.64
102613,07/06/2016,jb009,2.68
102608,06/06/2016,jb009,2.88
102602,05/06/2016,jb009,3
102593,04/06/2016,jb009,3.02
102586,03/06/2016,jb009,3.06
102580,02/06/2016,jb009,3.12
102571,01/06/2016,jb009,3.16
102566,31/05/2016,jb009,
102554,30/05/2016,jb009,3.2
102547,29/05/2016,jb009,3.22
102544,28/05/2016,jb009,3.24
102534,27/05/2016,jb009,3.28
102532,26/05/2016,jb009,3.34
102522,25/05/2016,jb009,3.36
102514,24/05/2016,jb009,3.38
102507,23/05/2016,jb009,3.56
102498,22/05/2016,jb009,3.88
102496,21/05/2016,jb009,4.54
102488,20/05/2016,jb009,4.5
102481,19/05/2016,jb009,4.68
102471,18/05/2016,jb009,4.7
102467,17/05/2016,jb009,4.6
102457,16/05/2016,jb009,5.04
102455,15/05/2016,jb009,5
102448,14/05/2016,jb009,4.92
102435,13/05/2016,jb009,4.9
102432,12/05/2016,jb009,4.68
102421,11/05/2016,jb009,4.92
102414,10/05/2016,jb009,4.76
102412,09/05/2016,jb009,4.78
102405,08/05/2016,jb009,5.22
102395,07/05/2016,jb009,5.18
102388,06/05/2016,jb009,4.94
102385,05/05/2016,jb009,3.84
102378,04/05/2016,jb009,4.1
102367,03/05/2016,jb009,4.18
102358,02/05/2016,jb009,4.22
102356,01/05/2016,jb009,4.12
102345,30/04/2016,jb009,3.04
102337,29/04/2016,jb009,3.16
102332,28/04/2016,jb009,3.1
102325,27/04/2016,jb009,2.54
102316,26/04/2016,jb009,2.58
102314,25/04/2016,jb009,2.72
102302,24/04/2016,jb009,2.6
102301,23/04/2016,jb009,2.68
102288,22/04/2016,jb009,2.8
102285,21/04/2016,jb009,2.84
102275,20/04/2016,jb009,3.04
102268,19/04/2016,jb009,3.32
102262,18/04/2016,jb009,3.26
102255,17/04/2016,jb009,2.08
102247,16/04/2016,jb009,2.12
102243,15/04/2016,jb009,2.04
102238,14/04/2016,jb009,1.82
102228,13/04/2016,jb009,1.52
102220,12/04/2016,jb009,2
102217,11/04/2016,jb009,1
102207,10/04/2016,jb009,1
102203,09/04/2016,jb009,1
102196,08/04/2016,jb009,1
102184,07/04/2016,jb009,1
102181,06/04/2016,jb009,1
102170,05/04/2016,jb009,1
102163,04/04/2016,jb009,1
102157,03/04/2016,jb009,1
102149,02/04/2016,jb009,1
102142,01/04/2016,jb009,1
102138,31/03/2016,jb009,1
102133,30/03/2016,jb009,1
102123,29/03/2016,jb009,1
102119,28/03/2016,jb009,1
102108,27/03/2016,jb009,1
102105,26/03/2016,jb009,1
102093,25/03/2016,jb009,1
102089,24/03/2016,jb009,1
102080,23/03/2016,jb009,1
102077,22/03/2016,jb009,1
102066,21/03/2016,jb009,1
102061,20/03/2016,jb009,1
102050,19/03/2016,jb009,1
102045,18/03/2016,jb009,1
102038,17/03/2016,jb009,1
102031,16/03/2016,jb009,1
102027,15/03/2016,jb009,1
102017,14/03/2016,jb009,1
102009,13/03/2016,jb009,1
102007,12/03/2016,jb009,1
101994,11/03/2016,jb009,1
101993,10/03/2016,jb009,1
101984,09/03/2016,jb009,1
101974,08/03/2016,jb009,1
101968,07/03/2016,jb009,1
101965,06/03/2016,jb009,1
101953,05/03/2016,jb009,1
101945,04/03/2016,jb009,1
101940,03/03/2016,jb009,1
101933,02/03/2016,jb009,1
101926,01/03/2016,jb009,1
101920,29/02/2016,jb009,1
101911,28/02/2016,jb009,1
101907,27/02/2016,jb009,1
101896,26/02/2016,jb009,1
101890,25/02/2016,jb009,1
101883,24/02/2016,jb009,1
101881,23/02/2016,jb009,1
101869,22/02/2016,jb009,1
101862,21/02/2016,jb009,1
101859,20/02/2016,jb009,1
101849,19/02/2016,jb009,1.02
101844,18/02/2016,jb009,1.02
101836,17/02/2016,jb009,1.02
101826,16/02/2016,jb009,1.02
101824,15/02/2016,jb009,1.04
101812,14/02/2016,jb009,1.04
101806,13/02/2016,jb009,1.04
101804,12/02/2016,jb009,1.06
101792,11/02/2016,jb009,1.06
101784,10/02/2016,jb009,1.06
101779,09/02/2016,jb009,1.08
101771,08/02/2016,jb009,1.08
101769,07/02/2016,jb009,1.08
101757,06/02/2016,jb009,1.1
101752,05/02/2016,jb009,1.1
101748,04/02/2016,jb009,1.1
101737,03/02/2016,jb009,1.12
101732,02/02/2016,jb009,1.12
101727,01/02/2016,jb009,1.12
101719,31/01/2016,jb009,1.12
101711,30/01/2016,jb009,1.14
101705,29/01/2016,jb009,1.16
101696,28/01/2016,jb009,1.18
101688,27/01/2016,jb009,1.2
101680,26/01/2016,jb009,1.2
101678,25/01/2016,jb009,1.22
101670,24/01/2016,jb009,1.24
101658,23/01/2016,jb009,1.26
101657,22/01/2016,jb009,1.26
101647,21/01/2016,jb009,1.28
101642,20/01/2016,jb009,1.3
101634,19/01/2016,jb009,1.3
101626,18/01/2016,jb009,1.32
101618,17/01/2016,jb009,1.34
101615,16/01/2016,jb009,1.36
101603,15/01/2016,jb009,1.38
101599,14/01/2016,jb009,1.38
101591,13/01/2016,jb009,1.4
101585,12/01/2016,jb009,1.42
101574,11/01/2016,jb009,1.46
101572,10/01/2016,jb009,1.46
101561,09/01/2016,jb009,1.48
101555,08/01/2016,jb009,1.5
101546,07/01/2016,jb009,1.5
101542,06/01/2016,jb009,1.54
101533,05/01/2016,jb009,1.56
101525,04/01/2016,jb009,1.58
101518,03/01/2016,jb009,1.6
101517,02/01/2016,jb009,1.62
101508,01/01/2016,jb009,1.66
101497,31/12/2015,jb009,1.72
101494,30/12/2015,jb009,1.72
101485,29/12/2015,jb009,1.74
101482,28/12/2015,jb009,1.76
101473,27/12/2015,jb009,1.82
101463,26/12/2015,jb009,1.82
101459,25/12/2015,jb009,1.84
101452,24/12/2015,jb009,1.84
101444,23/12/2015,jb009,1.86
101438,22/12/2015,jb009,1.86
101428,21/12/2015,jb009,1.86
101426,20/12/2015,jb009,1.88
101417,19/12/2015,jb009,1.9
101406,18/12/2015,jb009,1.9
101401,17/12/2015,jb009,1.92
101397,16/12/2015,jb009,1.92
101390,15/12/2015,jb009,1.94
101383,14/12/2015,jb009,2.02
101374,13/12/2015,jb009,2.04
101368,12/12/2015,jb009,2.06
101357,11/12/2015,jb009,2.08
101350,10/12/2015,jb009,2.12
101347,09/12/2015,jb009,2.16
101337,08/12/2015,jb009,2.18
101332,07/12/2015,jb009,2.2
101326,06/12/2015,jb009,2.38
101317,05/12/2015,jb009,2.4
101311,04/12/2015,jb009,2.46
101304,03/12/2015,jb009,2.5
101295,02/12/2015,jb009,2.52
101289,01/12/2015,jb009,2.56
101286,30/11/2015,jb009,2.66
101277,29/11/2015,jb009,2.86
101272,28/11/2015,jb009,2.9
101263,27/11/2015,jb009,2.92
101257,26/11/2015,jb009,2.86
101245,25/11/2015,jb009,3.46
101238,24/11/2015,jb009,3.94
101231,23/11/2015,jb009,3.16
101227,22/11/2015,jb009,3.18
101222,21/11/2015,jb009,3.38
101212,20/11/2015,jb009,3.46
101206,19/11/2015,jb009,3.56
101200,18/11/2015,jb009,3.68
101194,17/11/2015,jb009,3.48
101185,16/11/2015,jb009,3.6
101177,15/11/2015,jb009,3.68
101174,14/11/2015,jb009,4.08
101161,13/11/2015,jb009,4.24
101155,12/11/2015,jb009,4.26
101150,11/11/2015,jb009,5.08
101140,10/11/2015,jb009,3.78
101136,09/11/2015,jb009,3.48
101132,08/11/2015,jb009,3.4
101125,07/11/2015,jb009,3.16
101113,06/11/2015,jb009,3.18
101106,05/11/2015,jb009,3.64
101102,04/11/2015,jb009,3.6
101095,03/11/2015,jb009,3.02
101087,02/11/2015,jb009,2.96
101082,01/11/2015,jb009,2.68
101070,31/10/2015,jb009,2.72
101069,30/10/2015,jb009,2.92
101059,29/10/2015,jb009,3.12
101052,28/10/2015,jb009,2.98
101045,27/10/2015,jb009,2.88
101039,26/10/2015,jb009,3.14
101034,25/10/2015,jb009,2.98
101027,24/10/2015,jb009,2.78
101018,23/10/2015,jb009,2.66
101009,22/10/2015,jb009,2.64
101004,21/10/2015,jb009,2.62
100993,20/10/2015,jb009,2.58
100986,19/10/2015,jb009,2.52
100979,18/10/2015,jb009,2.52
100975,17/10/2015,jb009,2.46
100966,16/10/2015,jb009,2.42
100962,15/10/2015,jb009,2.38
100956,14/10/2015,jb009,2.32
100947,13/10/2015,jb009,2.34
100938,12/10/2015,jb009,2.32
100934,11/10/2015,jb009,2.34
100923,10/10/2015,jb009,2.36
100917,09/10/2015,jb009,2.32
100909,08/10/2015,jb009,2.34
100904,07/10/2015,jb009,2.34
100900,06/10/2015,jb009,2.26
100892,05/10/2015,jb009,2.18
100884,04/10/2015,jb009,2.16
100880,03/10/2015,jb009,2.1
100867,02/10/2015,jb009,2.08
100861,01/10/2015,jb009,2.1
100853,30/09/2015,jb009,2.08
100846,29/09/2015,jb009,2.08
100843,28/09/2015,jb009,2.06
100835,27/09/2015,jb009,2.08
100827,26/09/2015,jb009,2.1
100824,25/09/2015,jb009,2.12
100816,24/09/2015,jb009,2.1
100804,23/09/2015,jb009,2.1
100802,22/09/2015,jb009,2.08
100795,21/09/2015,jb009,2.08
100786,20/09/2015,jb009,2.1
100778,19/09/2015,jb009,2.14
100770,18/09/2015,jb009,2.12
100765,17/09/2015,jb009,2.14
100761,16/09/2015,jb009,2.16
100749,15/09/2015,jb009,2.18
100744,14/09/2015,jb009,2.22
100740,13/09/2015,jb009,2.22
100730,12/09/2015,jb009,2.2
100721,11/09/2015,jb009,2.18
100718,10/09/2015,jb009,2.18
100706,09/09/2015,jb009,2.16
100704,08/09/2015,jb009,2.18
100692,07/09/2015,jb009,2.2
100690,06/09/2015,jb009,2.24
100684,05/09/2015,jb009,2.26
100676,04/09/2015,jb009,2.28
100667,03/09/2015,jb009,2.32
100663,02/09/2015,jb009,2.26
100655,01/09/2015,jb009,2.3
100649,31/08/2015,jb009,2.28
100641,30/08/2015,jb009,2.26
100635,29/08/2015,jb009,2.24
100627,28/08/2015,jb009,2.2
100621,27/08/2015,jb009,2.16
100608,26/08/2015,jb009,2.12
100606,25/08/2015,jb009,2.16
100598,24/08/2015,jb009,2.22
100588,23/08/2015,jb009,2.28
100581,22/08/2015,jb009,2.3
100573,21/08/2015,jb009,2.42
100572,20/08/2015,jb009,2.48
100563,19/08/2015,jb009,2.54
100554,18/08/2015,jb009,2.56
100550,17/08/2015,jb009,2.58
100542,16/08/2015,jb009,2.62
100533,15/08/2015,jb009,2.64
100525,14/08/2015,jb009,2.68
100523,13/08/2015,jb009,2.7
100516,12/08/2015,jb009,2.74
100507,11/08/2015,jb009,2.68
100496,10/08/2015,jb009,2.62
100491,09/08/2015,jb009,2.64
100486,08/08/2015,jb009,2.62
100478,07/08/2015,jb009,2.6
100470,06/08/2015,jb009,2.56
100461,05/08/2015,jb009,2.52
100454,04/08/2015,jb009,2.54
100453,03/08/2015,jb009,2.54
100441,02/08/2015,jb009,2.56
100437,01/08/2015,jb009,2.58
100430,31/07/2015,jb009,2.6
100424,30/07/2015,jb009,2.6
100414,29/07/2015,jb009,2.64
100407,28/07/2015,jb009,2.68
100403,27/07/2015,jb009,2.7
100393,26/07/2015,jb009,2.7
100386,25/07/2015,jb009,2.72
100378,24/07/2015,jb009,2.76
100372,23/07/2015,jb009,2.8
100366,22/07/2015,jb009,2.82
100360,21/07/2015,jb009,2.8
100354,20/07/2015,jb009,2.76
100347,19/07/2015,jb009,2.78
100338,18/07/2015,jb009,2.82
100328,17/07/2015,jb009,2.86
100324,16/07/2015,jb009,2.82
100317,15/07/2015,jb009,2.2
100310,14/07/2015,jb009,2.22
100304,13/07/2015,jb009,2.24
100298,12/07/2015,jb009,2.26
100290,11/07/2015,jb009,2.28
100285,10/07/2015,jb009,2.26
100274,09/07/2015,jb009,2.3
100267,08/07/2015,jb009,2.32
100258,07/07/2015,jb009,2.38
100254,06/07/2015,jb009,2.42
100249,05/07/2015,jb009,2.46
100237,04/07/2015,jb009,2.48
100232,03/07/2015,jb009,2.42
100229,02/07/2015,jb009,2.38
100220,01/07/2015,jb009,2.32
100212,30/06/2015,jb009,2.54
100204,29/06/2015,jb009,2.52
100199,28/06/2015,jb009,2.56
100188,27/06/2015,jb009,2.58
100183,26/06/2015,jb009,2.62
100175,25/06/2015,jb009,2.6
100171,24/06/2015,jb009,2.64
100162,23/06/2015,jb009,2.66
100154,22/06/2015,jb009,2.72
100150,21/06/2015,jb009,2.74
100143,20/06/2015,jb009,2.78
100135,19/06/2015,jb009,2.8
100129,18/06/2015,jb009,2.82
100119,17/06/2015,jb009,2.82
100114,16/06/2015,jb009,2.84
100105,15/06/2015,jb009,2.64
100099,14/06/2015,jb009,2.9
100096,13/06/2015,jb009,3.1
100084,12/06/2015,jb009,3
100079,11/06/2015,jb009,3.1
100074,10/06/2015,jb009,3.12
100063,09/06/2015,jb009,3.16
100060,08/06/2015,jb009,3.14
100052,07/06/2015,jb009,3.18
100042,06/06/2015,jb009,3.22
100035,05/06/2015,jb009,3.14
100031,04/06/2015,jb009,2.8
100023,03/06/2015,jb009,2.78
100019,02/06/2015,jb009,2.76
100006,01/06/2015,jb009,2.28
100005,31/05/2015,jb009,2.08
99994,30/05/2015,jb009,2.04
99990,29/05/2015,jb009,1.98
99981,28/05/2015,jb009,2.02
99975,27/05/2015,jb009,2.04
99970,26/05/2015,jb009,2.24
99962,25/05/2015,jb009,2.28
99953,24/05/2015,jb009,2.42
99948,23/05/2015,jb009,2.62
99938,22/05/2015,jb009,2.24
99931,21/05/2015,jb009,2.82
99923,20/05/2015,jb009,2.64
99920,19/05/2015,jb009,2.72
99908,18/05/2015,jb009,2.68
99901,17/05/2015,jb009,2.54
99899,16/05/2015,jb009,2.62
99891,15/05/2015,jb009,2.48
99882,14/05/2015,jb009,2.5
99878,13/05/2015,jb009,2.74
99866,12/05/2015,jb009,2.62
99865,11/05/2015,jb009,2.52
99855,10/05/2015,jb009,2.76
99851,09/05/2015,jb009,2.74
99840,08/05/2015,jb009,2.56
99835,07/05/2015,jb009,2.4
99824,06/05/2015,jb009,2.42
99822,05/05/2015,jb009,2.5
99810,04/05/2015,jb009,2.34
99806,03/05/2015,jb009,2.32
99796,02/05/2015,jb009,2.3
99793,01/05/2015,jb009,2.14
99782,30/04/2015,jb009,2
99781,29/04/2015,jb009,1.82
99769,28/04/2015,jb009,2.28
99761,27/04/2015,jb009,1.9
99758,26/04/2015,jb009,2.02
99749,25/04/2015,jb009,1.92
99745,24/04/2015,jb009,1.68
99739,23/04/2015,jb009,1.5
99732,22/04/2015,jb009,1.4
99721,21/04/2015,jb009,1.5
99714,20/04/2015,jb009,1.4
99706,19/04/2015,jb009,1.5
99703,18/04/2015,jb009,1.5
99693,17/04/2015,jb009,1.5
99684,16/04/2015,jb009,2.02
99679,15/04/2015,jb009,1.4
99673,14/04/2015,jb009,1.5
99669,13/04/2015,jb009,1.3
99660,12/04/2015,jb009,1.5
99649,11/04/2015,jb009,1.68
99644,10/04/2015,jb009,1.4
99639,09/04/2015,jb009,1.1
99628,08/04/2015,jb009,1.1
99621,07/04/2015,jb009,1.1
99620,06/04/2015,jb009,1.1
99613,05/04/2015,jb009,1.1
99605,04/04/2015,jb009,1.2
99594,03/04/2015,jb009,1.1
99587,02/04/2015,jb009,1.1
99581,01/04/2015,jb009,1.2
99578,31/03/2015,jb009,1.2
99565,30/03/2015,jb009,1.4
99564,29/03/2015,jb009,1.62
99554,28/03/2015,jb009,1.4
99546,27/03/2015,jb009,1.5
99542,26/03/2015,jb009,1.5
99534,25/03/2015,jb009,
99527,24/03/2015,jb009,
99520,23/03/2015,jb009,
99515,22/03/2015,jb009,
99502,21/03/2015,jb009,
99500,20/03/2015,jb009,
99490,19/03/2015,jb009,
99481,18/03/2015,jb009,
99480,17/03/2015,jb009,
99468,16/03/2015,jb009,
99460,15/03/2015,jb009,
99455,14/03/2015,jb009,
99451,13/03/2015,jb009,
99443,12/03/2015,jb009,
99434,11/03/2015,jb009,
99430,10/03/2015,jb009,
99422,09/03/2015,jb009,
99417,08/03/2015,jb009,
99407,07/03/2015,jb009,
99402,06/03/2015,jb009,
99392,05/03/2015,jb009,
99386,04/03/2015,jb009,
99376,03/03/2015,jb009,
99369,02/03/2015,jb009,
99367,01/03/2015,jb009,
99356,28/02/2015,jb009,
99349,27/02/2015,jb009,
99341,26/02/2015,jb009,
99338,25/02/2015,jb009,
99327,24/02/2015,jb009,
99323,23/02/2015,jb009,
99314,22/02/2015,jb009,
99308,21/02/2015,jb009,
99300,20/02/2015,jb009,
99297,19/02/2015,jb009,
99286,18/02/2015,jb009,
99280,17/02/2015,jb009,
99277,16/02/2015,jb009,
99268,15/02/2015,jb009,
99261,14/02/2015,jb009,
99253,13/02/2015,jb009,
99245,12/02/2015,jb009,
99241,11/02/2015,jb009,
99235,10/02/2015,jb009,
99224,09/02/2015,jb009,
99216,08/02/2015,jb009,
99213,07/02/2015,jb009,
99206,06/02/2015,jb009,
99200,05/02/2015,jb009,
99190,04/02/2015,jb009,
99181,03/02/2015,jb009,
99177,02/02/2015,jb009,
99170,01/02/2015,jb009,
99162,31/01/2015,jb009,
99153,30/01/2015,jb009,
99145,29/01/2015,jb009,
99138,28/01/2015,jb009,
99135,27/01/2015,jb009,
99127,26/01/2015,jb009,
99117,25/01/2015,jb009,
99116,24/01/2015,jb009,
99105,23/01/2015,jb009,
99101,22/01/2015,jb009,
99090,21/01/2015,jb009,
99086,20/01/2015,jb009,
99077,19/01/2015,jb009,
99069,18/01/2015,jb009,
99063,17/01/2015,jb009,
99054,16/01/2015,jb009,
99052,15/01/2015,jb009,
99040,14/01/2015,jb009,
99035,13/01/2015,jb009,
99026,12/01/2015,jb009,
99024,11/01/2015,jb009,
99014,10/01/2015,jb009,
99009,09/01/2015,jb009,
98998,08/01/2015,jb009,
98993,07/01/2015,jb009,
98985,06/01/2015,jb009,
98977,05/01/2015,jb009,
98972,04/01/2015,jb009,
98964,03/01/2015,jb009,
98956,02/01/2015,jb009,
98955,01/01/2015,jb009,
