,date,station_id,station_name,station_latitude,station_longitude,forecast_latitude,forecast_longitude,temperature_2m,precipitation_probability,precipitation
0,2024-11-12 21:00:00+00:00,17,Bardheere,2.35,42.2833,2.375,42.25,25.994,80.0,1.1
1,2024-11-12 22:00:00+00:00,17,Bardheere,2.35,42.2833,2.375,42.25,25.694,75.0,0.5
2,2024-11-12 23:00:00+00:00,17,Bardheere,2.35,42.2833,2.375,42.25,25.293999,50.0,0.0
3,2024-11-13 00:00:00+00:00,17,Bardheere,2.35,42.2833,2.375,42.25,24.894,38.0,0.0
4,2024-11-13 01:00:00+00:00,17,Bardheere,2.35,42.2833,2.375,42.25,24.644,35.0,0.0
5,2024-11-13 02:00:00+00:00,17,Bardheere,2.35,42.2833,2.375,42.25,24.694,18.0,0.0
6,2024-11-13 03:00:00+00:00,17,Bardheere,2.35,42.2833,2.375,42.25,24.694,5.0,0.0
7,2024-11-13 04:00:00+00:00,17,Bardheere,2.35,42.2833,2.375,42.25,25.144,3.0,0.0
8,2024-11-13 05:00:00+00:00,17,Bardheere,2.35,42.2833,2.375,42.25,26.043999,3.0,0.0
9,2024-11-13 06:00:00+00:00,17,Bardheere,2.35,42.2833,2.375,42.25,27.094,0.0,0.0
10,2024-11-13 07:00:00+00:00,17,Bardheere,2.35,42.2833,2.375,42.25,28.244,5.0,0.0
11,2024-11-13 08:00:00+00:00,17,Bardheere,2.35,42.2833,2.375,42.25,29.394,13.0,0.0
12,2024-11-13 09:00:00+00:00,17,Bardheere,2.35,42.2833,2.375,42.25,30.344,13.0,0.0
13,2024-11-13 10:00:00+00:00,17,Bardheere,2.35,42.2833,2.375,42.25,31.194,35.0,0.0
14,2024-11-13 11:00:00+00:00,17,Bardheere,2.35,42.2833,2.375,42.25,31.293999,48.0,0.1
15,2024-11-13 12:00:00+00:00,17,Bardheere,2.35,42.2833,2.375,42.25,31.043999,43.0,0.1
16,2024-11-13 13:00:00+00:00,17,Bardheere,2.35,42.2833,2.375,42.25,30.793999,50.0,0.1
17,2024-11-13 14:00:00+00:00,17,Bardheere,2.35,42.2833,2.375,42.25,30.594,50.0,0.0
18,2024-11-13 15:00:00+00:00,17,Bardheere,2.35,42.2833,2.375,42.25,29.894,38.0,0.0
19,2024-11-13 16:00:00+00:00,17,Bardheere,2.35,42.2833,2.375,42.25,28.844,15.0,0.0
20,2024-11-13 17:00:00+00:00,17,Bardheere,2.35,42.2833,2.375,42.25,28.293999,20.0,0.0
21,2024-11-13 18:00:00+00:00,17,Bardheere,2.35,42.2833,2.375,42.25,27.744,20.0,0.8
22,2024-11-13 19:00:00+00:00,17,Bardheere,2.35,42.2833,2.375,42.25,26.744,18.0,3.1
23,2024-11-13 20:00:00+00:00,17,Bardheere,2.35,42.2833,2.375,42.25,26.043999,8.0,1.4
24,2024-11-13 21:00:00+00:00,17,Bardheere,2.35,42.2833,2.375,42.25,25.744,0.0,0.0
25,2024-11-13 22:00:00+00:00,17,Bardheere,2.35,42.2833,2.375,42.25,25.494,0.0,0.0
26,2024-11-13 23:00:00+00:00,17,Bardheere,2.35,42.2833,2.375,42.25,25.344,0.0,0.0
27,2024-11-14 00:00:00+00:00,17,Bardheere,2.35,42.2833,2.375,42.25,25.094,0.0,0.0
28,2024-11-14 01:00:00+00:00,17,Bardheere,2.35,42.2833,2.375,42.25,24.894,0.0,0.0
29,2024-11-14 02:00:00+00:00,17,Bardheere,2.35,42.2833,2.375,42.25,24.844,0.0,0.0
30,2024-11-14 03:00:00+00:00,17,Bardheere,2.35,42.2833,2.375,42.25,24.894,0.0,0.0
31,2024-11-14 04:00:00+00:00,17,Bardheere,2.35,42.2833,2.375,42.25,25.293999,0.0,0.0
32,2024-11-14 05:00:00+00:00,17,Bardheere,2.35,42.2833,2.375,42.25,26.144,0.0,0.0
33,2024-11-14 06:00:00+00:00,17,Bardheere,2.35,42.2833,2.375,42.25,27.394,0.0,0.0
34,2024-11-14 07:00:00+00:00,17,Bardheere,2.35,42.2833,2.375,42.25,28.994,23.0,0.0
35,2024-11-14 08:00:00+00:00,17,Bardheere,2.35,42.2833,2.375,42.25,30.194,50.0,0.0
36,2024-11-14 09:00:00+00:00,17,Bardheere,2.35,42.2833,2.375,42.25,31.194,40.0,0.1
37,2024-11-14 10:00:00+00:00,17,Bardheere,2.35,42.2833,2.375,42.25,31.994,30.0,0.0
38,2024-11-14 11:00:00+00:00,17,Bardheere,2.35,42.2833,2.375,42.25,32.593998,23.0,0.0
39,2024-11-14 12:00:00+00:00,17,Bardheere,2.35,42.2833,2.375,42.25,32.344,13.0,0.1
40,2024-11-14 13:00:00+00:00,17,Bardheere,2.35,42.2833,2.375,42.25,31.894,14.0,0.1
41,2024-11-14 14:00:00+00:00,17,Bardheere,2.35,42.2833,2.375,42.25,31.344,20.0,0.1
42,2024-11-14 15:00:00+00:00,17,Bardheere,2.35,42.2833,2.375,42.25,30.344,23.0,0.0
43,2024-11-14 16:00:00+00:00,17,Bardheere,2.35,42.2833,2.375,42.25,29.194,20.0,0.0
44,2024-11-14 17:00:00+00:00,17,Bardheere,2.35,42.2833,2.375,42.25,28.293999,14.0,0.0
45,2024-11-14 18:00:00+00:00,17,Bardheere,2.35,42.2833,2.375,42.25,27.444,10.0,0.0
46,2024-11-14 19:00:00+00:00,17,Bardheere,2.35,42.2833,2.375,42.25,26.844,9.0,0.0
47,2024-11-14 20:00:00+00:00,17,Bardheere,2.35,42.2833,2.375,42.25,26.293999,8.0,0.0
48,2024-11-14 21:00:00+00:00,17,Bardheere,2.35,42.2833,2.375,42.25,25.844,8.0,0.0
49,2024-11-14 22:00:00+00:00,17,Bardheere,2.35,42.2833,2.375,42.25,25.644,6.0,0.0
50,2024-11-14 23:00:00+00:00,17,Bardheere,2.35,42.2833,2.375,42.25,25.543999,5.0,0.0
51,2024-11-15 00:00:00+00:00,17,Bardheere,2.35,42.2833,2.375,42.25,25.494,3.0,0.0
52,2024-11-15 01:00:00+00:00,17,Bardheere,2.35,42.2833,2.375,42.25,25.444,2.0,0.0
53,2024-11-15 02:00:00+00:00,17,Bardheere,2.35,42.2833,2.375,42.25,25.293999,1.0,0.0
54,2024-11-15 03:00:00+00:00,17,Bardheere,2.35,42.2833,2.375,42.25,25.144,0.0,0.0
55,2024-11-15 04:00:00+00:00,17,Bardheere,2.35,42.2833,2.375,42.25,25.494,0.0,0.0
56,2024-11-15 05:00:00+00:00,17,Bardheere,2.35,42.2833,2.375,42.25,26.293999,0.0,0.0
57,2024-11-15 06:00:00+00:00,17,Bardheere,2.35,42.2833,2.375,42.25,27.394,0.0,0.0
58,2024-11-15 07:00:00+00:00,17,Bardheere,2.35,42.2833,2.375,42.25,28.844,3.0,0.0
59,2024-11-15 08:00:00+00:00,17,Bardheere,2.35,42.2833,2.375,42.25,30.444,6.0,0.0
60,2024-11-15 09:00:00+00:00,17,Bardheere,2.35,42.2833,2.375,42.25,31.793999,8.0,0.0
61,2024-11-15 10:00:00+00:00,17,Bardheere,2.35,42.2833,2.375,42.25,32.194,2.0,0.1
62,2024-11-15 11:00:00+00:00,17,Bardheere,2.35,42.2833,2.375,42.25,32.644,3.0,0.0
63,2024-11-15 12:00:00+00:00,17,Bardheere,2.35,42.2833,2.375,42.25,33.144,3.0,0.0
64,2024-11-15 13:00:00+00:00,17,Bardheere,2.35,42.2833,2.375,42.25,33.444,3.0,0.0
65,2024-11-15 14:00:00+00:00,17,Bardheere,2.35,42.2833,2.375,42.25,33.294,2.0,0.0
66,2024-11-15 15:00:00+00:00,17,Bardheere,2.35,42.2833,2.375,42.25,32.094,2.0,0.0
67,2024-11-15 16:00:00+00:00,17,Bardheere,2.35,42.2833,2.375,42.25,30.543999,1.0,0.0
68,2024-11-15 17:00:00+00:00,17,Bardheere,2.35,42.2833,2.375,42.25,29.694,0.0,0.0
69,2024-11-15 18:00:00+00:00,17,Bardheere,2.35,42.2833,2.375,42.25,29.244,0.0,0.0
70,2024-11-15 19:00:00+00:00,17,Bardheere,2.35,42.2833,2.375,42.25,28.444,0.0,0.0
71,2024-11-15 20:00:00+00:00,17,Bardheere,2.35,42.2833,2.375,42.25,27.744,0.0,0.0
72,2024-11-15 21:00:00+00:00,17,Bardheere,2.35,42.2833,2.375,42.25,26.793999,0.0,0.0
73,2024-11-15 22:00:00+00:00,17,Bardheere,2.35,42.2833,2.375,42.25,26.244,0.0,0.0
74,2024-11-15 23:00:00+00:00,17,Bardheere,2.35,42.2833,2.375,42.25,25.793999,0.0,0.0
75,2024-11-16 00:00:00+00:00,17,Bardheere,2.35,42.2833,2.375,42.25,25.494,0.0,0.0
76,2024-11-16 01:00:00+00:00,17,Bardheere,2.35,42.2833,2.375,42.25,25.244,0.0,0.0
77,2024-11-16 02:00:00+00:00,17,Bardheere,2.35,42.2833,2.375,42.25,25.043999,0.0,0.0
78,2024-11-16 03:00:00+00:00,17,Bardheere,2.35,42.2833,2.375,42.25,25.144,0.0,0.0
79,2024-11-16 04:00:00+00:00,17,Bardheere,2.35,42.2833,2.375,42.25,25.494,0.0,0.0
80,2024-11-16 05:00:00+00:00,17,Bardheere,2.35,42.2833,2.375,42.25,26.144,0.0,0.0
81,2024-11-16 06:00:00+00:00,17,Bardheere,2.35,42.2833,2.375,42.25,27.043999,0.0,0.0
82,2024-11-16 07:00:00+00:00,17,Bardheere,2.35,42.2833,2.375,42.25,28.494,1.0,0.0
83,2024-11-16 08:00:00+00:00,17,Bardheere,2.35,42.2833,2.375,42.25,30.194,2.0,0.0
84,2024-11-16 09:00:00+00:00,17,Bardheere,2.35,42.2833,2.375,42.25,31.644,3.0,0.0
85,2024-11-16 10:00:00+00:00,17,Bardheere,2.35,42.2833,2.375,42.25,32.593998,4.0,0.0
86,2024-11-16 11:00:00+00:00,17,Bardheere,2.35,42.2833,2.375,42.25,33.244,5.0,0.0
87,2024-11-16 12:00:00+00:00,17,Bardheere,2.35,42.2833,2.375,42.25,33.494,5.0,0.0
88,2024-11-16 13:00:00+00:00,17,Bardheere,2.35,42.2833,2.375,42.25,33.194,5.0,0.0
89,2024-11-16 14:00:00+00:00,17,Bardheere,2.35,42.2833,2.375,42.25,32.494,4.0,0.0
90,2024-11-16 15:00:00+00:00,17,Bardheere,2.35,42.2833,2.375,42.25,31.694,3.0,0.0
91,2024-11-16 16:00:00+00:00,17,Bardheere,2.35,42.2833,2.375,42.25,30.844,2.0,0.0
92,2024-11-16 17:00:00+00:00,17,Bardheere,2.35,42.2833,2.375,42.25,29.844,1.0,0.0
93,2024-11-16 18:00:00+00:00,17,Bardheere,2.35,42.2833,2.375,42.25,28.944,0.0,0.0
94,2024-11-16 19:00:00+00:00,17,Bardheere,2.35,42.2833,2.375,42.25,28.094,0.0,0.0
95,2024-11-16 20:00:00+00:00,17,Bardheere,2.35,42.2833,2.375,42.25,27.344,0.0,0.0
96,2024-11-16 21:00:00+00:00,17,Bardheere,2.35,42.2833,2.375,42.25,26.594,0.0,0.0
97,2024-11-16 22:00:00+00:00,17,Bardheere,2.35,42.2833,2.375,42.25,25.894,0.0,0.0
98,2024-11-16 23:00:00+00:00,17,Bardheere,2.35,42.2833,2.375,42.25,25.293999,0.0,0.0
99,2024-11-17 00:00:00+00:00,17,Bardheere,2.35,42.2833,2.375,42.25,24.744,0.0,0.0
100,2024-11-17 01:00:00+00:00,17,Bardheere,2.35,42.2833,2.375,42.25,24.144,0.0,0.0
101,2024-11-17 02:00:00+00:00,17,Bardheere,2.35,42.2833,2.375,42.25,23.644,0.0,0.0
102,2024-11-17 03:00:00+00:00,17,Bardheere,2.35,42.2833,2.375,42.25,23.644,0.0,0.0
103,2024-11-17 04:00:00+00:00,17,Bardheere,2.35,42.2833,2.375,42.25,24.394,0.0,0.0
104,2024-11-17 05:00:00+00:00,17,Bardheere,2.35,42.2833,2.375,42.25,25.644,0.0,0.0
105,2024-11-17 06:00:00+00:00,17,Bardheere,2.35,42.2833,2.375,42.25,27.043999,0.0,0.0
106,2024-11-17 07:00:00+00:00,17,Bardheere,2.35,42.2833,2.375,42.25,28.694,2.0,0.0
107,2024-11-17 08:00:00+00:00,17,Bardheere,2.35,42.2833,2.375,42.25,30.494,2.0,0.0
108,2024-11-17 09:00:00+00:00,17,Bardheere,2.35,42.2833,2.375,42.25,31.994,2.0,0.0
109,2024-11-17 10:00:00+00:00,17,Bardheere,2.35,42.2833,2.375,42.25,33.093998,3.0,0.0
110,2024-11-17 11:00:00+00:00,17,Bardheere,2.35,42.2833,2.375,42.25,33.944,3.0,0.0
111,2024-11-17 12:00:00+00:00,17,Bardheere,2.35,42.2833,2.375,42.25,34.244,3.0,0.0
112,2024-11-17 13:00:00+00:00,17,Bardheere,2.35,42.2833,2.375,42.25,33.843998,3.0,0.0
113,2024-11-17 14:00:00+00:00,17,Bardheere,2.35,42.2833,2.375,42.25,32.944,3.0,0.0
114,2024-11-17 15:00:00+00:00,17,Bardheere,2.35,42.2833,2.375,42.25,32.044,3.0,0.0
115,2024-11-17 16:00:00+00:00,17,Bardheere,2.35,42.2833,2.375,42.25,31.293999,2.0,0.0
116,2024-11-17 17:00:00+00:00,17,Bardheere,2.35,42.2833,2.375,42.25,30.594,2.0,0.0
117,2024-11-17 18:00:00+00:00,17,Bardheere,2.35,42.2833,2.375,42.25,30.094,2.0,0.0
118,2024-11-17 19:00:00+00:00,17,Bardheere,2.35,42.2833,2.375,42.25,28.094,1.0,0.0
119,2024-11-17 20:00:00+00:00,17,Bardheere,2.35,42.2833,2.375,42.25,27.543999,1.0,0.0
120,2024-11-17 21:00:00+00:00,17,Bardheere,2.35,42.2833,2.375,42.25,26.944,0.0,0.0
121,2024-11-17 22:00:00+00:00,17,Bardheere,2.35,42.2833,2.375,42.25,26.144,0.0,0.0
122,2024-11-17 23:00:00+00:00,17,Bardheere,2.35,42.2833,2.375,42.25,25.293999,0.0,0.0
123,2024-11-18 00:00:00+00:00,17,Bardheere,2.35,42.2833,2.375,42.25,24.644,0.0,0.0
124,2024-11-18 01:00:00+00:00,17,Bardheere,2.35,42.2833,2.375,42.25,24.244,0.0,0.0
125,2024-11-18 02:00:00+00:00,17,Bardheere,2.35,42.2833,2.375,42.25,24.043999,0.0,0.0
126,2024-11-18 03:00:00+00:00,17,Bardheere,2.35,42.2833,2.375,42.25,24.293999,0.0,0.0
127,2024-11-18 04:00:00+00:00,17,Bardheere,2.35,42.2833,2.375,42.25,25.244,0.0,0.0
128,2024-11-18 05:00:00+00:00,17,Bardheere,2.35,42.2833,2.375,42.25,26.594,0.0,0.0
129,2024-11-18 06:00:00+00:00,17,Bardheere,2.35,42.2833,2.375,42.25,27.944,1.0,0.0
130,2024-11-18 07:00:00+00:00,17,Bardheere,2.35,42.2833,2.375,42.25,29.144,1.0,0.0
131,2024-11-18 08:00:00+00:00,17,Bardheere,2.35,42.2833,2.375,42.25,30.344,1.0,0.0
132,2024-11-18 09:00:00+00:00,17,Bardheere,2.35,42.2833,2.375,42.25,31.293999,2.0,0.0
133,2024-11-18 10:00:00+00:00,17,Bardheere,2.35,42.2833,2.375,42.25,31.944,2.0,0.0
134,2024-11-18 11:00:00+00:00,17,Bardheere,2.35,42.2833,2.375,42.25,32.394,2.0,0.0
135,2024-11-18 12:00:00+00:00,17,Bardheere,2.35,42.2833,2.375,42.25,32.394,3.0,0.0
136,2024-11-18 13:00:00+00:00,17,Bardheere,2.35,42.2833,2.375,42.25,31.844,4.0,0.1
137,2024-11-18 14:00:00+00:00,17,Bardheere,2.35,42.2833,2.375,42.25,30.894,4.0,0.1
138,2024-11-18 15:00:00+00:00,17,Bardheere,2.35,42.2833,2.375,42.25,29.944,5.0,0.1
139,2024-11-18 16:00:00+00:00,17,Bardheere,2.35,42.2833,2.375,42.25,29.144,6.0,0.0
140,2024-11-18 17:00:00+00:00,17,Bardheere,2.35,42.2833,2.375,42.25,28.394,7.0,0.0
141,2024-11-18 18:00:00+00:00,17,Bardheere,2.35,42.2833,2.375,42.25,27.694,8.0,0.0
142,2024-11-18 19:00:00+00:00,17,Bardheere,2.35,42.2833,2.375,42.25,27.144,9.0,0.7
143,2024-11-18 20:00:00+00:00,17,Bardheere,2.35,42.2833,2.375,42.25,26.694,10.0,0.7
144,2024-11-18 21:00:00+00:00,17,Bardheere,2.35,42.2833,2.375,42.25,26.293999,11.0,0.7
145,2024-11-18 22:00:00+00:00,17,Bardheere,2.35,42.2833,2.375,42.25,25.944,12.0,0.7
146,2024-11-18 23:00:00+00:00,17,Bardheere,2.35,42.2833,2.375,42.25,25.694,12.0,0.7
147,2024-11-19 00:00:00+00:00,17,Bardheere,2.35,42.2833,2.375,42.25,25.494,13.0,0.7
148,2024-11-19 01:00:00+00:00,17,Bardheere,2.35,42.2833,2.375,42.25,25.293999,13.0,0.0
149,2024-11-19 02:00:00+00:00,17,Bardheere,2.35,42.2833,2.375,42.25,25.144,14.0,0.0
150,2024-11-19 03:00:00+00:00,17,Bardheere,2.35,42.2833,2.375,42.25,25.293999,14.0,0.0
151,2024-11-19 04:00:00+00:00,17,Bardheere,2.35,42.2833,2.375,42.25,25.994,13.0,0.0
152,2024-11-19 05:00:00+00:00,17,Bardheere,2.35,42.2833,2.375,42.25,26.994,13.0,0.0
153,2024-11-19 06:00:00+00:00,17,Bardheere,2.35,42.2833,2.375,42.25,28.043999,13.0,0.0
154,2024-11-19 07:00:00+00:00,17,Bardheere,2.35,42.2833,2.375,42.25,29.144,13.0,0.1
155,2024-11-19 08:00:00+00:00,17,Bardheere,2.35,42.2833,2.375,42.25,30.293999,13.0,0.1
156,2024-11-19 09:00:00+00:00,17,Bardheere,2.35,42.2833,2.375,42.25,31.293999,13.0,0.1
157,2024-11-19 10:00:00+00:00,17,Bardheere,2.35,42.2833,2.375,42.25,32.094,14.0,0.0
158,2024-11-19 11:00:00+00:00,17,Bardheere,2.35,42.2833,2.375,42.25,32.744,14.0,0.0
159,2024-11-19 12:00:00+00:00,17,Bardheere,2.35,42.2833,2.375,42.25,32.994,15.0,0.0
160,2024-11-19 13:00:00+00:00,17,Bardheere,2.35,42.2833,2.375,42.25,32.644,16.0,0.0
161,2024-11-19 14:00:00+00:00,17,Bardheere,2.35,42.2833,2.375,42.25,31.894,18.0,0.0
162,2024-11-19 15:00:00+00:00,17,Bardheere,2.35,42.2833,2.375,42.25,31.094,20.0,0.0
163,2024-11-19 16:00:00+00:00,17,Bardheere,2.35,42.2833,2.375,42.25,30.344,22.0,0.0
164,2024-11-19 17:00:00+00:00,17,Bardheere,2.35,42.2833,2.375,42.25,29.594,24.0,0.0
165,2024-11-19 18:00:00+00:00,17,Bardheere,2.35,42.2833,2.375,42.25,28.844,27.0,0.0
166,2024-11-19 19:00:00+00:00,17,Bardheere,2.35,42.2833,2.375,42.25,28.194,29.0,0.0
167,2024-11-19 20:00:00+00:00,17,Bardheere,2.35,42.2833,2.375,42.25,27.543999,31.0,0.0
168,2024-11-12 21:00:00+00:00,4,Belet Weyne,4.7358,45.2036,4.75,45.25,26.748499,8.0,0.0
169,2024-11-12 22:00:00+00:00,4,Belet Weyne,4.7358,45.2036,4.75,45.25,26.3485,3.0,0.0
170,2024-11-12 23:00:00+00:00,4,Belet Weyne,4.7358,45.2036,4.75,45.25,25.748499,13.0,0.7
171,2024-11-13 00:00:00+00:00,4,Belet Weyne,4.7358,45.2036,4.75,45.25,25.3985,25.0,0.6
172,2024-11-13 01:00:00+00:00,4,Belet Weyne,4.7358,45.2036,4.75,45.25,24.748499,33.0,2.0
173,2024-11-13 02:00:00+00:00,4,Belet Weyne,4.7358,45.2036,4.75,45.25,24.6485,50.0,1.0
174,2024-11-13 03:00:00+00:00,4,Belet Weyne,4.7358,45.2036,4.75,45.25,24.5985,70.0,0.5
175,2024-11-13 04:00:00+00:00,4,Belet Weyne,4.7358,45.2036,4.75,45.25,24.998499,68.0,0.3
176,2024-11-13 05:00:00+00:00,4,Belet Weyne,4.7358,45.2036,4.75,45.25,25.748499,73.0,0.2
177,2024-11-13 06:00:00+00:00,4,Belet Weyne,4.7358,45.2036,4.75,45.25,26.7985,63.0,0.2
178,2024-11-13 07:00:00+00:00,4,Belet Weyne,4.7358,45.2036,4.75,45.25,27.8985,45.0,0.1
179,2024-11-13 08:00:00+00:00,4,Belet Weyne,4.7358,45.2036,4.75,45.25,28.8485,45.0,0.0
180,2024-11-13 09:00:00+00:00,4,Belet Weyne,4.7358,45.2036,4.75,45.25,28.9485,33.0,0.1
181,2024-11-13 10:00:00+00:00,4,Belet Weyne,4.7358,45.2036,4.75,45.25,27.9485,35.0,1.4
182,2024-11-13 11:00:00+00:00,4,Belet Weyne,4.7358,45.2036,4.75,45.25,28.4485,25.0,0.2
183,2024-11-13 12:00:00+00:00,4,Belet Weyne,4.7358,45.2036,4.75,45.25,29.1485,20.0,0.0
184,2024-11-13 13:00:00+00:00,4,Belet Weyne,4.7358,45.2036,4.75,45.25,29.248499,18.0,0.0
185,2024-11-13 14:00:00+00:00,4,Belet Weyne,4.7358,45.2036,4.75,45.25,28.6985,15.0,0.0
186,2024-11-13 15:00:00+00:00,4,Belet Weyne,4.7358,45.2036,4.75,45.25,27.6485,8.0,0.0
187,2024-11-13 16:00:00+00:00,4,Belet Weyne,4.7358,45.2036,4.75,45.25,26.7985,3.0,0.0
188,2024-11-13 17:00:00+00:00,4,Belet Weyne,4.7358,45.2036,4.75,45.25,25.998499,3.0,0.0
189,2024-11-13 18:00:00+00:00,4,Belet Weyne,4.7358,45.2036,4.75,45.25,25.4485,0.0,0.0
190,2024-11-13 19:00:00+00:00,4,Belet Weyne,4.7358,45.2036,4.75,45.25,24.8485,0.0,0.0
191,2024-11-13 20:00:00+00:00,4,Belet Weyne,4.7358,45.2036,4.75,45.25,24.1985,0.0,0.0
192,2024-11-13 21:00:00+00:00,4,Belet Weyne,4.7358,45.2036,4.75,45.25,23.6985,0.0,0.0
193,2024-11-13 22:00:00+00:00,4,Belet Weyne,4.7358,45.2036,4.75,45.25,23.3485,0.0,0.0
194,2024-11-13 23:00:00+00:00,4,Belet Weyne,4.7358,45.2036,4.75,45.25,23.0485,0.0,0.0
195,2024-11-14 00:00:00+00:00,4,Belet Weyne,4.7358,45.2036,4.75,45.25,22.998499,10.0,0.0
196,2024-11-14 01:00:00+00:00,4,Belet Weyne,4.7358,45.2036,4.75,45.25,23.3985,45.0,0.3
197,2024-11-14 02:00:00+00:00,4,Belet Weyne,4.7358,45.2036,4.75,45.25,23.248499,58.0,0.5
198,2024-11-14 03:00:00+00:00,4,Belet Weyne,4.7358,45.2036,4.75,45.25,23.1985,53.0,0.6
199,2024-11-14 04:00:00+00:00,4,Belet Weyne,4.7358,45.2036,4.75,45.25,23.6485,45.0,0.3
200,2024-11-14 05:00:00+00:00,4,Belet Weyne,4.7358,45.2036,4.75,45.25,24.8485,25.0,0.0
201,2024-11-14 06:00:00+00:00,4,Belet Weyne,4.7358,45.2036,4.75,45.25,26.3985,10.0,0.0
202,2024-11-14 07:00:00+00:00,4,Belet Weyne,4.7358,45.2036,4.75,45.25,27.998499,8.0,0.0
203,2024-11-14 08:00:00+00:00,4,Belet Weyne,4.7358,45.2036,4.75,45.25,29.6985,0.0,0.0
204,2024-11-14 09:00:00+00:00,4,Belet Weyne,4.7358,45.2036,4.75,45.25,31.1485,5.0,0.0
205,2024-11-14 10:00:00+00:00,4,Belet Weyne,4.7358,45.2036,4.75,45.25,32.2485,3.0,0.0
206,2024-11-14 11:00:00+00:00,4,Belet Weyne,4.7358,45.2036,4.75,45.25,33.0485,0.0,0.0
207,2024-11-14 12:00:00+00:00,4,Belet Weyne,4.7358,45.2036,4.75,45.25,33.2985,0.0,0.0
208,2024-11-14 13:00:00+00:00,4,Belet Weyne,4.7358,45.2036,4.75,45.25,33.148502,0.0,0.0
209,2024-11-14 14:00:00+00:00,4,Belet Weyne,4.7358,45.2036,4.75,45.25,32.648502,0.0,0.0
210,2024-11-14 15:00:00+00:00,4,Belet Weyne,4.7358,45.2036,4.75,45.25,30.8485,0.0,0.0
211,2024-11-14 16:00:00+00:00,4,Belet Weyne,4.7358,45.2036,4.75,45.25,28.998499,0.0,0.0
212,2024-11-14 17:00:00+00:00,4,Belet Weyne,4.7358,45.2036,4.75,45.25,27.2985,0.0,0.0
213,2024-11-14 18:00:00+00:00,4,Belet Weyne,4.7358,45.2036,4.75,45.25,26.5485,0.0,0.0
214,2024-11-14 19:00:00+00:00,4,Belet Weyne,4.7358,45.2036,4.75,45.25,26.2985,0.0,0.0
215,2024-11-14 20:00:00+00:00,4,Belet Weyne,4.7358,45.2036,4.75,45.25,26.498499,0.0,0.0
216,2024-11-14 21:00:00+00:00,4,Belet Weyne,4.7358,45.2036,4.75,45.25,25.8985,0.0,0.0
217,2024-11-14 22:00:00+00:00,4,Belet Weyne,4.7358,45.2036,4.75,45.25,25.248499,0.0,0.0
218,2024-11-14 23:00:00+00:00,4,Belet Weyne,4.7358,45.2036,4.75,45.25,24.748499,0.0,0.0
219,2024-11-15 00:00:00+00:00,4,Belet Weyne,4.7358,45.2036,4.75,45.25,24.1485,0.0,0.0
220,2024-11-15 01:00:00+00:00,4,Belet Weyne,4.7358,45.2036,4.75,45.25,23.6485,0.0,0.0
221,2024-11-15 02:00:00+00:00,4,Belet Weyne,4.7358,45.2036,4.75,45.25,23.4485,0.0,0.0
222,2024-11-15 03:00:00+00:00,4,Belet Weyne,4.7358,45.2036,4.75,45.25,23.3985,0.0,0.0
223,2024-11-15 04:00:00+00:00,4,Belet Weyne,4.7358,45.2036,4.75,45.25,24.1985,0.0,0.0
224,2024-11-15 05:00:00+00:00,4,Belet Weyne,4.7358,45.2036,4.75,45.25,25.8485,0.0,0.0
225,2024-11-15 06:00:00+00:00,4,Belet Weyne,4.7358,45.2036,4.75,45.25,27.6985,0.0,0.0
226,2024-11-15 07:00:00+00:00,4,Belet Weyne,4.7358,45.2036,4.75,45.25,29.5985,0.0,0.0
227,2024-11-15 08:00:00+00:00,4,Belet Weyne,4.7358,45.2036,4.75,45.25,31.4485,0.0,0.0
228,2024-11-15 09:00:00+00:00,4,Belet Weyne,4.7358,45.2036,4.75,45.25,32.9485,0.0,0.0
229,2024-11-15 10:00:00+00:00,4,Belet Weyne,4.7358,45.2036,4.75,45.25,34.148502,0.0,0.0
230,2024-11-15 11:00:00+00:00,4,Belet Weyne,4.7358,45.2036,4.75,45.25,34.848503,0.0,0.0
231,2024-11-15 12:00:00+00:00,4,Belet Weyne,4.7358,45.2036,4.75,45.25,34.9985,0.0,0.0
232,2024-11-15 13:00:00+00:00,4,Belet Weyne,4.7358,45.2036,4.75,45.25,34.648502,0.0,0.0
233,2024-11-15 14:00:00+00:00,4,Belet Weyne,4.7358,45.2036,4.75,45.25,33.7985,0.0,0.0
234,2024-11-15 15:00:00+00:00,4,Belet Weyne,4.7358,45.2036,4.75,45.25,31.6485,0.0,0.0
235,2024-11-15 16:00:00+00:00,4,Belet Weyne,4.7358,45.2036,4.75,45.25,29.3485,0.0,0.0
236,2024-11-15 17:00:00+00:00,4,Belet Weyne,4.7358,45.2036,4.75,45.25,27.2985,0.0,0.0
237,2024-11-15 18:00:00+00:00,4,Belet Weyne,4.7358,45.2036,4.75,45.25,25.5485,0.0,0.0
238,2024-11-15 19:00:00+00:00,4,Belet Weyne,4.7358,45.2036,4.75,45.25,24.0485,0.0,0.0
239,2024-11-15 20:00:00+00:00,4,Belet Weyne,4.7358,45.2036,4.75,45.25,22.748499,0.0,0.0
240,2024-11-15 21:00:00+00:00,4,Belet Weyne,4.7358,45.2036,4.75,45.25,23.6985,0.0,0.0
241,2024-11-15 22:00:00+00:00,4,Belet Weyne,4.7358,45.2036,4.75,45.25,22.998499,0.0,0.0
242,2024-11-15 23:00:00+00:00,4,Belet Weyne,4.7358,45.2036,4.75,45.25,22.6485,0.0,0.0
243,2024-11-16 00:00:00+00:00,4,Belet Weyne,4.7358,45.2036,4.75,45.25,22.4485,0.0,0.0
244,2024-11-16 01:00:00+00:00,4,Belet Weyne,4.7358,45.2036,4.75,45.25,21.8485,0.0,0.0
245,2024-11-16 02:00:00+00:00,4,Belet Weyne,4.7358,45.2036,4.75,45.25,21.3485,0.0,0.0
246,2024-11-16 03:00:00+00:00,4,Belet Weyne,4.7358,45.2036,4.75,45.25,21.4485,0.0,0.0
247,2024-11-16 04:00:00+00:00,4,Belet Weyne,4.7358,45.2036,4.75,45.25,22.6485,0.0,0.0
248,2024-11-16 05:00:00+00:00,4,Belet Weyne,4.7358,45.2036,4.75,45.25,24.498499,0.0,0.0
249,2024-11-16 06:00:00+00:00,4,Belet Weyne,4.7358,45.2036,4.75,45.25,26.498499,0.0,0.0
250,2024-11-16 07:00:00+00:00,4,Belet Weyne,4.7358,45.2036,4.75,45.25,28.748499,0.0,0.0
251,2024-11-16 08:00:00+00:00,4,Belet Weyne,4.7358,45.2036,4.75,45.25,31.0985,0.0,0.0
252,2024-11-16 09:00:00+00:00,4,Belet Weyne,4.7358,45.2036,4.75,45.25,33.098503,0.0,0.0
253,2024-11-16 10:00:00+00:00,4,Belet Weyne,4.7358,45.2036,4.75,45.25,34.5485,0.0,0.0
254,2024-11-16 11:00:00+00:00,4,Belet Weyne,4.7358,45.2036,4.75,45.25,35.5485,0.0,0.0
255,2024-11-16 12:00:00+00:00,4,Belet Weyne,4.7358,45.2036,4.75,45.25,35.898502,0.0,0.0
256,2024-11-16 13:00:00+00:00,4,Belet Weyne,4.7358,45.2036,4.75,45.25,35.2485,0.0,0.0
257,2024-11-16 14:00:00+00:00,4,Belet Weyne,4.7358,45.2036,4.75,45.25,33.9485,0.0,0.0
258,2024-11-16 15:00:00+00:00,4,Belet Weyne,4.7358,45.2036,4.75,45.25,32.4985,0.0,0.0
259,2024-11-16 16:00:00+00:00,4,Belet Weyne,4.7358,45.2036,4.75,45.25,30.8985,0.0,0.0
260,2024-11-16 17:00:00+00:00,4,Belet Weyne,4.7358,45.2036,4.75,45.25,29.0985,0.0,0.0
261,2024-11-16 18:00:00+00:00,4,Belet Weyne,4.7358,45.2036,4.75,45.25,27.7985,0.0,0.0
262,2024-11-16 19:00:00+00:00,4,Belet Weyne,4.7358,45.2036,4.75,45.25,27.3485,0.0,0.0
263,2024-11-16 20:00:00+00:00,4,Belet Weyne,4.7358,45.2036,4.75,45.25,27.3485,0.0,0.0
264,2024-11-16 21:00:00+00:00,4,Belet Weyne,4.7358,45.2036,4.75,45.25,27.1985,0.0,0.0
265,2024-11-16 22:00:00+00:00,4,Belet Weyne,4.7358,45.2036,4.75,45.25,26.5485,0.0,0.0
266,2024-11-16 23:00:00+00:00,4,Belet Weyne,4.7358,45.2036,4.75,45.25,25.6985,0.0,0.0
267,2024-11-17 00:00:00+00:00,4,Belet Weyne,4.7358,45.2036,4.75,45.25,24.998499,0.0,0.0
268,2024-11-17 01:00:00+00:00,4,Belet Weyne,4.7358,45.2036,4.75,45.25,24.2985,0.0,0.0
269,2024-11-17 02:00:00+00:00,4,Belet Weyne,4.7358,45.2036,4.75,45.25,23.748499,1.0,0.0
270,2024-11-17 03:00:00+00:00,4,Belet Weyne,4.7358,45.2036,4.75,45.25,23.8985,1.0,0.0
271,2024-11-17 04:00:00+00:00,4,Belet Weyne,4.7358,45.2036,4.75,45.25,25.2985,2.0,0.0
272,2024-11-17 05:00:00+00:00,4,Belet Weyne,4.7358,45.2036,4.75,45.25,27.4485,2.0,0.0
273,2024-11-17 06:00:00+00:00,4,Belet Weyne,4.7358,45.2036,4.75,45.25,29.5485,3.0,0.0
274,2024-11-17 07:00:00+00:00,4,Belet Weyne,4.7358,45.2036,4.75,45.25,31.3985,5.0,0.0
275,2024-11-17 08:00:00+00:00,4,Belet Weyne,4.7358,45.2036,4.75,45.25,33.148502,6.0,0.0
276,2024-11-17 09:00:00+00:00,4,Belet Weyne,4.7358,45.2036,4.75,45.25,34.4985,6.0,0.0
277,2024-11-17 10:00:00+00:00,4,Belet Weyne,4.7358,45.2036,4.75,45.25,35.348503,7.0,0.0
278,2024-11-17 11:00:00+00:00,4,Belet Weyne,4.7358,45.2036,4.75,45.25,35.848503,8.0,0.0
279,2024-11-17 12:00:00+00:00,4,Belet Weyne,4.7358,45.2036,4.75,45.25,35.898502,8.0,0.0
280,2024-11-17 13:00:00+00:00,4,Belet Weyne,4.7358,45.2036,4.75,45.25,35.4985,8.0,0.0
281,2024-11-17 14:00:00+00:00,4,Belet Weyne,4.7358,45.2036,4.75,45.25,34.6985,8.0,0.0
282,2024-11-17 15:00:00+00:00,4,Belet Weyne,4.7358,45.2036,4.75,45.25,33.6985,9.0,0.0
283,2024-11-17 16:00:00+00:00,4,Belet Weyne,4.7358,45.2036,4.75,45.25,32.4485,9.0,0.0
284,2024-11-17 17:00:00+00:00,4,Belet Weyne,4.7358,45.2036,4.75,45.25,30.998499,9.0,0.0
285,2024-11-17 18:00:00+00:00,4,Belet Weyne,4.7358,45.2036,4.75,45.25,29.998499,9.0,0.0
286,2024-11-17 19:00:00+00:00,4,Belet Weyne,4.7358,45.2036,4.75,45.25,29.9485,9.0,0.0
287,2024-11-17 20:00:00+00:00,4,Belet Weyne,4.7358,45.2036,4.75,45.25,28.5485,9.0,0.0
288,2024-11-17 21:00:00+00:00,4,Belet Weyne,4.7358,45.2036,4.75,45.25,27.3985,8.0,0.0
289,2024-11-17 22:00:00+00:00,4,Belet Weyne,4.7358,45.2036,4.75,45.25,26.748499,8.0,0.6
290,2024-11-17 23:00:00+00:00,4,Belet Weyne,4.7358,45.2036,4.75,45.25,26.3485,8.0,0.6
291,2024-11-18 00:00:00+00:00,4,Belet Weyne,4.7358,45.2036,4.75,45.25,26.0985,8.0,0.6
292,2024-11-18 01:00:00+00:00,4,Belet Weyne,4.7358,45.2036,4.75,45.25,25.7985,8.0,0.7
293,2024-11-18 02:00:00+00:00,4,Belet Weyne,4.7358,45.2036,4.75,45.25,25.5985,7.0,0.7
294,2024-11-18 03:00:00+00:00,4,Belet Weyne,4.7358,45.2036,4.75,45.25,25.748499,7.0,0.7
295,2024-11-18 04:00:00+00:00,4,Belet Weyne,4.7358,45.2036,4.75,45.25,26.498499,7.0,0.0
296,2024-11-18 05:00:00+00:00,4,Belet Weyne,4.7358,45.2036,4.75,45.25,27.6485,6.0,0.0
297,2024-11-18 06:00:00+00:00,4,Belet Weyne,4.7358,45.2036,4.75,45.25,28.7985,6.0,0.0
298,2024-11-18 07:00:00+00:00,4,Belet Weyne,4.7358,45.2036,4.75,45.25,29.998499,5.0,0.1
299,2024-11-18 08:00:00+00:00,4,Belet Weyne,4.7358,45.2036,4.75,45.25,31.248499,5.0,0.1
300,2024-11-18 09:00:00+00:00,4,Belet Weyne,4.7358,45.2036,4.75,45.25,32.2485,5.0,0.1
301,2024-11-18 10:00:00+00:00,4,Belet Weyne,4.7358,45.2036,4.75,45.25,33.0485,5.0,0.0
302,2024-11-18 11:00:00+00:00,4,Belet Weyne,4.7358,45.2036,4.75,45.25,33.648502,5.0,0.0
303,2024-11-18 12:00:00+00:00,4,Belet Weyne,4.7358,45.2036,4.75,45.25,33.7985,5.0,0.0
304,2024-11-18 13:00:00+00:00,4,Belet Weyne,4.7358,45.2036,4.75,45.25,33.398502,6.0,0.0
305,2024-11-18 14:00:00+00:00,4,Belet Weyne,4.7358,45.2036,4.75,45.25,32.598503,7.0,0.0
306,2024-11-18 15:00:00+00:00,4,Belet Weyne,4.7358,45.2036,4.75,45.25,31.498499,8.0,0.0
307,2024-11-18 16:00:00+00:00,4,Belet Weyne,4.7358,45.2036,4.75,45.25,29.998499,9.0,0.9
308,2024-11-18 17:00:00+00:00,4,Belet Weyne,4.7358,45.2036,4.75,45.25,28.2985,10.0,0.9
309,2024-11-18 18:00:00+00:00,4,Belet Weyne,4.7358,45.2036,4.75,45.25,26.8985,12.0,0.9
310,2024-11-18 19:00:00+00:00,4,Belet Weyne,4.7358,45.2036,4.75,45.25,26.1985,13.0,0.7
311,2024-11-18 20:00:00+00:00,4,Belet Weyne,4.7358,45.2036,4.75,45.25,25.7985,15.0,0.7
312,2024-11-18 21:00:00+00:00,4,Belet Weyne,4.7358,45.2036,4.75,45.25,25.5485,16.0,0.7
313,2024-11-18 22:00:00+00:00,4,Belet Weyne,4.7358,45.2036,4.75,45.25,25.3485,17.0,0.0
314,2024-11-18 23:00:00+00:00,4,Belet Weyne,4.7358,45.2036,4.75,45.25,25.248499,18.0,0.0
315,2024-11-19 00:00:00+00:00,4,Belet Weyne,4.7358,45.2036,4.75,45.25,25.0985,18.0,0.0
316,2024-11-19 01:00:00+00:00,4,Belet Weyne,4.7358,45.2036,4.75,45.25,24.7985,18.0,0.0
317,2024-11-19 02:00:00+00:00,4,Belet Weyne,4.7358,45.2036,4.75,45.25,24.4485,18.0,0.0
318,2024-11-19 03:00:00+00:00,4,Belet Weyne,4.7358,45.2036,4.75,45.25,24.498499,17.0,0.0
319,2024-11-19 04:00:00+00:00,4,Belet Weyne,4.7358,45.2036,4.75,45.25,25.0985,16.0,0.0
320,2024-11-19 05:00:00+00:00,4,Belet Weyne,4.7358,45.2036,4.75,45.25,26.0485,15.0,0.0
321,2024-11-19 06:00:00+00:00,4,Belet Weyne,4.7358,45.2036,4.75,45.25,27.1985,14.0,0.0
322,2024-11-19 07:00:00+00:00,4,Belet Weyne,4.7358,45.2036,4.75,45.25,28.6985,13.0,0.0
323,2024-11-19 08:00:00+00:00,4,Belet Weyne,4.7358,45.2036,4.75,45.25,30.3985,12.0,0.0
324,2024-11-19 09:00:00+00:00,4,Belet Weyne,4.7358,45.2036,4.75,45.25,31.8485,11.0,0.0
325,2024-11-19 10:00:00+00:00,4,Belet Weyne,4.7358,45.2036,4.75,45.25,32.9985,10.0,0.0
326,2024-11-19 11:00:00+00:00,4,Belet Weyne,4.7358,45.2036,4.75,45.25,33.848503,9.0,0.0
327,2024-11-19 12:00:00+00:00,4,Belet Weyne,4.7358,45.2036,4.75,45.25,34.1985,8.0,0.0
328,2024-11-19 13:00:00+00:00,4,Belet Weyne,4.7358,45.2036,4.75,45.25,33.848503,7.0,0.0
329,2024-11-19 14:00:00+00:00,4,Belet Weyne,4.7358,45.2036,4.75,45.25,32.9985,7.0,0.0
330,2024-11-19 15:00:00+00:00,4,Belet Weyne,4.7358,45.2036,4.75,45.25,31.7985,6.0,0.0
331,2024-11-19 16:00:00+00:00,4,Belet Weyne,4.7358,45.2036,4.75,45.25,30.1485,6.0,0.0
332,2024-11-19 17:00:00+00:00,4,Belet Weyne,4.7358,45.2036,4.75,45.25,28.1485,5.0,0.0
333,2024-11-19 18:00:00+00:00,4,Belet Weyne,4.7358,45.2036,4.75,45.25,26.5485,5.0,0.0
334,2024-11-19 19:00:00+00:00,4,Belet Weyne,4.7358,45.2036,4.75,45.25,25.6485,4.0,0.0
335,2024-11-19 20:00:00+00:00,4,Belet Weyne,4.7358,45.2036,4.75,45.25,25.1485,4.0,0.0
336,2024-11-12 21:00:00+00:00,3,Bualle,1.2536051,42.5681412,1.25,42.625,25.539,33.0,0.3
337,2024-11-12 22:00:00+00:00,3,Bualle,1.2536051,42.5681412,1.25,42.625,25.389,25.0,0.1
338,2024-11-12 23:00:00+00:00,3,Bualle,1.2536051,42.5681412,1.25,42.625,25.039,25.0,0.8
339,2024-11-13 00:00:00+00:00,3,Bualle,1.2536051,42.5681412,1.25,42.625,25.039,20.0,0.0
340,2024-11-13 01:00:00+00:00,3,Bualle,1.2536051,42.5681412,1.25,42.625,25.039,10.0,0.0
341,2024-11-13 02:00:00+00:00,3,Bualle,1.2536051,42.5681412,1.25,42.625,25.039,8.0,0.0
342,2024-11-13 03:00:00+00:00,3,Bualle,1.2536051,42.5681412,1.25,42.625,24.989,5.0,0.0
343,2024-11-13 04:00:00+00:00,3,Bualle,1.2536051,42.5681412,1.25,42.625,25.539,3.0,0.0
344,2024-11-13 05:00:00+00:00,3,Bualle,1.2536051,42.5681412,1.25,42.625,26.689,0.0,0.0
345,2024-11-13 06:00:00+00:00,3,Bualle,1.2536051,42.5681412,1.25,42.625,27.989,0.0,0.0
346,2024-11-13 07:00:00+00:00,3,Bualle,1.2536051,42.5681412,1.25,42.625,29.689,0.0,0.0
347,2024-11-13 08:00:00+00:00,3,Bualle,1.2536051,42.5681412,1.25,42.625,31.239,3.0,0.0
348,2024-11-13 09:00:00+00:00,3,Bualle,1.2536051,42.5681412,1.25,42.625,32.439003,8.0,0.0
349,2024-11-13 10:00:00+00:00,3,Bualle,1.2536051,42.5681412,1.25,42.625,33.039,18.0,0.1
350,2024-11-13 11:00:00+00:00,3,Bualle,1.2536051,42.5681412,1.25,42.625,33.389,20.0,0.0
351,2024-11-13 12:00:00+00:00,3,Bualle,1.2536051,42.5681412,1.25,42.625,33.139,23.0,0.0
352,2024-11-13 13:00:00+00:00,3,Bualle,1.2536051,42.5681412,1.25,42.625,32.339,30.0,0.0
353,2024-11-13 14:00:00+00:00,3,Bualle,1.2536051,42.5681412,1.25,42.625,30.989,53.0,0.3
354,2024-11-13 15:00:00+00:00,3,Bualle,1.2536051,42.5681412,1.25,42.625,28.338999,60.0,3.9
355,2024-11-13 16:00:00+00:00,3,Bualle,1.2536051,42.5681412,1.25,42.625,26.739,60.0,3.5
356,2024-11-13 17:00:00+00:00,3,Bualle,1.2536051,42.5681412,1.25,42.625,26.239,63.0,3.0
357,2024-11-13 18:00:00+00:00,3,Bualle,1.2536051,42.5681412,1.25,42.625,26.088999,50.0,1.0
358,2024-11-13 19:00:00+00:00,3,Bualle,1.2536051,42.5681412,1.25,42.625,25.739,25.0,1.0
359,2024-11-13 20:00:00+00:00,3,Bualle,1.2536051,42.5681412,1.25,42.625,25.689,15.0,0.0
360,2024-11-13 21:00:00+00:00,3,Bualle,1.2536051,42.5681412,1.25,42.625,25.489,8.0,0.0
361,2024-11-13 22:00:00+00:00,3,Bualle,1.2536051,42.5681412,1.25,42.625,25.338999,5.0,0.0
362,2024-11-13 23:00:00+00:00,3,Bualle,1.2536051,42.5681412,1.25,42.625,25.088999,3.0,0.0
363,2024-11-14 00:00:00+00:00,3,Bualle,1.2536051,42.5681412,1.25,42.625,24.889,3.0,0.0
364,2024-11-14 01:00:00+00:00,3,Bualle,1.2536051,42.5681412,1.25,42.625,24.689,0.0,0.0
365,2024-11-14 02:00:00+00:00,3,Bualle,1.2536051,42.5681412,1.25,42.625,24.439,0.0,0.0
366,2024-11-14 03:00:00+00:00,3,Bualle,1.2536051,42.5681412,1.25,42.625,24.239,0.0,0.0
367,2024-11-14 04:00:00+00:00,3,Bualle,1.2536051,42.5681412,1.25,42.625,24.889,0.0,0.0
368,2024-11-14 05:00:00+00:00,3,Bualle,1.2536051,42.5681412,1.25,42.625,26.338999,0.0,0.0
369,2024-11-14 06:00:00+00:00,3,Bualle,1.2536051,42.5681412,1.25,42.625,27.838999,0.0,0.0
370,2024-11-14 07:00:00+00:00,3,Bualle,1.2536051,42.5681412,1.25,42.625,29.338999,15.0,0.0
371,2024-11-14 08:00:00+00:00,3,Bualle,1.2536051,42.5681412,1.25,42.625,30.189,30.0,0.0
372,2024-11-14 09:00:00+00:00,3,Bualle,1.2536051,42.5681412,1.25,42.625,31.189,45.0,0.1
373,2024-11-14 10:00:00+00:00,3,Bualle,1.2536051,42.5681412,1.25,42.625,31.639,55.0,0.0
374,2024-11-14 11:00:00+00:00,3,Bualle,1.2536051,42.5681412,1.25,42.625,31.889,48.0,0.0
375,2024-11-14 12:00:00+00:00,3,Bualle,1.2536051,42.5681412,1.25,42.625,31.989,58.0,0.0
376,2024-11-14 13:00:00+00:00,3,Bualle,1.2536051,42.5681412,1.25,42.625,31.588999,63.0,0.1
377,2024-11-14 14:00:00+00:00,3,Bualle,1.2536051,42.5681412,1.25,42.625,30.088999,67.0,0.2
378,2024-11-14 15:00:00+00:00,3,Bualle,1.2536051,42.5681412,1.25,42.625,27.588999,65.0,0.3
379,2024-11-14 16:00:00+00:00,3,Bualle,1.2536051,42.5681412,1.25,42.625,26.789,50.0,0.0
380,2024-11-14 17:00:00+00:00,3,Bualle,1.2536051,42.5681412,1.25,42.625,26.338999,27.0,0.0
381,2024-11-14 18:00:00+00:00,3,Bualle,1.2536051,42.5681412,1.25,42.625,25.989,10.0,0.0
382,2024-11-14 19:00:00+00:00,3,Bualle,1.2536051,42.5681412,1.25,42.625,25.689,3.0,0.0
383,2024-11-14 20:00:00+00:00,3,Bualle,1.2536051,42.5681412,1.25,42.625,25.338999,1.0,0.0
384,2024-11-14 21:00:00+00:00,3,Bualle,1.2536051,42.5681412,1.25,42.625,25.039,0.0,0.0
385,2024-11-14 22:00:00+00:00,3,Bualle,1.2536051,42.5681412,1.25,42.625,24.789,0.0,0.0
386,2024-11-14 23:00:00+00:00,3,Bualle,1.2536051,42.5681412,1.25,42.625,24.639,0.0,0.0
387,2024-11-15 00:00:00+00:00,3,Bualle,1.2536051,42.5681412,1.25,42.625,24.588999,0.0,0.0
388,2024-11-15 01:00:00+00:00,3,Bualle,1.2536051,42.5681412,1.25,42.625,24.489,0.0,0.0
389,2024-11-15 02:00:00+00:00,3,Bualle,1.2536051,42.5681412,1.25,42.625,24.489,0.0,0.0
390,2024-11-15 03:00:00+00:00,3,Bualle,1.2536051,42.5681412,1.25,42.625,24.588999,0.0,0.0
391,2024-11-15 04:00:00+00:00,3,Bualle,1.2536051,42.5681412,1.25,42.625,25.189,1.0,0.0
392,2024-11-15 05:00:00+00:00,3,Bualle,1.2536051,42.5681412,1.25,42.625,26.739,2.0,0.0
393,2024-11-15 06:00:00+00:00,3,Bualle,1.2536051,42.5681412,1.25,42.625,28.239,3.0,0.0
394,2024-11-15 07:00:00+00:00,3,Bualle,1.2536051,42.5681412,1.25,42.625,29.939,3.0,0.0
395,2024-11-15 08:00:00+00:00,3,Bualle,1.2536051,42.5681412,1.25,42.625,31.239,3.0,0.0
396,2024-11-15 09:00:00+00:00,3,Bualle,1.2536051,42.5681412,1.25,42.625,32.589,3.0,0.0
397,2024-11-15 10:00:00+00:00,3,Bualle,1.2536051,42.5681412,1.25,42.625,33.089,6.0,0.0
398,2024-11-15 11:00:00+00:00,3,Bualle,1.2536051,42.5681412,1.25,42.625,33.189003,7.0,0.0
399,2024-11-15 12:00:00+00:00,3,Bualle,1.2536051,42.5681412,1.25,42.625,33.239002,8.0,0.0
400,2024-11-15 13:00:00+00:00,3,Bualle,1.2536051,42.5681412,1.25,42.625,32.689003,9.0,0.0
401,2024-11-15 14:00:00+00:00,3,Bualle,1.2536051,42.5681412,1.25,42.625,31.689,9.0,0.0
402,2024-11-15 15:00:00+00:00,3,Bualle,1.2536051,42.5681412,1.25,42.625,29.689,10.0,0.0
403,2024-11-15 16:00:00+00:00,3,Bualle,1.2536051,42.5681412,1.25,42.625,28.338999,10.0,0.0
404,2024-11-15 17:00:00+00:00,3,Bualle,1.2536051,42.5681412,1.25,42.625,27.539,10.0,0.0
405,2024-11-15 18:00:00+00:00,3,Bualle,1.2536051,42.5681412,1.25,42.625,26.889,10.0,0.0
406,2024-11-15 19:00:00+00:00,3,Bualle,1.2536051,42.5681412,1.25,42.625,26.189,9.0,0.0
407,2024-11-15 20:00:00+00:00,3,Bualle,1.2536051,42.5681412,1.25,42.625,25.739,7.0,0.0
408,2024-11-15 21:00:00+00:00,3,Bualle,1.2536051,42.5681412,1.25,42.625,25.389,5.0,0.0
409,2024-11-15 22:00:00+00:00,3,Bualle,1.2536051,42.5681412,1.25,42.625,25.139,3.0,0.0
410,2024-11-15 23:00:00+00:00,3,Bualle,1.2536051,42.5681412,1.25,42.625,24.989,1.0,0.0
411,2024-11-16 00:00:00+00:00,3,Bualle,1.2536051,42.5681412,1.25,42.625,24.939,0.0,0.0
412,2024-11-16 01:00:00+00:00,3,Bualle,1.2536051,42.5681412,1.25,42.625,24.689,0.0,0.0
413,2024-11-16 02:00:00+00:00,3,Bualle,1.2536051,42.5681412,1.25,42.625,24.439,0.0,0.0
414,2024-11-16 03:00:00+00:00,3,Bualle,1.2536051,42.5681412,1.25,42.625,24.588999,0.0,0.0
415,2024-11-16 04:00:00+00:00,3,Bualle,1.2536051,42.5681412,1.25,42.625,25.439,0.0,0.0
416,2024-11-16 05:00:00+00:00,3,Bualle,1.2536051,42.5681412,1.25,42.625,26.739,0.0,0.0
417,2024-11-16 06:00:00+00:00,3,Bualle,1.2536051,42.5681412,1.25,42.625,28.088999,0.0,0.0
418,2024-11-16 07:00:00+00:00,3,Bualle,1.2536051,42.5681412,1.25,42.625,29.588999,0.0,0.0
419,2024-11-16 08:00:00+00:00,3,Bualle,1.2536051,42.5681412,1.25,42.625,31.139,1.0,0.0
420,2024-11-16 09:00:00+00:00,3,Bualle,1.2536051,42.5681412,1.25,42.625,32.389,2.0,0.0
421,2024-11-16 10:00:00+00:00,3,Bualle,1.2536051,42.5681412,1.25,42.625,33.139,2.0,0.0
422,2024-11-16 11:00:00+00:00,3,Bualle,1.2536051,42.5681412,1.25,42.625,33.539,3.0,0.0
423,2024-11-16 12:00:00+00:00,3,Bualle,1.2536051,42.5681412,1.25,42.625,33.539,3.0,0.0
424,2024-11-16 13:00:00+00:00,3,Bualle,1.2536051,42.5681412,1.25,42.625,33.039,3.0,0.0
425,2024-11-16 14:00:00+00:00,3,Bualle,1.2536051,42.5681412,1.25,42.625,32.089,3.0,0.0
426,2024-11-16 15:00:00+00:00,3,Bualle,1.2536051,42.5681412,1.25,42.625,30.989,3.0,0.0
427,2024-11-16 16:00:00+00:00,3,Bualle,1.2536051,42.5681412,1.25,42.625,29.689,3.0,0.0
428,2024-11-16 17:00:00+00:00,3,Bualle,1.2536051,42.5681412,1.25,42.625,28.289,3.0,0.0
429,2024-11-16 18:00:00+00:00,3,Bualle,1.2536051,42.5681412,1.25,42.625,27.039,3.0,0.0
430,2024-11-16 19:00:00+00:00,3,Bualle,1.2536051,42.5681412,1.25,42.625,26.189,3.0,0.0
431,2024-11-16 20:00:00+00:00,3,Bualle,1.2536051,42.5681412,1.25,42.625,25.539,2.0,0.0
432,2024-11-16 21:00:00+00:00,3,Bualle,1.2536051,42.5681412,1.25,42.625,24.989,2.0,0.0
433,2024-11-16 22:00:00+00:00,3,Bualle,1.2536051,42.5681412,1.25,42.625,24.588999,1.0,0.0
434,2024-11-16 23:00:00+00:00,3,Bualle,1.2536051,42.5681412,1.25,42.625,24.289,0.0,0.0
435,2024-11-17 00:00:00+00:00,3,Bualle,1.2536051,42.5681412,1.25,42.625,24.039,0.0,0.0
436,2024-11-17 01:00:00+00:00,3,Bualle,1.2536051,42.5681412,1.25,42.625,23.639,0.0,0.0
437,2024-11-17 02:00:00+00:00,3,Bualle,1.2536051,42.5681412,1.25,42.625,23.239,0.0,0.0
438,2024-11-17 03:00:00+00:00,3,Bualle,1.2536051,42.5681412,1.25,42.625,23.439,0.0,0.0
439,2024-11-17 04:00:00+00:00,3,Bualle,1.2536051,42.5681412,1.25,42.625,24.588999,0.0,0.0
440,2024-11-17 05:00:00+00:00,3,Bualle,1.2536051,42.5681412,1.25,42.625,26.289,0.0,0.0
441,2024-11-17 06:00:00+00:00,3,Bualle,1.2536051,42.5681412,1.25,42.625,28.039,0.0,0.0
442,2024-11-17 07:00:00+00:00,3,Bualle,1.2536051,42.5681412,1.25,42.625,29.789,3.0,0.0
443,2024-11-17 08:00:00+00:00,3,Bualle,1.2536051,42.5681412,1.25,42.625,31.639,4.0,0.0
444,2024-11-17 09:00:00+00:00,3,Bualle,1.2536051,42.5681412,1.25,42.625,33.039,4.0,0.0
445,2024-11-17 10:00:00+00:00,3,Bualle,1.2536051,42.5681412,1.25,42.625,33.939003,4.0,0.0
446,2024-11-17 11:00:00+00:00,3,Bualle,1.2536051,42.5681412,1.25,42.625,34.389,5.0,0.0
447,2024-11-17 12:00:00+00:00,3,Bualle,1.2536051,42.5681412,1.25,42.625,34.389,5.0,0.0
448,2024-11-17 13:00:00+00:00,3,Bualle,1.2536051,42.5681412,1.25,42.625,33.789,5.0,0.0
449,2024-11-17 14:00:00+00:00,3,Bualle,1.2536051,42.5681412,1.25,42.625,32.739002,5.0,0.0
450,2024-11-17 15:00:00+00:00,3,Bualle,1.2536051,42.5681412,1.25,42.625,31.489,5.0,0.0
451,2024-11-17 16:00:00+00:00,3,Bualle,1.2536051,42.5681412,1.25,42.625,29.989,5.0,0.0
452,2024-11-17 17:00:00+00:00,3,Bualle,1.2536051,42.5681412,1.25,42.625,28.289,4.0,0.0
453,2024-11-17 18:00:00+00:00,3,Bualle,1.2536051,42.5681412,1.25,42.625,27.088999,4.0,0.0
454,2024-11-17 19:00:00+00:00,3,Bualle,1.2536051,42.5681412,1.25,42.625,26.039,4.0,0.0
455,2024-11-17 20:00:00+00:00,3,Bualle,1.2536051,42.5681412,1.25,42.625,25.439,3.0,0.0
456,2024-11-17 21:00:00+00:00,3,Bualle,1.2536051,42.5681412,1.25,42.625,24.939,3.0,0.0
457,2024-11-17 22:00:00+00:00,3,Bualle,1.2536051,42.5681412,1.25,42.625,24.539,3.0,0.0
458,2024-11-17 23:00:00+00:00,3,Bualle,1.2536051,42.5681412,1.25,42.625,24.239,3.0,0.0
459,2024-11-18 00:00:00+00:00,3,Bualle,1.2536051,42.5681412,1.25,42.625,24.039,3.0,0.0
460,2024-11-18 01:00:00+00:00,3,Bualle,1.2536051,42.5681412,1.25,42.625,23.739,3.0,0.0
461,2024-11-18 02:00:00+00:00,3,Bualle,1.2536051,42.5681412,1.25,42.625,23.439,3.0,0.0
462,2024-11-18 03:00:00+00:00,3,Bualle,1.2536051,42.5681412,1.25,42.625,23.789,4.0,0.0
463,2024-11-18 04:00:00+00:00,3,Bualle,1.2536051,42.5681412,1.25,42.625,25.088999,4.0,0.0
464,2024-11-18 05:00:00+00:00,3,Bualle,1.2536051,42.5681412,1.25,42.625,26.989,5.0,0.0
465,2024-11-18 06:00:00+00:00,3,Bualle,1.2536051,42.5681412,1.25,42.625,28.739,5.0,0.0
466,2024-11-18 07:00:00+00:00,3,Bualle,1.2536051,42.5681412,1.25,42.625,30.139,6.0,0.0
467,2024-11-18 08:00:00+00:00,3,Bualle,1.2536051,42.5681412,1.25,42.625,31.439,6.0,0.0
468,2024-11-18 09:00:00+00:00,3,Bualle,1.2536051,42.5681412,1.25,42.625,32.389,7.0,0.0
469,2024-11-18 10:00:00+00:00,3,Bualle,1.2536051,42.5681412,1.25,42.625,33.089,7.0,0.0
470,2024-11-18 11:00:00+00:00,3,Bualle,1.2536051,42.5681412,1.25,42.625,33.439003,8.0,0.0
471,2024-11-18 12:00:00+00:00,3,Bualle,1.2536051,42.5681412,1.25,42.625,33.289,8.0,0.0
472,2024-11-18 13:00:00+00:00,3,Bualle,1.2536051,42.5681412,1.25,42.625,32.339,8.0,0.1
473,2024-11-18 14:00:00+00:00,3,Bualle,1.2536051,42.5681412,1.25,42.625,30.838999,9.0,0.1
474,2024-11-18 15:00:00+00:00,3,Bualle,1.2536051,42.5681412,1.25,42.625,29.539,9.0,0.1
475,2024-11-18 16:00:00+00:00,3,Bualle,1.2536051,42.5681412,1.25,42.625,28.689,9.0,0.0
476,2024-11-18 17:00:00+00:00,3,Bualle,1.2536051,42.5681412,1.25,42.625,27.989,10.0,0.0
477,2024-11-18 18:00:00+00:00,3,Bualle,1.2536051,42.5681412,1.25,42.625,27.338999,10.0,0.0
478,2024-11-18 19:00:00+00:00,3,Bualle,1.2536051,42.5681412,1.25,42.625,26.739,10.0,0.0
479,2024-11-18 20:00:00+00:00,3,Bualle,1.2536051,42.5681412,1.25,42.625,26.189,11.0,0.0
480,2024-11-18 21:00:00+00:00,3,Bualle,1.2536051,42.5681412,1.25,42.625,25.789,11.0,0.0
481,2024-11-18 22:00:00+00:00,3,Bualle,1.2536051,42.5681412,1.25,42.625,25.539,12.0,0.1
482,2024-11-18 23:00:00+00:00,3,Bualle,1.2536051,42.5681412,1.25,42.625,25.389,12.0,0.1
483,2024-11-19 00:00:00+00:00,3,Bualle,1.2536051,42.5681412,1.25,42.625,25.239,13.0,0.1
484,2024-11-19 01:00:00+00:00,3,Bualle,1.2536051,42.5681412,1.25,42.625,24.939,14.0,0.0
485,2024-11-19 02:00:00+00:00,3,Bualle,1.2536051,42.5681412,1.25,42.625,24.639,15.0,0.0
486,2024-11-19 03:00:00+00:00,3,Bualle,1.2536051,42.5681412,1.25,42.625,24.838999,16.0,0.0
487,2024-11-19 04:00:00+00:00,3,Bualle,1.2536051,42.5681412,1.25,42.625,25.838999,17.0,0.0
488,2024-11-19 05:00:00+00:00,3,Bualle,1.2536051,42.5681412,1.25,42.625,27.289,19.0,0.0
489,2024-11-19 06:00:00+00:00,3,Bualle,1.2536051,42.5681412,1.25,42.625,28.838999,20.0,0.0
490,2024-11-19 07:00:00+00:00,3,Bualle,1.2536051,42.5681412,1.25,42.625,30.439,21.0,0.0
491,2024-11-19 08:00:00+00:00,3,Bualle,1.2536051,42.5681412,1.25,42.625,32.039,23.0,0.0
492,2024-11-19 09:00:00+00:00,3,Bualle,1.2536051,42.5681412,1.25,42.625,33.239002,24.0,0.0
493,2024-11-19 10:00:00+00:00,3,Bualle,1.2536051,42.5681412,1.25,42.625,33.839,25.0,0.1
494,2024-11-19 11:00:00+00:00,3,Bualle,1.2536051,42.5681412,1.25,42.625,34.089,27.0,0.1
495,2024-11-19 12:00:00+00:00,3,Bualle,1.2536051,42.5681412,1.25,42.625,33.889,28.0,0.1
496,2024-11-19 13:00:00+00:00,3,Bualle,1.2536051,42.5681412,1.25,42.625,33.189003,29.0,0.1
497,2024-11-19 14:00:00+00:00,3,Bualle,1.2536051,42.5681412,1.25,42.625,32.139,31.0,0.1
498,2024-11-19 15:00:00+00:00,3,Bualle,1.2536051,42.5681412,1.25,42.625,31.039,32.0,0.1
499,2024-11-19 16:00:00+00:00,3,Bualle,1.2536051,42.5681412,1.25,42.625,29.939,34.0,0.0
500,2024-11-19 17:00:00+00:00,3,Bualle,1.2536051,42.5681412,1.25,42.625,28.789,35.0,0.0
501,2024-11-19 18:00:00+00:00,3,Bualle,1.2536051,42.5681412,1.25,42.625,27.789,36.0,0.0
502,2024-11-19 19:00:00+00:00,3,Bualle,1.2536051,42.5681412,1.25,42.625,26.939,38.0,0.0
503,2024-11-19 20:00:00+00:00,3,Bualle,1.2536051,42.5681412,1.25,42.625,26.289,39.0,0.0
504,2024-11-12 21:00:00+00:00,5,Bulo Burti,3.85,45.5667,3.875,45.625,26.2625,15.0,0.0
505,2024-11-12 22:00:00+00:00,5,Bulo Burti,3.85,45.5667,3.875,45.625,26.0125,20.0,0.0
506,2024-11-12 23:00:00+00:00,5,Bulo Burti,3.85,45.5667,3.875,45.625,25.7625,25.0,0.0
507,2024-11-13 00:00:00+00:00,5,Bulo Burti,3.85,45.5667,3.875,45.625,25.4625,28.0,0.0
508,2024-11-13 01:00:00+00:00,5,Bulo Burti,3.85,45.5667,3.875,45.625,25.1625,23.0,0.4
509,2024-11-13 02:00:00+00:00,5,Bulo Burti,3.85,45.5667,3.875,45.625,25.0125,33.0,0.2
510,2024-11-13 03:00:00+00:00,5,Bulo Burti,3.85,45.5667,3.875,45.625,24.9125,23.0,0.0
511,2024-11-13 04:00:00+00:00,5,Bulo Burti,3.85,45.5667,3.875,45.625,25.6625,23.0,0.0
512,2024-11-13 05:00:00+00:00,5,Bulo Burti,3.85,45.5667,3.875,45.625,26.8125,43.0,0.1
513,2024-11-13 06:00:00+00:00,5,Bulo Burti,3.85,45.5667,3.875,45.625,27.7625,53.0,0.1
514,2024-11-13 07:00:00+00:00,5,Bulo Burti,3.85,45.5667,3.875,45.625,28.8125,60.0,0.2
515,2024-11-13 08:00:00+00:00,5,Bulo Burti,3.85,45.5667,3.875,45.625,29.362501,65.0,0.1
516,2024-11-13 09:00:00+00:00,5,Bulo Burti,3.85,45.5667,3.875,45.625,29.0625,68.0,0.9
517,2024-11-13 10:00:00+00:00,5,Bulo Burti,3.85,45.5667,3.875,45.625,30.0125,55.0,0.0
518,2024-11-13 11:00:00+00:00,5,Bulo Burti,3.85,45.5667,3.875,45.625,31.5625,45.0,0.0
519,2024-11-13 12:00:00+00:00,5,Bulo Burti,3.85,45.5667,3.875,45.625,31.862501,30.0,0.0
520,2024-11-13 13:00:00+00:00,5,Bulo Burti,3.85,45.5667,3.875,45.625,30.862501,38.0,0.1
521,2024-11-13 14:00:00+00:00,5,Bulo Burti,3.85,45.5667,3.875,45.625,28.7125,30.0,0.7
522,2024-11-13 15:00:00+00:00,5,Bulo Burti,3.85,45.5667,3.875,45.625,28.112501,28.0,0.0
523,2024-11-13 16:00:00+00:00,5,Bulo Burti,3.85,45.5667,3.875,45.625,27.362501,10.0,0.0
524,2024-11-13 17:00:00+00:00,5,Bulo Burti,3.85,45.5667,3.875,45.625,26.7125,0.0,0.0
525,2024-11-13 18:00:00+00:00,5,Bulo Burti,3.85,45.5667,3.875,45.625,26.2625,0.0,0.0
526,2024-11-13 19:00:00+00:00,5,Bulo Burti,3.85,45.5667,3.875,45.625,25.862501,0.0,0.0
527,2024-11-13 20:00:00+00:00,5,Bulo Burti,3.85,45.5667,3.875,45.625,25.362501,0.0,0.0
528,2024-11-13 21:00:00+00:00,5,Bulo Burti,3.85,45.5667,3.875,45.625,24.9125,0.0,0.0
529,2024-11-13 22:00:00+00:00,5,Bulo Burti,3.85,45.5667,3.875,45.625,24.612501,0.0,0.0
530,2024-11-13 23:00:00+00:00,5,Bulo Burti,3.85,45.5667,3.875,45.625,24.612501,0.0,0.0
531,2024-11-14 00:00:00+00:00,5,Bulo Burti,3.85,45.5667,3.875,45.625,24.862501,0.0,0.0
532,2024-11-14 01:00:00+00:00,5,Bulo Burti,3.85,45.5667,3.875,45.625,25.0625,0.0,0.0
533,2024-11-14 02:00:00+00:00,5,Bulo Burti,3.85,45.5667,3.875,45.625,25.112501,10.0,0.1
534,2024-11-14 03:00:00+00:00,5,Bulo Burti,3.85,45.5667,3.875,45.625,25.0625,23.0,0.0
535,2024-11-14 04:00:00+00:00,5,Bulo Burti,3.85,45.5667,3.875,45.625,25.3125,18.0,0.1
536,2024-11-14 05:00:00+00:00,5,Bulo Burti,3.85,45.5667,3.875,45.625,26.2125,13.0,0.0
537,2024-11-14 06:00:00+00:00,5,Bulo Burti,3.85,45.5667,3.875,45.625,27.5625,15.0,0.0
538,2024-11-14 07:00:00+00:00,5,Bulo Burti,3.85,45.5667,3.875,45.625,28.6625,13.0,0.1
539,2024-11-14 08:00:00+00:00,5,Bulo Burti,3.85,45.5667,3.875,45.625,29.7125,15.0,0.1
540,2024-11-14 09:00:00+00:00,5,Bulo Burti,3.85,45.5667,3.875,45.625,30.6625,10.0,0.1
541,2024-11-14 10:00:00+00:00,5,Bulo Burti,3.85,45.5667,3.875,45.625,31.4625,5.0,0.0
542,2024-11-14 11:00:00+00:00,5,Bulo Burti,3.85,45.5667,3.875,45.625,31.7625,8.0,0.0
543,2024-11-14 12:00:00+00:00,5,Bulo Burti,3.85,45.5667,3.875,45.625,31.9125,3.0,0.0
544,2024-11-14 13:00:00+00:00,5,Bulo Burti,3.85,45.5667,3.875,45.625,31.4125,2.0,0.0
545,2024-11-14 14:00:00+00:00,5,Bulo Burti,3.85,45.5667,3.875,45.625,30.5125,3.0,0.0
546,2024-11-14 15:00:00+00:00,5,Bulo Burti,3.85,45.5667,3.875,45.625,29.112501,3.0,0.0
547,2024-11-14 16:00:00+00:00,5,Bulo Burti,3.85,45.5667,3.875,45.625,28.2625,3.0,0.0
548,2024-11-14 17:00:00+00:00,5,Bulo Burti,3.85,45.5667,3.875,45.625,27.4625,3.0,0.0
549,2024-11-14 18:00:00+00:00,5,Bulo Burti,3.85,45.5667,3.875,45.625,26.5125,3.0,0.0
550,2024-11-14 19:00:00+00:00,5,Bulo Burti,3.85,45.5667,3.875,45.625,25.9125,2.0,0.0
551,2024-11-14 20:00:00+00:00,5,Bulo Burti,3.85,45.5667,3.875,45.625,25.2125,1.0,0.0
552,2024-11-14 21:00:00+00:00,5,Bulo Burti,3.85,45.5667,3.875,45.625,24.862501,0.0,0.0
553,2024-11-14 22:00:00+00:00,5,Bulo Burti,3.85,45.5667,3.875,45.625,24.7625,0.0,0.0
554,2024-11-14 23:00:00+00:00,5,Bulo Burti,3.85,45.5667,3.875,45.625,24.4125,0.0,0.0
555,2024-11-15 00:00:00+00:00,5,Bulo Burti,3.85,45.5667,3.875,45.625,24.112501,0.0,0.0
556,2024-11-15 01:00:00+00:00,5,Bulo Burti,3.85,45.5667,3.875,45.625,24.0625,0.0,0.0
557,2024-11-15 02:00:00+00:00,5,Bulo Burti,3.85,45.5667,3.875,45.625,24.112501,0.0,0.0
558,2024-11-15 03:00:00+00:00,5,Bulo Burti,3.85,45.5667,3.875,45.625,23.7625,0.0,0.0
559,2024-11-15 04:00:00+00:00,5,Bulo Burti,3.85,45.5667,3.875,45.625,24.8125,0.0,0.0
560,2024-11-15 05:00:00+00:00,5,Bulo Burti,3.85,45.5667,3.875,45.625,26.5125,0.0,0.0
561,2024-11-15 06:00:00+00:00,5,Bulo Burti,3.85,45.5667,3.875,45.625,28.3125,0.0,0.0
562,2024-11-15 07:00:00+00:00,5,Bulo Burti,3.85,45.5667,3.875,45.625,30.112501,0.0,0.0
563,2024-11-15 08:00:00+00:00,5,Bulo Burti,3.85,45.5667,3.875,45.625,31.6625,0.0,0.0
564,2024-11-15 09:00:00+00:00,5,Bulo Burti,3.85,45.5667,3.875,45.625,33.3625,0.0,0.0
565,2024-11-15 10:00:00+00:00,5,Bulo Burti,3.85,45.5667,3.875,45.625,34.6625,0.0,0.0
566,2024-11-15 11:00:00+00:00,5,Bulo Burti,3.85,45.5667,3.875,45.625,35.3625,0.0,0.0
567,2024-11-15 12:00:00+00:00,5,Bulo Burti,3.85,45.5667,3.875,45.625,35.6125,0.0,0.0
568,2024-11-15 13:00:00+00:00,5,Bulo Burti,3.85,45.5667,3.875,45.625,35.3125,0.0,0.0
569,2024-11-15 14:00:00+00:00,5,Bulo Burti,3.85,45.5667,3.875,45.625,34.4125,0.0,0.0
570,2024-11-15 15:00:00+00:00,5,Bulo Burti,3.85,45.5667,3.875,45.625,32.262497,0.0,0.0
571,2024-11-15 16:00:00+00:00,5,Bulo Burti,3.85,45.5667,3.875,45.625,30.2125,0.0,0.0
572,2024-11-15 17:00:00+00:00,5,Bulo Burti,3.85,45.5667,3.875,45.625,28.6625,0.0,0.0
573,2024-11-15 18:00:00+00:00,5,Bulo Burti,3.85,45.5667,3.875,45.625,26.9125,0.0,0.0
574,2024-11-15 19:00:00+00:00,5,Bulo Burti,3.85,45.5667,3.875,45.625,25.7125,0.0,0.0
575,2024-11-15 20:00:00+00:00,5,Bulo Burti,3.85,45.5667,3.875,45.625,24.9625,0.0,0.0
576,2024-11-15 21:00:00+00:00,5,Bulo Burti,3.85,45.5667,3.875,45.625,24.3125,0.0,0.0
577,2024-11-15 22:00:00+00:00,5,Bulo Burti,3.85,45.5667,3.875,45.625,23.7125,0.0,0.0
578,2024-11-15 23:00:00+00:00,5,Bulo Burti,3.85,45.5667,3.875,45.625,23.612501,0.0,0.0
579,2024-11-16 00:00:00+00:00,5,Bulo Burti,3.85,45.5667,3.875,45.625,24.112501,0.0,0.0
580,2024-11-16 01:00:00+00:00,5,Bulo Burti,3.85,45.5667,3.875,45.625,23.9625,0.0,0.0
581,2024-11-16 02:00:00+00:00,5,Bulo Burti,3.85,45.5667,3.875,45.625,23.862501,0.0,0.0
582,2024-11-16 03:00:00+00:00,5,Bulo Burti,3.85,45.5667,3.875,45.625,24.112501,0.0,0.0
583,2024-11-16 04:00:00+00:00,5,Bulo Burti,3.85,45.5667,3.875,45.625,24.9125,0.0,0.0
584,2024-11-16 05:00:00+00:00,5,Bulo Burti,3.85,45.5667,3.875,45.625,26.112501,0.0,0.0
585,2024-11-16 06:00:00+00:00,5,Bulo Burti,3.85,45.5667,3.875,45.625,27.612501,0.0,0.0
586,2024-11-16 07:00:00+00:00,5,Bulo Burti,3.85,45.5667,3.875,45.625,29.5625,0.0,0.0
587,2024-11-16 08:00:00+00:00,5,Bulo Burti,3.85,45.5667,3.875,45.625,31.862501,0.0,0.0
588,2024-11-16 09:00:00+00:00,5,Bulo Burti,3.85,45.5667,3.875,45.625,33.6125,0.0,0.0
589,2024-11-16 10:00:00+00:00,5,Bulo Burti,3.85,45.5667,3.875,45.625,34.6625,0.0,0.0
590,2024-11-16 11:00:00+00:00,5,Bulo Burti,3.85,45.5667,3.875,45.625,35.212498,0.0,0.0
591,2024-11-16 12:00:00+00:00,5,Bulo Burti,3.85,45.5667,3.875,45.625,35.3125,0.0,0.0
592,2024-11-16 13:00:00+00:00,5,Bulo Burti,3.85,45.5667,3.875,45.625,34.8125,0.0,0.0
593,2024-11-16 14:00:00+00:00,5,Bulo Burti,3.85,45.5667,3.875,45.625,33.8625,0.0,0.0
594,2024-11-16 15:00:00+00:00,5,Bulo Burti,3.85,45.5667,3.875,45.625,32.762497,0.0,0.0
595,2024-11-16 16:00:00+00:00,5,Bulo Burti,3.85,45.5667,3.875,45.625,31.5125,0.0,0.0
596,2024-11-16 17:00:00+00:00,5,Bulo Burti,3.85,45.5667,3.875,45.625,30.112501,0.0,0.0
597,2024-11-16 18:00:00+00:00,5,Bulo Burti,3.85,45.5667,3.875,45.625,28.7125,0.0,0.0
598,2024-11-16 19:00:00+00:00,5,Bulo Burti,3.85,45.5667,3.875,45.625,27.3125,0.0,0.0
599,2024-11-16 20:00:00+00:00,5,Bulo Burti,3.85,45.5667,3.875,45.625,25.9125,0.0,0.0
600,2024-11-16 21:00:00+00:00,5,Bulo Burti,3.85,45.5667,3.875,45.625,24.862501,0.0,0.0
601,2024-11-16 22:00:00+00:00,5,Bulo Burti,3.85,45.5667,3.875,45.625,24.2625,0.0,0.0
602,2024-11-16 23:00:00+00:00,5,Bulo Burti,3.85,45.5667,3.875,45.625,24.0125,0.0,0.0
603,2024-11-17 00:00:00+00:00,5,Bulo Burti,3.85,45.5667,3.875,45.625,23.862501,0.0,0.0
604,2024-11-17 01:00:00+00:00,5,Bulo Burti,3.85,45.5667,3.875,45.625,23.6625,0.0,0.0
605,2024-11-17 02:00:00+00:00,5,Bulo Burti,3.85,45.5667,3.875,45.625,23.612501,0.0,0.0
606,2024-11-17 03:00:00+00:00,5,Bulo Burti,3.85,45.5667,3.875,45.625,24.0625,0.0,0.0
607,2024-11-17 04:00:00+00:00,5,Bulo Burti,3.85,45.5667,3.875,45.625,25.2625,0.0,0.0
608,2024-11-17 05:00:00+00:00,5,Bulo Burti,3.85,45.5667,3.875,45.625,27.0125,0.0,0.0
609,2024-11-17 06:00:00+00:00,5,Bulo Burti,3.85,45.5667,3.875,45.625,28.7625,0.0,0.0
610,2024-11-17 07:00:00+00:00,5,Bulo Burti,3.85,45.5667,3.875,45.625,30.5125,3.0,0.0
611,2024-11-17 08:00:00+00:00,5,Bulo Burti,3.85,45.5667,3.875,45.625,32.262497,3.0,0.0
612,2024-11-17 09:00:00+00:00,5,Bulo Burti,3.85,45.5667,3.875,45.625,33.712498,4.0,0.0
613,2024-11-17 10:00:00+00:00,5,Bulo Burti,3.85,45.5667,3.875,45.625,34.712498,4.0,0.0
614,2024-11-17 11:00:00+00:00,5,Bulo Burti,3.85,45.5667,3.875,45.625,35.3625,5.0,0.0
615,2024-11-17 12:00:00+00:00,5,Bulo Burti,3.85,45.5667,3.875,45.625,35.512497,5.0,0.0
616,2024-11-17 13:00:00+00:00,5,Bulo Burti,3.85,45.5667,3.875,45.625,35.012497,5.0,0.0
617,2024-11-17 14:00:00+00:00,5,Bulo Burti,3.85,45.5667,3.875,45.625,34.0625,6.0,0.0
618,2024-11-17 15:00:00+00:00,5,Bulo Burti,3.85,45.5667,3.875,45.625,32.8125,6.0,0.0
619,2024-11-17 16:00:00+00:00,5,Bulo Burti,3.85,45.5667,3.875,45.625,31.112501,6.0,0.0
620,2024-11-17 17:00:00+00:00,5,Bulo Burti,3.85,45.5667,3.875,45.625,29.1625,7.0,0.0
621,2024-11-17 18:00:00+00:00,5,Bulo Burti,3.85,45.5667,3.875,45.625,27.7625,7.0,0.0
622,2024-11-17 19:00:00+00:00,5,Bulo Burti,3.85,45.5667,3.875,45.625,27.112501,7.0,0.0
623,2024-11-17 20:00:00+00:00,5,Bulo Burti,3.85,45.5667,3.875,45.625,26.5125,8.0,0.0
624,2024-11-17 21:00:00+00:00,5,Bulo Burti,3.85,45.5667,3.875,45.625,26.112501,8.0,0.0
625,2024-11-17 22:00:00+00:00,5,Bulo Burti,3.85,45.5667,3.875,45.625,25.9125,8.0,0.0
626,2024-11-17 23:00:00+00:00,5,Bulo Burti,3.85,45.5667,3.875,45.625,25.9625,8.0,0.0
627,2024-11-18 00:00:00+00:00,5,Bulo Burti,3.85,45.5667,3.875,45.625,25.9625,8.0,0.0
628,2024-11-18 01:00:00+00:00,5,Bulo Burti,3.85,45.5667,3.875,45.625,25.8125,8.0,0.1
629,2024-11-18 02:00:00+00:00,5,Bulo Burti,3.85,45.5667,3.875,45.625,25.6625,8.0,0.1
630,2024-11-18 03:00:00+00:00,5,Bulo Burti,3.85,45.5667,3.875,45.625,25.862501,7.0,0.1
631,2024-11-18 04:00:00+00:00,5,Bulo Burti,3.85,45.5667,3.875,45.625,26.6625,7.0,0.1
632,2024-11-18 05:00:00+00:00,5,Bulo Burti,3.85,45.5667,3.875,45.625,27.8125,7.0,0.1
633,2024-11-18 06:00:00+00:00,5,Bulo Burti,3.85,45.5667,3.875,45.625,29.0625,6.0,0.1
634,2024-11-18 07:00:00+00:00,5,Bulo Burti,3.85,45.5667,3.875,45.625,30.5125,6.0,0.0
635,2024-11-18 08:00:00+00:00,5,Bulo Burti,3.85,45.5667,3.875,45.625,32.0625,6.0,0.0
636,2024-11-18 09:00:00+00:00,5,Bulo Burti,3.85,45.5667,3.875,45.625,33.262497,5.0,0.0
637,2024-11-18 10:00:00+00:00,5,Bulo Burti,3.85,45.5667,3.875,45.625,34.212498,5.0,0.0
638,2024-11-18 11:00:00+00:00,5,Bulo Burti,3.85,45.5667,3.875,45.625,34.8125,5.0,0.0
639,2024-11-18 12:00:00+00:00,5,Bulo Burti,3.85,45.5667,3.875,45.625,34.5625,5.0,0.0
640,2024-11-18 13:00:00+00:00,5,Bulo Burti,3.85,45.5667,3.875,45.625,32.8625,5.0,0.6
641,2024-11-18 14:00:00+00:00,5,Bulo Burti,3.85,45.5667,3.875,45.625,30.2625,5.0,0.6
642,2024-11-18 15:00:00+00:00,5,Bulo Burti,3.85,45.5667,3.875,45.625,28.1625,6.0,0.6
643,2024-11-18 16:00:00+00:00,5,Bulo Burti,3.85,45.5667,3.875,45.625,27.112501,6.0,2.3
644,2024-11-18 17:00:00+00:00,5,Bulo Burti,3.85,45.5667,3.875,45.625,26.5125,7.0,2.3
645,2024-11-18 18:00:00+00:00,5,Bulo Burti,3.85,45.5667,3.875,45.625,26.0625,8.0,2.3
646,2024-11-18 19:00:00+00:00,5,Bulo Burti,3.85,45.5667,3.875,45.625,25.7625,8.0,0.6
647,2024-11-18 20:00:00+00:00,5,Bulo Burti,3.85,45.5667,3.875,45.625,25.6625,9.0,0.6
648,2024-11-18 21:00:00+00:00,5,Bulo Burti,3.85,45.5667,3.875,45.625,25.4625,9.0,0.6
649,2024-11-18 22:00:00+00:00,5,Bulo Burti,3.85,45.5667,3.875,45.625,25.112501,10.0,0.0
650,2024-11-18 23:00:00+00:00,5,Bulo Burti,3.85,45.5667,3.875,45.625,24.6625,10.0,0.0
651,2024-11-19 00:00:00+00:00,5,Bulo Burti,3.85,45.5667,3.875,45.625,24.362501,10.0,0.0
652,2024-11-19 01:00:00+00:00,5,Bulo Burti,3.85,45.5667,3.875,45.625,24.2125,10.0,0.0
653,2024-11-19 02:00:00+00:00,5,Bulo Burti,3.85,45.5667,3.875,45.625,24.1625,10.0,0.0
654,2024-11-19 03:00:00+00:00,5,Bulo Burti,3.85,45.5667,3.875,45.625,24.4125,9.0,0.0
655,2024-11-19 04:00:00+00:00,5,Bulo Burti,3.85,45.5667,3.875,45.625,25.0625,9.0,0.0
656,2024-11-19 05:00:00+00:00,5,Bulo Burti,3.85,45.5667,3.875,45.625,26.0125,8.0,0.0
657,2024-11-19 06:00:00+00:00,5,Bulo Burti,3.85,45.5667,3.875,45.625,27.112501,8.0,0.0
658,2024-11-19 07:00:00+00:00,5,Bulo Burti,3.85,45.5667,3.875,45.625,28.5625,7.0,0.0
659,2024-11-19 08:00:00+00:00,5,Bulo Burti,3.85,45.5667,3.875,45.625,30.1625,7.0,0.0
660,2024-11-19 09:00:00+00:00,5,Bulo Burti,3.85,45.5667,3.875,45.625,31.4625,6.0,0.0
661,2024-11-19 10:00:00+00:00,5,Bulo Burti,3.85,45.5667,3.875,45.625,32.3625,6.0,0.0
662,2024-11-19 11:00:00+00:00,5,Bulo Burti,3.85,45.5667,3.875,45.625,32.962498,5.0,0.0
663,2024-11-19 12:00:00+00:00,5,Bulo Burti,3.85,45.5667,3.875,45.625,33.1125,5.0,0.0
664,2024-11-19 13:00:00+00:00,5,Bulo Burti,3.85,45.5667,3.875,45.625,32.762497,5.0,0.0
665,2024-11-19 14:00:00+00:00,5,Bulo Burti,3.85,45.5667,3.875,45.625,32.0125,4.0,0.0
666,2024-11-19 15:00:00+00:00,5,Bulo Burti,3.85,45.5667,3.875,45.625,30.9625,4.0,0.0
667,2024-11-19 16:00:00+00:00,5,Bulo Burti,3.85,45.5667,3.875,45.625,29.5625,4.0,0.0
668,2024-11-19 17:00:00+00:00,5,Bulo Burti,3.85,45.5667,3.875,45.625,27.862501,4.0,0.0
669,2024-11-19 18:00:00+00:00,5,Bulo Burti,3.85,45.5667,3.875,45.625,26.4625,4.0,0.0
670,2024-11-19 19:00:00+00:00,5,Bulo Burti,3.85,45.5667,3.875,45.625,25.612501,4.0,0.0
671,2024-11-19 20:00:00+00:00,5,Bulo Burti,3.85,45.5667,3.875,45.625,25.0625,3.0,0.0
672,2024-11-12 21:00:00+00:00,2,Dollow,4.1648797,42.0738435,4.125,42.125,25.634499,10.0,0.0
673,2024-11-12 22:00:00+00:00,2,Dollow,4.1648797,42.0738435,4.125,42.125,25.3345,25.0,0.0
674,2024-11-12 23:00:00+00:00,2,Dollow,4.1648797,42.0738435,4.125,42.125,24.984499,20.0,0.0
675,2024-11-13 00:00:00+00:00,2,Dollow,4.1648797,42.0738435,4.125,42.125,24.7845,13.0,0.0
676,2024-11-13 01:00:00+00:00,2,Dollow,4.1648797,42.0738435,4.125,42.125,24.5845,10.0,0.0
677,2024-11-13 02:00:00+00:00,2,Dollow,4.1648797,42.0738435,4.125,42.125,24.5345,10.0,0.0
678,2024-11-13 03:00:00+00:00,2,Dollow,4.1648797,42.0738435,4.125,42.125,24.5345,10.0,0.0
679,2024-11-13 04:00:00+00:00,2,Dollow,4.1648797,42.0738435,4.125,42.125,24.984499,8.0,0.0
680,2024-11-13 05:00:00+00:00,2,Dollow,4.1648797,42.0738435,4.125,42.125,25.9345,15.0,0.0
681,2024-11-13 06:00:00+00:00,2,Dollow,4.1648797,42.0738435,4.125,42.125,27.384499,18.0,0.0
682,2024-11-13 07:00:00+00:00,2,Dollow,4.1648797,42.0738435,4.125,42.125,28.7845,50.0,0.0
683,2024-11-13 08:00:00+00:00,2,Dollow,4.1648797,42.0738435,4.125,42.125,29.634499,70.0,0.1
684,2024-11-13 09:00:00+00:00,2,Dollow,4.1648797,42.0738435,4.125,42.125,30.234499,73.0,0.3
685,2024-11-13 10:00:00+00:00,2,Dollow,4.1648797,42.0738435,4.125,42.125,30.734499,75.0,0.2
686,2024-11-13 11:00:00+00:00,2,Dollow,4.1648797,42.0738435,4.125,42.125,31.0845,63.0,0.2
687,2024-11-13 12:00:00+00:00,2,Dollow,4.1648797,42.0738435,4.125,42.125,31.134499,40.0,0.3
688,2024-11-13 13:00:00+00:00,2,Dollow,4.1648797,42.0738435,4.125,42.125,29.484499,35.0,4.2
689,2024-11-13 14:00:00+00:00,2,Dollow,4.1648797,42.0738435,4.125,42.125,28.0845,25.0,3.6
690,2024-11-13 15:00:00+00:00,2,Dollow,4.1648797,42.0738435,4.125,42.125,26.384499,5.0,2.3
691,2024-11-13 16:00:00+00:00,2,Dollow,4.1648797,42.0738435,4.125,42.125,26.234499,3.0,0.1
692,2024-11-13 17:00:00+00:00,2,Dollow,4.1648797,42.0738435,4.125,42.125,26.134499,0.0,0.0
693,2024-11-13 18:00:00+00:00,2,Dollow,4.1648797,42.0738435,4.125,42.125,25.984499,0.0,0.0
694,2024-11-13 19:00:00+00:00,2,Dollow,4.1648797,42.0738435,4.125,42.125,25.734499,0.0,0.0
695,2024-11-13 20:00:00+00:00,2,Dollow,4.1648797,42.0738435,4.125,42.125,25.5845,0.0,0.0
696,2024-11-13 21:00:00+00:00,2,Dollow,4.1648797,42.0738435,4.125,42.125,25.4345,0.0,0.0
697,2024-11-13 22:00:00+00:00,2,Dollow,4.1648797,42.0738435,4.125,42.125,25.2845,0.0,0.0
698,2024-11-13 23:00:00+00:00,2,Dollow,4.1648797,42.0738435,4.125,42.125,25.134499,0.0,0.0
699,2024-11-14 00:00:00+00:00,2,Dollow,4.1648797,42.0738435,4.125,42.125,24.5845,0.0,0.0
700,2024-11-14 01:00:00+00:00,2,Dollow,4.1648797,42.0738435,4.125,42.125,24.384499,0.0,0.0
701,2024-11-14 02:00:00+00:00,2,Dollow,4.1648797,42.0738435,4.125,42.125,24.3345,3.0,0.0
702,2024-11-14 03:00:00+00:00,2,Dollow,4.1648797,42.0738435,4.125,42.125,24.1845,0.0,0.0
703,2024-11-14 04:00:00+00:00,2,Dollow,4.1648797,42.0738435,4.125,42.125,24.6845,0.0,0.0
704,2024-11-14 05:00:00+00:00,2,Dollow,4.1648797,42.0738435,4.125,42.125,26.134499,0.0,0.0
705,2024-11-14 06:00:00+00:00,2,Dollow,4.1648797,42.0738435,4.125,42.125,27.9345,20.0,0.0
706,2024-11-14 07:00:00+00:00,2,Dollow,4.1648797,42.0738435,4.125,42.125,29.6845,28.0,0.0
707,2024-11-14 08:00:00+00:00,2,Dollow,4.1648797,42.0738435,4.125,42.125,30.8345,33.0,0.1
708,2024-11-14 09:00:00+00:00,2,Dollow,4.1648797,42.0738435,4.125,42.125,31.884499,25.0,0.0
709,2024-11-14 10:00:00+00:00,2,Dollow,4.1648797,42.0738435,4.125,42.125,32.5845,18.0,0.0
710,2024-11-14 11:00:00+00:00,2,Dollow,4.1648797,42.0738435,4.125,42.125,33.2845,10.0,0.0
711,2024-11-14 12:00:00+00:00,2,Dollow,4.1648797,42.0738435,4.125,42.125,33.5845,0.0,0.0
712,2024-11-14 13:00:00+00:00,2,Dollow,4.1648797,42.0738435,4.125,42.125,33.6345,0.0,0.0
713,2024-11-14 14:00:00+00:00,2,Dollow,4.1648797,42.0738435,4.125,42.125,33.184498,3.0,0.0
714,2024-11-14 15:00:00+00:00,2,Dollow,4.1648797,42.0738435,4.125,42.125,31.5345,5.0,0.0
715,2024-11-14 16:00:00+00:00,2,Dollow,4.1648797,42.0738435,4.125,42.125,30.0845,5.0,0.0
716,2024-11-14 17:00:00+00:00,2,Dollow,4.1648797,42.0738435,4.125,42.125,28.884499,4.0,0.0
717,2024-11-14 18:00:00+00:00,2,Dollow,4.1648797,42.0738435,4.125,42.125,27.7845,3.0,0.0
718,2024-11-14 19:00:00+00:00,2,Dollow,4.1648797,42.0738435,4.125,42.125,26.9345,2.0,0.0
719,2024-11-14 20:00:00+00:00,2,Dollow,4.1648797,42.0738435,4.125,42.125,26.1845,1.0,0.0
720,2024-11-14 21:00:00+00:00,2,Dollow,4.1648797,42.0738435,4.125,42.125,25.234499,0.0,0.0
721,2024-11-14 22:00:00+00:00,2,Dollow,4.1648797,42.0738435,4.125,42.125,24.7845,0.0,0.0
722,2024-11-14 23:00:00+00:00,2,Dollow,4.1648797,42.0738435,4.125,42.125,24.484499,0.0,0.0
723,2024-11-15 00:00:00+00:00,2,Dollow,4.1648797,42.0738435,4.125,42.125,24.0845,0.0,0.0
724,2024-11-15 01:00:00+00:00,2,Dollow,4.1648797,42.0738435,4.125,42.125,23.7845,0.0,0.0
725,2024-11-15 02:00:00+00:00,2,Dollow,4.1648797,42.0738435,4.125,42.125,23.634499,0.0,0.0
726,2024-11-15 03:00:00+00:00,2,Dollow,4.1648797,42.0738435,4.125,42.125,23.4345,0.0,0.0
727,2024-11-15 04:00:00+00:00,2,Dollow,4.1648797,42.0738435,4.125,42.125,23.9345,12.0,0.0
728,2024-11-15 05:00:00+00:00,2,Dollow,4.1648797,42.0738435,4.125,42.125,25.0845,27.0,0.2
729,2024-11-15 06:00:00+00:00,2,Dollow,4.1648797,42.0738435,4.125,42.125,26.1845,38.0,0.2
730,2024-11-15 07:00:00+00:00,2,Dollow,4.1648797,42.0738435,4.125,42.125,28.134499,39.0,0.1
731,2024-11-15 08:00:00+00:00,2,Dollow,4.1648797,42.0738435,4.125,42.125,29.984499,36.0,0.0
732,2024-11-15 09:00:00+00:00,2,Dollow,4.1648797,42.0738435,4.125,42.125,31.0845,30.0,0.0
733,2024-11-15 10:00:00+00:00,2,Dollow,4.1648797,42.0738435,4.125,42.125,31.6845,15.0,0.0
734,2024-11-15 11:00:00+00:00,2,Dollow,4.1648797,42.0738435,4.125,42.125,32.184498,8.0,0.0
735,2024-11-15 12:00:00+00:00,2,Dollow,4.1648797,42.0738435,4.125,42.125,32.5845,3.0,0.0
736,2024-11-15 13:00:00+00:00,2,Dollow,4.1648797,42.0738435,4.125,42.125,32.6345,1.0,0.0
737,2024-11-15 14:00:00+00:00,2,Dollow,4.1648797,42.0738435,4.125,42.125,32.434498,0.0,0.0
738,2024-11-15 15:00:00+00:00,2,Dollow,4.1648797,42.0738435,4.125,42.125,31.134499,0.0,0.0
739,2024-11-15 16:00:00+00:00,2,Dollow,4.1648797,42.0738435,4.125,42.125,29.5845,0.0,0.0
740,2024-11-15 17:00:00+00:00,2,Dollow,4.1648797,42.0738435,4.125,42.125,28.484499,0.0,0.0
741,2024-11-15 18:00:00+00:00,2,Dollow,4.1648797,42.0738435,4.125,42.125,27.634499,0.0,0.0
742,2024-11-15 19:00:00+00:00,2,Dollow,4.1648797,42.0738435,4.125,42.125,26.7845,0.0,0.0
743,2024-11-15 20:00:00+00:00,2,Dollow,4.1648797,42.0738435,4.125,42.125,26.0345,0.0,0.0
744,2024-11-15 21:00:00+00:00,2,Dollow,4.1648797,42.0738435,4.125,42.125,25.3345,0.0,0.0
745,2024-11-15 22:00:00+00:00,2,Dollow,4.1648797,42.0738435,4.125,42.125,24.5345,0.0,0.0
746,2024-11-15 23:00:00+00:00,2,Dollow,4.1648797,42.0738435,4.125,42.125,23.6845,0.0,0.0
747,2024-11-16 00:00:00+00:00,2,Dollow,4.1648797,42.0738435,4.125,42.125,23.0345,0.0,0.0
748,2024-11-16 01:00:00+00:00,2,Dollow,4.1648797,42.0738435,4.125,42.125,21.884499,0.0,0.0
749,2024-11-16 02:00:00+00:00,2,Dollow,4.1648797,42.0738435,4.125,42.125,20.6845,0.0,0.0
750,2024-11-16 03:00:00+00:00,2,Dollow,4.1648797,42.0738435,4.125,42.125,20.5845,0.0,0.0
751,2024-11-16 04:00:00+00:00,2,Dollow,4.1648797,42.0738435,4.125,42.125,22.384499,0.0,0.0
752,2024-11-16 05:00:00+00:00,2,Dollow,4.1648797,42.0738435,4.125,42.125,25.2845,0.0,0.0
753,2024-11-16 06:00:00+00:00,2,Dollow,4.1648797,42.0738435,4.125,42.125,27.884499,0.0,0.0
754,2024-11-16 07:00:00+00:00,2,Dollow,4.1648797,42.0738435,4.125,42.125,29.734499,0.0,0.0
755,2024-11-16 08:00:00+00:00,2,Dollow,4.1648797,42.0738435,4.125,42.125,31.3345,1.0,0.0
756,2024-11-16 09:00:00+00:00,2,Dollow,4.1648797,42.0738435,4.125,42.125,32.684498,2.0,0.0
757,2024-11-16 10:00:00+00:00,2,Dollow,4.1648797,42.0738435,4.125,42.125,33.934498,2.0,0.0
758,2024-11-16 11:00:00+00:00,2,Dollow,4.1648797,42.0738435,4.125,42.125,34.8845,3.0,0.0
759,2024-11-16 12:00:00+00:00,2,Dollow,4.1648797,42.0738435,4.125,42.125,35.2845,3.0,0.0
760,2024-11-16 13:00:00+00:00,2,Dollow,4.1648797,42.0738435,4.125,42.125,34.7845,3.0,0.0
761,2024-11-16 14:00:00+00:00,2,Dollow,4.1648797,42.0738435,4.125,42.125,33.684498,2.0,0.0
762,2024-11-16 15:00:00+00:00,2,Dollow,4.1648797,42.0738435,4.125,42.125,32.434498,2.0,0.0
763,2024-11-16 16:00:00+00:00,2,Dollow,4.1648797,42.0738435,4.125,42.125,31.0345,1.0,0.0
764,2024-11-16 17:00:00+00:00,2,Dollow,4.1648797,42.0738435,4.125,42.125,29.4345,0.0,0.0
765,2024-11-16 18:00:00+00:00,2,Dollow,4.1648797,42.0738435,4.125,42.125,28.0345,0.0,0.0
766,2024-11-16 19:00:00+00:00,2,Dollow,4.1648797,42.0738435,4.125,42.125,27.0345,0.0,0.0
767,2024-11-16 20:00:00+00:00,2,Dollow,4.1648797,42.0738435,4.125,42.125,26.1845,0.0,0.0
768,2024-11-16 21:00:00+00:00,2,Dollow,4.1648797,42.0738435,4.125,42.125,25.2845,0.0,0.0
769,2024-11-16 22:00:00+00:00,2,Dollow,4.1648797,42.0738435,4.125,42.125,24.134499,0.0,0.0
770,2024-11-16 23:00:00+00:00,2,Dollow,4.1648797,42.0738435,4.125,42.125,22.884499,0.0,0.0
771,2024-11-17 00:00:00+00:00,2,Dollow,4.1648797,42.0738435,4.125,42.125,21.9345,0.0,0.0
772,2024-11-17 01:00:00+00:00,2,Dollow,4.1648797,42.0738435,4.125,42.125,21.134499,0.0,0.0
773,2024-11-17 02:00:00+00:00,2,Dollow,4.1648797,42.0738435,4.125,42.125,20.634499,0.0,0.0
774,2024-11-17 03:00:00+00:00,2,Dollow,4.1648797,42.0738435,4.125,42.125,20.984499,0.0,0.0
775,2024-11-17 04:00:00+00:00,2,Dollow,4.1648797,42.0738435,4.125,42.125,22.6845,0.0,0.0
776,2024-11-17 05:00:00+00:00,2,Dollow,4.1648797,42.0738435,4.125,42.125,25.234499,0.0,0.0
777,2024-11-17 06:00:00+00:00,2,Dollow,4.1648797,42.0738435,4.125,42.125,27.6845,0.0,0.0
778,2024-11-17 07:00:00+00:00,2,Dollow,4.1648797,42.0738435,4.125,42.125,29.9345,0.0,0.0
779,2024-11-17 08:00:00+00:00,2,Dollow,4.1648797,42.0738435,4.125,42.125,32.0845,0.0,0.0
780,2024-11-17 09:00:00+00:00,2,Dollow,4.1648797,42.0738435,4.125,42.125,33.7845,0.0,0.0
781,2024-11-17 10:00:00+00:00,2,Dollow,4.1648797,42.0738435,4.125,42.125,34.7845,0.0,0.0
782,2024-11-17 11:00:00+00:00,2,Dollow,4.1648797,42.0738435,4.125,42.125,35.2845,0.0,0.0
783,2024-11-17 12:00:00+00:00,2,Dollow,4.1648797,42.0738435,4.125,42.125,35.434498,0.0,0.0
784,2024-11-17 13:00:00+00:00,2,Dollow,4.1648797,42.0738435,4.125,42.125,35.184498,0.0,0.0
785,2024-11-17 14:00:00+00:00,2,Dollow,4.1648797,42.0738435,4.125,42.125,34.4845,0.0,0.0
786,2024-11-17 15:00:00+00:00,2,Dollow,4.1648797,42.0738435,4.125,42.125,33.5845,0.0,0.0
787,2024-11-17 16:00:00+00:00,2,Dollow,4.1648797,42.0738435,4.125,42.125,32.184498,0.0,0.0
788,2024-11-17 17:00:00+00:00,2,Dollow,4.1648797,42.0738435,4.125,42.125,30.5345,0.0,0.0
789,2024-11-17 18:00:00+00:00,2,Dollow,4.1648797,42.0738435,4.125,42.125,29.3345,0.0,0.0
790,2024-11-17 19:00:00+00:00,2,Dollow,4.1648797,42.0738435,4.125,42.125,28.2845,0.0,0.0
791,2024-11-17 20:00:00+00:00,2,Dollow,4.1648797,42.0738435,4.125,42.125,27.484499,0.0,0.0
792,2024-11-17 21:00:00+00:00,2,Dollow,4.1648797,42.0738435,4.125,42.125,26.734499,0.0,0.0
793,2024-11-17 22:00:00+00:00,2,Dollow,4.1648797,42.0738435,4.125,42.125,26.134499,0.0,0.0
794,2024-11-17 23:00:00+00:00,2,Dollow,4.1648797,42.0738435,4.125,42.125,25.634499,0.0,0.0
795,2024-11-18 00:00:00+00:00,2,Dollow,4.1648797,42.0738435,4.125,42.125,25.1845,0.0,0.0
796,2024-11-18 01:00:00+00:00,2,Dollow,4.1648797,42.0738435,4.125,42.125,24.5345,1.0,0.0
797,2024-11-18 02:00:00+00:00,2,Dollow,4.1648797,42.0738435,4.125,42.125,23.9345,2.0,0.0
798,2024-11-18 03:00:00+00:00,2,Dollow,4.1648797,42.0738435,4.125,42.125,23.984499,3.0,0.0
799,2024-11-18 04:00:00+00:00,2,Dollow,4.1648797,42.0738435,4.125,42.125,25.134499,4.0,0.0
800,2024-11-18 05:00:00+00:00,2,Dollow,4.1648797,42.0738435,4.125,42.125,26.884499,5.0,0.0
801,2024-11-18 06:00:00+00:00,2,Dollow,4.1648797,42.0738435,4.125,42.125,28.4345,7.0,0.0
802,2024-11-18 07:00:00+00:00,2,Dollow,4.1648797,42.0738435,4.125,42.125,29.5345,8.0,0.1
803,2024-11-18 08:00:00+00:00,2,Dollow,4.1648797,42.0738435,4.125,42.125,30.484499,10.0,0.1
804,2024-11-18 09:00:00+00:00,2,Dollow,4.1648797,42.0738435,4.125,42.125,31.0845,11.0,0.1
805,2024-11-18 10:00:00+00:00,2,Dollow,4.1648797,42.0738435,4.125,42.125,31.3345,12.0,0.2
806,2024-11-18 11:00:00+00:00,2,Dollow,4.1648797,42.0738435,4.125,42.125,31.2845,13.0,0.2
807,2024-11-18 12:00:00+00:00,2,Dollow,4.1648797,42.0738435,4.125,42.125,31.0845,13.0,0.2
808,2024-11-18 13:00:00+00:00,2,Dollow,4.1648797,42.0738435,4.125,42.125,30.7845,13.0,0.1
809,2024-11-18 14:00:00+00:00,2,Dollow,4.1648797,42.0738435,4.125,42.125,30.384499,13.0,0.1
810,2024-11-18 15:00:00+00:00,2,Dollow,4.1648797,42.0738435,4.125,42.125,29.8345,12.0,0.1
811,2024-11-18 16:00:00+00:00,2,Dollow,4.1648797,42.0738435,4.125,42.125,29.134499,11.0,0.0
812,2024-11-18 17:00:00+00:00,2,Dollow,4.1648797,42.0738435,4.125,42.125,28.2845,10.0,0.0
813,2024-11-18 18:00:00+00:00,2,Dollow,4.1648797,42.0738435,4.125,42.125,27.5845,9.0,0.0
814,2024-11-18 19:00:00+00:00,2,Dollow,4.1648797,42.0738435,4.125,42.125,27.0345,8.0,0.0
815,2024-11-18 20:00:00+00:00,2,Dollow,4.1648797,42.0738435,4.125,42.125,26.5845,7.0,0.0
816,2024-11-18 21:00:00+00:00,2,Dollow,4.1648797,42.0738435,4.125,42.125,26.1845,7.0,0.0
817,2024-11-18 22:00:00+00:00,2,Dollow,4.1648797,42.0738435,4.125,42.125,25.8345,6.0,0.0
818,2024-11-18 23:00:00+00:00,2,Dollow,4.1648797,42.0738435,4.125,42.125,25.484499,7.0,0.0
819,2024-11-19 00:00:00+00:00,2,Dollow,4.1648797,42.0738435,4.125,42.125,25.1845,8.0,0.0
820,2024-11-19 01:00:00+00:00,2,Dollow,4.1648797,42.0738435,4.125,42.125,24.8345,10.0,0.0
821,2024-11-19 02:00:00+00:00,2,Dollow,4.1648797,42.0738435,4.125,42.125,24.484499,13.0,0.0
822,2024-11-19 03:00:00+00:00,2,Dollow,4.1648797,42.0738435,4.125,42.125,24.484499,17.0,0.0
823,2024-11-19 04:00:00+00:00,2,Dollow,4.1648797,42.0738435,4.125,42.125,24.884499,21.0,0.1
824,2024-11-19 05:00:00+00:00,2,Dollow,4.1648797,42.0738435,4.125,42.125,25.5845,25.0,0.1
825,2024-11-19 06:00:00+00:00,2,Dollow,4.1648797,42.0738435,4.125,42.125,26.5345,30.0,0.1
826,2024-11-19 07:00:00+00:00,2,Dollow,4.1648797,42.0738435,4.125,42.125,27.8345,35.0,0.1
827,2024-11-19 08:00:00+00:00,2,Dollow,4.1648797,42.0738435,4.125,42.125,29.3345,39.0,0.1
828,2024-11-19 09:00:00+00:00,2,Dollow,4.1648797,42.0738435,4.125,42.125,30.734499,42.0,0.1
829,2024-11-19 10:00:00+00:00,2,Dollow,4.1648797,42.0738435,4.125,42.125,32.0345,45.0,0.0
830,2024-11-19 11:00:00+00:00,2,Dollow,4.1648797,42.0738435,4.125,42.125,33.2345,47.0,0.0
831,2024-11-19 12:00:00+00:00,2,Dollow,4.1648797,42.0738435,4.125,42.125,33.934498,48.0,0.0
832,2024-11-19 13:00:00+00:00,2,Dollow,4.1648797,42.0738435,4.125,42.125,33.934498,47.0,0.0
833,2024-11-19 14:00:00+00:00,2,Dollow,4.1648797,42.0738435,4.125,42.125,33.434498,46.0,0.0
834,2024-11-19 15:00:00+00:00,2,Dollow,4.1648797,42.0738435,4.125,42.125,32.684498,43.0,0.0
835,2024-11-19 16:00:00+00:00,2,Dollow,4.1648797,42.0738435,4.125,42.125,31.634499,40.0,0.0
836,2024-11-19 17:00:00+00:00,2,Dollow,4.1648797,42.0738435,4.125,42.125,30.2845,36.0,0.0
837,2024-11-19 18:00:00+00:00,2,Dollow,4.1648797,42.0738435,4.125,42.125,29.1845,32.0,0.0
838,2024-11-19 19:00:00+00:00,2,Dollow,4.1648797,42.0738435,4.125,42.125,28.4345,27.0,0.0
839,2024-11-19 20:00:00+00:00,2,Dollow,4.1648797,42.0738435,4.125,42.125,27.9345,23.0,0.0
840,2024-11-12 21:00:00+00:00,6,Jowhar,2.78,45.5,2.75,45.5,25.380499,20.0,0.2
841,2024-11-12 22:00:00+00:00,6,Jowhar,2.78,45.5,2.75,45.5,25.280499,20.0,0.4
842,2024-11-12 23:00:00+00:00,6,Jowhar,2.78,45.5,2.75,45.5,25.030499,18.0,0.3
843,2024-11-13 00:00:00+00:00,6,Jowhar,2.78,45.5,2.75,45.5,24.8305,13.0,0.0
844,2024-11-13 01:00:00+00:00,6,Jowhar,2.78,45.5,2.75,45.5,24.7305,13.0,0.0
845,2024-11-13 02:00:00+00:00,6,Jowhar,2.78,45.5,2.75,45.5,24.630499,8.0,0.0
846,2024-11-13 03:00:00+00:00,6,Jowhar,2.78,45.5,2.75,45.5,24.4805,3.0,0.0
847,2024-11-13 04:00:00+00:00,6,Jowhar,2.78,45.5,2.75,45.5,25.380499,0.0,0.0
848,2024-11-13 05:00:00+00:00,6,Jowhar,2.78,45.5,2.75,45.5,26.780499,8.0,0.0
849,2024-11-13 06:00:00+00:00,6,Jowhar,2.78,45.5,2.75,45.5,28.1805,20.0,0.0
850,2024-11-13 07:00:00+00:00,6,Jowhar,2.78,45.5,2.75,45.5,29.530499,38.0,0.1
851,2024-11-13 08:00:00+00:00,6,Jowhar,2.78,45.5,2.75,45.5,30.630499,55.0,0.1
852,2024-11-13 09:00:00+00:00,6,Jowhar,2.78,45.5,2.75,45.5,30.780499,73.0,0.1
853,2024-11-13 10:00:00+00:00,6,Jowhar,2.78,45.5,2.75,45.5,31.1805,75.0,0.1
854,2024-11-13 11:00:00+00:00,6,Jowhar,2.78,45.5,2.75,45.5,30.9805,75.0,0.1
855,2024-11-13 12:00:00+00:00,6,Jowhar,2.78,45.5,2.75,45.5,30.130499,65.0,0.2
856,2024-11-13 13:00:00+00:00,6,Jowhar,2.78,45.5,2.75,45.5,28.530499,73.0,8.9
857,2024-11-13 14:00:00+00:00,6,Jowhar,2.78,45.5,2.75,45.5,26.6805,78.0,8.5
858,2024-11-13 15:00:00+00:00,6,Jowhar,2.78,45.5,2.75,45.5,26.1805,68.0,0.5
859,2024-11-13 16:00:00+00:00,6,Jowhar,2.78,45.5,2.75,45.5,25.8305,20.0,0.4
860,2024-11-13 17:00:00+00:00,6,Jowhar,2.78,45.5,2.75,45.5,25.7305,13.0,0.0
861,2024-11-13 18:00:00+00:00,6,Jowhar,2.78,45.5,2.75,45.5,25.4305,3.0,0.0
862,2024-11-13 19:00:00+00:00,6,Jowhar,2.78,45.5,2.75,45.5,25.030499,0.0,0.0
863,2024-11-13 20:00:00+00:00,6,Jowhar,2.78,45.5,2.75,45.5,24.780499,0.0,0.0
864,2024-11-13 21:00:00+00:00,6,Jowhar,2.78,45.5,2.75,45.5,24.530499,0.0,0.0
865,2024-11-13 22:00:00+00:00,6,Jowhar,2.78,45.5,2.75,45.5,24.3305,0.0,0.0
866,2024-11-13 23:00:00+00:00,6,Jowhar,2.78,45.5,2.75,45.5,24.1805,0.0,0.0
867,2024-11-14 00:00:00+00:00,6,Jowhar,2.78,45.5,2.75,45.5,24.2305,0.0,0.0
868,2024-11-14 01:00:00+00:00,6,Jowhar,2.78,45.5,2.75,45.5,24.2305,0.0,0.0
869,2024-11-14 02:00:00+00:00,6,Jowhar,2.78,45.5,2.75,45.5,24.3305,0.0,0.0
870,2024-11-14 03:00:00+00:00,6,Jowhar,2.78,45.5,2.75,45.5,24.4305,0.0,0.0
871,2024-11-14 04:00:00+00:00,6,Jowhar,2.78,45.5,2.75,45.5,25.130499,0.0,0.0
872,2024-11-14 05:00:00+00:00,6,Jowhar,2.78,45.5,2.75,45.5,25.6805,15.0,0.2
873,2024-11-14 06:00:00+00:00,6,Jowhar,2.78,45.5,2.75,45.5,26.7305,30.0,0.1
874,2024-11-14 07:00:00+00:00,6,Jowhar,2.78,45.5,2.75,45.5,28.280499,33.0,0.1
875,2024-11-14 08:00:00+00:00,6,Jowhar,2.78,45.5,2.75,45.5,29.280499,30.0,0.0
876,2024-11-14 09:00:00+00:00,6,Jowhar,2.78,45.5,2.75,45.5,29.9305,35.0,0.0
877,2024-11-14 10:00:00+00:00,6,Jowhar,2.78,45.5,2.75,45.5,29.880499,38.0,0.1
878,2024-11-14 11:00:00+00:00,6,Jowhar,2.78,45.5,2.75,45.5,29.9805,38.0,0.1
879,2024-11-14 12:00:00+00:00,6,Jowhar,2.78,45.5,2.75,45.5,30.1805,38.0,0.1
880,2024-11-14 13:00:00+00:00,6,Jowhar,2.78,45.5,2.75,45.5,28.8305,41.0,3.4
881,2024-11-14 14:00:00+00:00,6,Jowhar,2.78,45.5,2.75,45.5,26.7305,45.0,8.3
882,2024-11-14 15:00:00+00:00,6,Jowhar,2.78,45.5,2.75,45.5,26.030499,43.0,4.4
883,2024-11-14 16:00:00+00:00,6,Jowhar,2.78,45.5,2.75,45.5,25.5805,32.0,0.9
884,2024-11-14 17:00:00+00:00,6,Jowhar,2.78,45.5,2.75,45.5,25.3305,15.0,0.0
885,2024-11-14 18:00:00+00:00,6,Jowhar,2.78,45.5,2.75,45.5,25.030499,3.0,0.0
886,2024-11-14 19:00:00+00:00,6,Jowhar,2.78,45.5,2.75,45.5,24.7305,0.0,0.0
887,2024-11-14 20:00:00+00:00,6,Jowhar,2.78,45.5,2.75,45.5,24.530499,0.0,0.0
888,2024-11-14 21:00:00+00:00,6,Jowhar,2.78,45.5,2.75,45.5,24.4305,0.0,0.0
889,2024-11-14 22:00:00+00:00,6,Jowhar,2.78,45.5,2.75,45.5,24.280499,0.0,0.0
890,2024-11-14 23:00:00+00:00,6,Jowhar,2.78,45.5,2.75,45.5,24.2305,0.0,0.0
891,2024-11-15 00:00:00+00:00,6,Jowhar,2.78,45.5,2.75,45.5,24.130499,0.0,0.0
892,2024-11-15 01:00:00+00:00,6,Jowhar,2.78,45.5,2.75,45.5,24.130499,0.0,0.0
893,2024-11-15 02:00:00+00:00,6,Jowhar,2.78,45.5,2.75,45.5,24.0805,0.0,0.0
894,2024-11-15 03:00:00+00:00,6,Jowhar,2.78,45.5,2.75,45.5,24.130499,0.0,0.0
895,2024-11-15 04:00:00+00:00,6,Jowhar,2.78,45.5,2.75,45.5,24.780499,0.0,0.0
896,2024-11-15 05:00:00+00:00,6,Jowhar,2.78,45.5,2.75,45.5,25.880499,0.0,0.0
897,2024-11-15 06:00:00+00:00,6,Jowhar,2.78,45.5,2.75,45.5,27.280499,0.0,0.0
898,2024-11-15 07:00:00+00:00,6,Jowhar,2.78,45.5,2.75,45.5,28.380499,1.0,0.0
899,2024-11-15 08:00:00+00:00,6,Jowhar,2.78,45.5,2.75,45.5,29.4305,2.0,0.0
900,2024-11-15 09:00:00+00:00,6,Jowhar,2.78,45.5,2.75,45.5,30.8305,3.0,0.0
901,2024-11-15 10:00:00+00:00,6,Jowhar,2.78,45.5,2.75,45.5,31.530499,0.0,0.0
902,2024-11-15 11:00:00+00:00,6,Jowhar,2.78,45.5,2.75,45.5,31.780499,0.0,0.0
903,2024-11-15 12:00:00+00:00,6,Jowhar,2.78,45.5,2.75,45.5,31.8305,0.0,0.0
904,2024-11-15 13:00:00+00:00,6,Jowhar,2.78,45.5,2.75,45.5,31.6805,0.0,0.0
905,2024-11-15 14:00:00+00:00,6,Jowhar,2.78,45.5,2.75,45.5,31.030499,0.0,0.0
906,2024-11-15 15:00:00+00:00,6,Jowhar,2.78,45.5,2.75,45.5,28.4805,0.0,0.0
907,2024-11-15 16:00:00+00:00,6,Jowhar,2.78,45.5,2.75,45.5,26.2305,0.0,0.0
908,2024-11-15 17:00:00+00:00,6,Jowhar,2.78,45.5,2.75,45.5,25.280499,0.0,0.0
909,2024-11-15 18:00:00+00:00,6,Jowhar,2.78,45.5,2.75,45.5,24.5805,0.0,0.0
910,2024-11-15 19:00:00+00:00,6,Jowhar,2.78,45.5,2.75,45.5,24.0805,0.0,0.0
911,2024-11-15 20:00:00+00:00,6,Jowhar,2.78,45.5,2.75,45.5,23.6805,0.0,0.0
912,2024-11-15 21:00:00+00:00,6,Jowhar,2.78,45.5,2.75,45.5,23.380499,0.0,0.0
913,2024-11-15 22:00:00+00:00,6,Jowhar,2.78,45.5,2.75,45.5,23.1805,0.0,0.0
914,2024-11-15 23:00:00+00:00,6,Jowhar,2.78,45.5,2.75,45.5,23.130499,0.0,0.0
915,2024-11-16 00:00:00+00:00,6,Jowhar,2.78,45.5,2.75,45.5,23.2305,0.0,0.0
916,2024-11-16 01:00:00+00:00,6,Jowhar,2.78,45.5,2.75,45.5,23.1805,0.0,0.0
917,2024-11-16 02:00:00+00:00,6,Jowhar,2.78,45.5,2.75,45.5,23.130499,1.0,0.0
918,2024-11-16 03:00:00+00:00,6,Jowhar,2.78,45.5,2.75,45.5,23.4805,2.0,0.0
919,2024-11-16 04:00:00+00:00,6,Jowhar,2.78,45.5,2.75,45.5,24.4305,2.0,0.0
920,2024-11-16 05:00:00+00:00,6,Jowhar,2.78,45.5,2.75,45.5,25.780499,3.0,0.0
921,2024-11-16 06:00:00+00:00,6,Jowhar,2.78,45.5,2.75,45.5,27.130499,3.0,0.0
922,2024-11-16 07:00:00+00:00,6,Jowhar,2.78,45.5,2.75,45.5,28.380499,3.0,0.0
923,2024-11-16 08:00:00+00:00,6,Jowhar,2.78,45.5,2.75,45.5,29.5805,3.0,0.0
924,2024-11-16 09:00:00+00:00,6,Jowhar,2.78,45.5,2.75,45.5,30.630499,3.0,0.0
925,2024-11-16 10:00:00+00:00,6,Jowhar,2.78,45.5,2.75,45.5,31.530499,3.0,0.0
926,2024-11-16 11:00:00+00:00,6,Jowhar,2.78,45.5,2.75,45.5,32.2305,3.0,0.0
927,2024-11-16 12:00:00+00:00,6,Jowhar,2.78,45.5,2.75,45.5,32.4305,3.0,0.0
928,2024-11-16 13:00:00+00:00,6,Jowhar,2.78,45.5,2.75,45.5,31.9305,3.0,0.0
929,2024-11-16 14:00:00+00:00,6,Jowhar,2.78,45.5,2.75,45.5,30.9305,3.0,0.0
930,2024-11-16 15:00:00+00:00,6,Jowhar,2.78,45.5,2.75,45.5,29.6805,3.0,0.0
931,2024-11-16 16:00:00+00:00,6,Jowhar,2.78,45.5,2.75,45.5,28.130499,3.0,0.0
932,2024-11-16 17:00:00+00:00,6,Jowhar,2.78,45.5,2.75,45.5,26.380499,3.0,0.0
933,2024-11-16 18:00:00+00:00,6,Jowhar,2.78,45.5,2.75,45.5,24.9805,3.0,0.0
934,2024-11-16 19:00:00+00:00,6,Jowhar,2.78,45.5,2.75,45.5,24.3305,3.0,0.0
935,2024-11-16 20:00:00+00:00,6,Jowhar,2.78,45.5,2.75,45.5,24.030499,2.0,0.0
936,2024-11-16 21:00:00+00:00,6,Jowhar,2.78,45.5,2.75,45.5,23.8305,2.0,0.0
937,2024-11-16 22:00:00+00:00,6,Jowhar,2.78,45.5,2.75,45.5,23.530499,1.0,0.0
938,2024-11-16 23:00:00+00:00,6,Jowhar,2.78,45.5,2.75,45.5,23.280499,0.0,0.0
939,2024-11-17 00:00:00+00:00,6,Jowhar,2.78,45.5,2.75,45.5,23.0805,0.0,0.0
940,2024-11-17 01:00:00+00:00,6,Jowhar,2.78,45.5,2.75,45.5,22.780499,0.0,0.0
941,2024-11-17 02:00:00+00:00,6,Jowhar,2.78,45.5,2.75,45.5,22.5805,0.0,0.0
942,2024-11-17 03:00:00+00:00,6,Jowhar,2.78,45.5,2.75,45.5,22.9305,0.0,0.0
943,2024-11-17 04:00:00+00:00,6,Jowhar,2.78,45.5,2.75,45.5,24.2305,0.0,0.0
944,2024-11-17 05:00:00+00:00,6,Jowhar,2.78,45.5,2.75,45.5,26.030499,0.0,0.0
945,2024-11-17 06:00:00+00:00,6,Jowhar,2.78,45.5,2.75,45.5,27.6805,0.0,0.0
946,2024-11-17 07:00:00+00:00,6,Jowhar,2.78,45.5,2.75,45.5,28.9305,6.0,0.0
947,2024-11-17 08:00:00+00:00,6,Jowhar,2.78,45.5,2.75,45.5,29.9805,7.0,0.0
948,2024-11-17 09:00:00+00:00,6,Jowhar,2.78,45.5,2.75,45.5,30.780499,8.0,0.0
949,2024-11-17 10:00:00+00:00,6,Jowhar,2.78,45.5,2.75,45.5,31.4305,9.0,0.0
950,2024-11-17 11:00:00+00:00,6,Jowhar,2.78,45.5,2.75,45.5,31.880499,9.0,0.0
951,2024-11-17 12:00:00+00:00,6,Jowhar,2.78,45.5,2.75,45.5,31.7305,10.0,0.0
952,2024-11-17 13:00:00+00:00,6,Jowhar,2.78,45.5,2.75,45.5,30.6805,11.0,0.1
953,2024-11-17 14:00:00+00:00,6,Jowhar,2.78,45.5,2.75,45.5,29.130499,11.0,0.1
954,2024-11-17 15:00:00+00:00,6,Jowhar,2.78,45.5,2.75,45.5,27.7305,11.0,0.1
955,2024-11-17 16:00:00+00:00,6,Jowhar,2.78,45.5,2.75,45.5,26.780499,12.0,0.0
956,2024-11-17 17:00:00+00:00,6,Jowhar,2.78,45.5,2.75,45.5,26.030499,12.0,0.0
957,2024-11-17 18:00:00+00:00,6,Jowhar,2.78,45.5,2.75,45.5,25.530499,12.0,0.0
958,2024-11-17 19:00:00+00:00,6,Jowhar,2.78,45.5,2.75,45.5,25.5805,13.0,0.0
959,2024-11-17 20:00:00+00:00,6,Jowhar,2.78,45.5,2.75,45.5,25.3305,13.0,0.0
960,2024-11-17 21:00:00+00:00,6,Jowhar,2.78,45.5,2.75,45.5,25.130499,13.0,0.0
961,2024-11-17 22:00:00+00:00,6,Jowhar,2.78,45.5,2.75,45.5,24.9305,13.0,0.0
962,2024-11-17 23:00:00+00:00,6,Jowhar,2.78,45.5,2.75,45.5,24.7305,13.0,0.0
963,2024-11-18 00:00:00+00:00,6,Jowhar,2.78,45.5,2.75,45.5,24.630499,13.0,0.0
964,2024-11-18 01:00:00+00:00,6,Jowhar,2.78,45.5,2.75,45.5,24.4805,13.0,0.0
965,2024-11-18 02:00:00+00:00,6,Jowhar,2.78,45.5,2.75,45.5,24.3305,12.0,0.0
966,2024-11-18 03:00:00+00:00,6,Jowhar,2.78,45.5,2.75,45.5,24.530499,12.0,0.0
967,2024-11-18 04:00:00+00:00,6,Jowhar,2.78,45.5,2.75,45.5,25.2305,11.0,0.3
968,2024-11-18 05:00:00+00:00,6,Jowhar,2.78,45.5,2.75,45.5,26.2305,11.0,0.3
969,2024-11-18 06:00:00+00:00,6,Jowhar,2.78,45.5,2.75,45.5,27.3305,10.0,0.3
970,2024-11-18 07:00:00+00:00,6,Jowhar,2.78,45.5,2.75,45.5,28.6805,9.0,0.1
971,2024-11-18 08:00:00+00:00,6,Jowhar,2.78,45.5,2.75,45.5,30.0805,9.0,0.1
972,2024-11-18 09:00:00+00:00,6,Jowhar,2.78,45.5,2.75,45.5,30.8305,8.0,0.1
973,2024-11-18 10:00:00+00:00,6,Jowhar,2.78,45.5,2.75,45.5,30.530499,8.0,1.0
974,2024-11-18 11:00:00+00:00,6,Jowhar,2.78,45.5,2.75,45.5,29.5805,8.0,1.0
975,2024-11-18 12:00:00+00:00,6,Jowhar,2.78,45.5,2.75,45.5,28.630499,8.0,1.0
976,2024-11-18 13:00:00+00:00,6,Jowhar,2.78,45.5,2.75,45.5,27.9305,8.0,1.4
977,2024-11-18 14:00:00+00:00,6,Jowhar,2.78,45.5,2.75,45.5,27.2305,9.0,1.4
978,2024-11-18 15:00:00+00:00,6,Jowhar,2.78,45.5,2.75,45.5,26.630499,10.0,1.4
979,2024-11-18 16:00:00+00:00,6,Jowhar,2.78,45.5,2.75,45.5,26.130499,11.0,0.0
980,2024-11-18 17:00:00+00:00,6,Jowhar,2.78,45.5,2.75,45.5,25.6805,12.0,0.0
981,2024-11-18 18:00:00+00:00,6,Jowhar,2.78,45.5,2.75,45.5,25.380499,13.0,0.0
982,2024-11-18 19:00:00+00:00,6,Jowhar,2.78,45.5,2.75,45.5,25.2305,14.0,0.0
983,2024-11-18 20:00:00+00:00,6,Jowhar,2.78,45.5,2.75,45.5,25.130499,15.0,0.0
984,2024-11-18 21:00:00+00:00,6,Jowhar,2.78,45.5,2.75,45.5,25.030499,16.0,0.0
985,2024-11-18 22:00:00+00:00,6,Jowhar,2.78,45.5,2.75,45.5,24.780499,17.0,0.0
986,2024-11-18 23:00:00+00:00,6,Jowhar,2.78,45.5,2.75,45.5,24.4805,17.0,0.0
987,2024-11-19 00:00:00+00:00,6,Jowhar,2.78,45.5,2.75,45.5,24.1805,18.0,0.0
988,2024-11-19 01:00:00+00:00,6,Jowhar,2.78,45.5,2.75,45.5,23.780499,18.0,0.0
989,2024-11-19 02:00:00+00:00,6,Jowhar,2.78,45.5,2.75,45.5,23.380499,19.0,0.0
990,2024-11-19 03:00:00+00:00,6,Jowhar,2.78,45.5,2.75,45.5,23.530499,19.0,0.0
991,2024-11-19 04:00:00+00:00,6,Jowhar,2.78,45.5,2.75,45.5,24.5805,19.0,0.0
992,2024-11-19 05:00:00+00:00,6,Jowhar,2.78,45.5,2.75,45.5,26.130499,18.0,0.0
993,2024-11-19 06:00:00+00:00,6,Jowhar,2.78,45.5,2.75,45.5,27.6805,18.0,0.0
994,2024-11-19 07:00:00+00:00,6,Jowhar,2.78,45.5,2.75,45.5,29.1805,18.0,0.0
995,2024-11-19 08:00:00+00:00,6,Jowhar,2.78,45.5,2.75,45.5,30.630499,18.0,0.0
996,2024-11-19 09:00:00+00:00,6,Jowhar,2.78,45.5,2.75,45.5,31.7305,18.0,0.0
997,2024-11-19 10:00:00+00:00,6,Jowhar,2.78,45.5,2.75,45.5,32.3805,18.0,0.0
998,2024-11-19 11:00:00+00:00,6,Jowhar,2.78,45.5,2.75,45.5,32.6805,18.0,0.0
999,2024-11-19 12:00:00+00:00,6,Jowhar,2.78,45.5,2.75,45.5,32.3805,18.0,0.0
1000,2024-11-19 13:00:00+00:00,6,Jowhar,2.78,45.5,2.75,45.5,31.1805,18.0,0.0
1001,2024-11-19 14:00:00+00:00,6,Jowhar,2.78,45.5,2.75,45.5,29.4305,19.0,0.0
1002,2024-11-19 15:00:00+00:00,6,Jowhar,2.78,45.5,2.75,45.5,27.8305,19.0,0.0
1003,2024-11-19 16:00:00+00:00,6,Jowhar,2.78,45.5,2.75,45.5,26.6805,19.0,0.0
1004,2024-11-19 17:00:00+00:00,6,Jowhar,2.78,45.5,2.75,45.5,25.6805,20.0,0.0
1005,2024-11-19 18:00:00+00:00,6,Jowhar,2.78,45.5,2.75,45.5,24.880499,21.0,0.0
1006,2024-11-19 19:00:00+00:00,6,Jowhar,2.78,45.5,2.75,45.5,24.380499,21.0,0.0
1007,2024-11-19 20:00:00+00:00,6,Jowhar,2.78,45.5,2.75,45.5,24.030499,22.0,0.0
1008,2024-11-12 21:00:00+00:00,1,Luuq,3.8,42.55,3.75,42.5,25.289999,55.0,1.7
1009,2024-11-12 22:00:00+00:00,1,Luuq,3.8,42.55,3.75,42.5,24.789999,55.0,2.3
1010,2024-11-12 23:00:00+00:00,1,Luuq,3.8,42.55,3.75,42.5,24.939999,48.0,0.8
1011,2024-11-13 00:00:00+00:00,1,Luuq,3.8,42.55,3.75,42.5,25.039999,28.0,0.0
1012,2024-11-13 01:00:00+00:00,1,Luuq,3.8,42.55,3.75,42.5,24.939999,13.0,0.0
1013,2024-11-13 02:00:00+00:00,1,Luuq,3.8,42.55,3.75,42.5,24.89,0.0,0.0
1014,2024-11-13 03:00:00+00:00,1,Luuq,3.8,42.55,3.75,42.5,24.74,0.0,0.0
1015,2024-11-13 04:00:00+00:00,1,Luuq,3.8,42.55,3.75,42.5,25.039999,5.0,0.0
1016,2024-11-13 05:00:00+00:00,1,Luuq,3.8,42.55,3.75,42.5,25.939999,5.0,0.0
1017,2024-11-13 06:00:00+00:00,1,Luuq,3.8,42.55,3.75,42.5,26.789999,5.0,0.0
1018,2024-11-13 07:00:00+00:00,1,Luuq,3.8,42.55,3.75,42.5,27.99,28.0,0.0
1019,2024-11-13 08:00:00+00:00,1,Luuq,3.8,42.55,3.75,42.5,28.74,48.0,0.3
1020,2024-11-13 09:00:00+00:00,1,Luuq,3.8,42.55,3.75,42.5,29.24,73.0,0.3
1021,2024-11-13 10:00:00+00:00,1,Luuq,3.8,42.55,3.75,42.5,30.09,78.0,0.2
1022,2024-11-13 11:00:00+00:00,1,Luuq,3.8,42.55,3.75,42.5,30.689999,78.0,0.2
1023,2024-11-13 12:00:00+00:00,1,Luuq,3.8,42.55,3.75,42.5,30.439999,73.0,0.3
1024,2024-11-13 13:00:00+00:00,1,Luuq,3.8,42.55,3.75,42.5,30.09,60.0,0.1
1025,2024-11-13 14:00:00+00:00,1,Luuq,3.8,42.55,3.75,42.5,28.939999,58.0,1.0
1026,2024-11-13 15:00:00+00:00,1,Luuq,3.8,42.55,3.75,42.5,27.439999,20.0,1.5
1027,2024-11-13 16:00:00+00:00,1,Luuq,3.8,42.55,3.75,42.5,26.89,5.0,0.0
1028,2024-11-13 17:00:00+00:00,1,Luuq,3.8,42.55,3.75,42.5,26.64,8.0,0.0
1029,2024-11-13 18:00:00+00:00,1,Luuq,3.8,42.55,3.75,42.5,26.49,5.0,0.0
1030,2024-11-13 19:00:00+00:00,1,Luuq,3.8,42.55,3.75,42.5,26.289999,0.0,0.0
1031,2024-11-13 20:00:00+00:00,1,Luuq,3.8,42.55,3.75,42.5,26.039999,0.0,0.0
1032,2024-11-13 21:00:00+00:00,1,Luuq,3.8,42.55,3.75,42.5,25.939999,0.0,0.0
1033,2024-11-13 22:00:00+00:00,1,Luuq,3.8,42.55,3.75,42.5,25.539999,0.0,0.0
1034,2024-11-13 23:00:00+00:00,1,Luuq,3.8,42.55,3.75,42.5,25.09,0.0,0.0
1035,2024-11-14 00:00:00+00:00,1,Luuq,3.8,42.55,3.75,42.5,24.789999,0.0,0.0
1036,2024-11-14 01:00:00+00:00,1,Luuq,3.8,42.55,3.75,42.5,24.289999,0.0,0.0
1037,2024-11-14 02:00:00+00:00,1,Luuq,3.8,42.55,3.75,42.5,24.14,0.0,0.0
1038,2024-11-14 03:00:00+00:00,1,Luuq,3.8,42.55,3.75,42.5,24.14,0.0,0.0
1039,2024-11-14 04:00:00+00:00,1,Luuq,3.8,42.55,3.75,42.5,24.789999,0.0,0.0
1040,2024-11-14 05:00:00+00:00,1,Luuq,3.8,42.55,3.75,42.5,26.09,0.0,0.0
1041,2024-11-14 06:00:00+00:00,1,Luuq,3.8,42.55,3.75,42.5,27.89,28.0,0.0
1042,2024-11-14 07:00:00+00:00,1,Luuq,3.8,42.55,3.75,42.5,29.439999,48.0,0.0
1043,2024-11-14 08:00:00+00:00,1,Luuq,3.8,42.55,3.75,42.5,31.039999,40.0,0.0
1044,2024-11-14 09:00:00+00:00,1,Luuq,3.8,42.55,3.75,42.5,32.09,30.0,0.0
1045,2024-11-14 10:00:00+00:00,1,Luuq,3.8,42.55,3.75,42.5,32.89,15.0,0.0
1046,2024-11-14 11:00:00+00:00,1,Luuq,3.8,42.55,3.75,42.5,33.29,15.0,0.0
1047,2024-11-14 12:00:00+00:00,1,Luuq,3.8,42.55,3.75,42.5,33.54,8.0,0.0
1048,2024-11-14 13:00:00+00:00,1,Luuq,3.8,42.55,3.75,42.5,33.39,5.0,0.0
1049,2024-11-14 14:00:00+00:00,1,Luuq,3.8,42.55,3.75,42.5,32.89,4.0,0.0
1050,2024-11-14 15:00:00+00:00,1,Luuq,3.8,42.55,3.75,42.5,31.289999,3.0,0.0
1051,2024-11-14 16:00:00+00:00,1,Luuq,3.8,42.55,3.75,42.5,29.99,3.0,0.0
1052,2024-11-14 17:00:00+00:00,1,Luuq,3.8,42.55,3.75,42.5,29.039999,4.0,0.0
1053,2024-11-14 18:00:00+00:00,1,Luuq,3.8,42.55,3.75,42.5,28.189999,5.0,0.0
1054,2024-11-14 19:00:00+00:00,1,Luuq,3.8,42.55,3.75,42.5,27.289999,5.0,0.0
1055,2024-11-14 20:00:00+00:00,1,Luuq,3.8,42.55,3.75,42.5,26.24,4.0,0.0
1056,2024-11-14 21:00:00+00:00,1,Luuq,3.8,42.55,3.75,42.5,25.64,3.0,0.0
1057,2024-11-14 22:00:00+00:00,1,Luuq,3.8,42.55,3.75,42.5,25.24,2.0,0.0
1058,2024-11-14 23:00:00+00:00,1,Luuq,3.8,42.55,3.75,42.5,24.84,1.0,0.0
1059,2024-11-15 00:00:00+00:00,1,Luuq,3.8,42.55,3.75,42.5,24.49,0.0,0.0
1060,2024-11-15 01:00:00+00:00,1,Luuq,3.8,42.55,3.75,42.5,24.24,0.0,0.0
1061,2024-11-15 02:00:00+00:00,1,Luuq,3.8,42.55,3.75,42.5,24.14,0.0,0.0
1062,2024-11-15 03:00:00+00:00,1,Luuq,3.8,42.55,3.75,42.5,24.14,0.0,0.0
1063,2024-11-15 04:00:00+00:00,1,Luuq,3.8,42.55,3.75,42.5,24.74,4.0,0.0
1064,2024-11-15 05:00:00+00:00,1,Luuq,3.8,42.55,3.75,42.5,25.539999,10.0,0.2
1065,2024-11-15 06:00:00+00:00,1,Luuq,3.8,42.55,3.75,42.5,26.74,15.0,0.1
1066,2024-11-15 07:00:00+00:00,1,Luuq,3.8,42.55,3.75,42.5,28.539999,20.0,0.0
1067,2024-11-15 08:00:00+00:00,1,Luuq,3.8,42.55,3.75,42.5,29.99,24.0,0.1
1068,2024-11-15 09:00:00+00:00,1,Luuq,3.8,42.55,3.75,42.5,31.039999,25.0,0.0
1069,2024-11-15 10:00:00+00:00,1,Luuq,3.8,42.55,3.75,42.5,31.64,7.0,0.2
1070,2024-11-15 11:00:00+00:00,1,Luuq,3.8,42.55,3.75,42.5,32.14,5.0,0.1
1071,2024-11-15 12:00:00+00:00,1,Luuq,3.8,42.55,3.75,42.5,32.59,3.0,0.0
1072,2024-11-15 13:00:00+00:00,1,Luuq,3.8,42.55,3.75,42.5,33.04,2.0,0.0
1073,2024-11-15 14:00:00+00:00,1,Luuq,3.8,42.55,3.75,42.5,32.94,1.0,0.0
1074,2024-11-15 15:00:00+00:00,1,Luuq,3.8,42.55,3.75,42.5,31.59,1.0,0.0
1075,2024-11-15 16:00:00+00:00,1,Luuq,3.8,42.55,3.75,42.5,30.14,0.0,0.0
1076,2024-11-15 17:00:00+00:00,1,Luuq,3.8,42.55,3.75,42.5,29.14,0.0,0.0
1077,2024-11-15 18:00:00+00:00,1,Luuq,3.8,42.55,3.75,42.5,28.34,0.0,0.0
1078,2024-11-15 19:00:00+00:00,1,Luuq,3.8,42.55,3.75,42.5,27.49,0.0,0.0
1079,2024-11-15 20:00:00+00:00,1,Luuq,3.8,42.55,3.75,42.5,26.59,1.0,0.0
1080,2024-11-15 21:00:00+00:00,1,Luuq,3.8,42.55,3.75,42.5,25.789999,2.0,0.0
1081,2024-11-15 22:00:00+00:00,1,Luuq,3.8,42.55,3.75,42.5,25.789999,2.0,0.0
1082,2024-11-15 23:00:00+00:00,1,Luuq,3.8,42.55,3.75,42.5,24.74,3.0,0.0
1083,2024-11-16 00:00:00+00:00,1,Luuq,3.8,42.55,3.75,42.5,23.39,3.0,0.0
1084,2024-11-16 01:00:00+00:00,1,Luuq,3.8,42.55,3.75,42.5,22.59,3.0,0.0
1085,2024-11-16 02:00:00+00:00,1,Luuq,3.8,42.55,3.75,42.5,21.84,2.0,0.0
1086,2024-11-16 03:00:00+00:00,1,Luuq,3.8,42.55,3.75,42.5,21.84,1.0,0.0
1087,2024-11-16 04:00:00+00:00,1,Luuq,3.8,42.55,3.75,42.5,22.89,1.0,0.0
1088,2024-11-16 05:00:00+00:00,1,Luuq,3.8,42.55,3.75,42.5,24.689999,0.0,0.0
1089,2024-11-16 06:00:00+00:00,1,Luuq,3.8,42.55,3.75,42.5,26.59,0.0,0.0
1090,2024-11-16 07:00:00+00:00,1,Luuq,3.8,42.55,3.75,42.5,28.64,0.0,0.0
1091,2024-11-16 08:00:00+00:00,1,Luuq,3.8,42.55,3.75,42.5,30.84,1.0,0.0
1092,2024-11-16 09:00:00+00:00,1,Luuq,3.8,42.55,3.75,42.5,32.59,3.0,0.0
1093,2024-11-16 10:00:00+00:00,1,Luuq,3.8,42.55,3.75,42.5,33.79,4.0,0.0
1094,2024-11-16 11:00:00+00:00,1,Luuq,3.8,42.55,3.75,42.5,34.59,5.0,0.0
1095,2024-11-16 12:00:00+00:00,1,Luuq,3.8,42.55,3.75,42.5,34.84,5.0,0.0
1096,2024-11-16 13:00:00+00:00,1,Luuq,3.8,42.55,3.75,42.5,34.44,5.0,0.0
1097,2024-11-16 14:00:00+00:00,1,Luuq,3.8,42.55,3.75,42.5,33.489998,4.0,0.0
1098,2024-11-16 15:00:00+00:00,1,Luuq,3.8,42.55,3.75,42.5,32.34,3.0,0.0
1099,2024-11-16 16:00:00+00:00,1,Luuq,3.8,42.55,3.75,42.5,30.89,2.0,0.0
1100,2024-11-16 17:00:00+00:00,1,Luuq,3.8,42.55,3.75,42.5,29.189999,1.0,0.0
1101,2024-11-16 18:00:00+00:00,1,Luuq,3.8,42.55,3.75,42.5,27.74,0.0,0.0
1102,2024-11-16 19:00:00+00:00,1,Luuq,3.8,42.55,3.75,42.5,26.789999,0.0,0.0
1103,2024-11-16 20:00:00+00:00,1,Luuq,3.8,42.55,3.75,42.5,26.14,0.0,0.0
1104,2024-11-16 21:00:00+00:00,1,Luuq,3.8,42.55,3.75,42.5,25.39,0.0,0.0
1105,2024-11-16 22:00:00+00:00,1,Luuq,3.8,42.55,3.75,42.5,24.39,0.0,0.0
1106,2024-11-16 23:00:00+00:00,1,Luuq,3.8,42.55,3.75,42.5,23.34,0.0,0.0
1107,2024-11-17 00:00:00+00:00,1,Luuq,3.8,42.55,3.75,42.5,22.539999,0.0,0.0
1108,2024-11-17 01:00:00+00:00,1,Luuq,3.8,42.55,3.75,42.5,21.89,0.0,0.0
1109,2024-11-17 02:00:00+00:00,1,Luuq,3.8,42.55,3.75,42.5,21.439999,0.0,0.0
1110,2024-11-17 03:00:00+00:00,1,Luuq,3.8,42.55,3.75,42.5,21.689999,0.0,0.0
1111,2024-11-17 04:00:00+00:00,1,Luuq,3.8,42.55,3.75,42.5,22.939999,0.0,0.0
1112,2024-11-17 05:00:00+00:00,1,Luuq,3.8,42.55,3.75,42.5,24.84,0.0,0.0
1113,2024-11-17 06:00:00+00:00,1,Luuq,3.8,42.55,3.75,42.5,26.89,0.0,0.0
1114,2024-11-17 07:00:00+00:00,1,Luuq,3.8,42.55,3.75,42.5,29.09,0.0,0.0
1115,2024-11-17 08:00:00+00:00,1,Luuq,3.8,42.55,3.75,42.5,31.49,0.0,0.0
1116,2024-11-17 09:00:00+00:00,1,Luuq,3.8,42.55,3.75,42.5,33.34,0.0,0.0
1117,2024-11-17 10:00:00+00:00,1,Luuq,3.8,42.55,3.75,42.5,34.489998,0.0,0.0
1118,2024-11-17 11:00:00+00:00,1,Luuq,3.8,42.55,3.75,42.5,35.19,0.0,0.0
1119,2024-11-17 12:00:00+00:00,1,Luuq,3.8,42.55,3.75,42.5,35.39,0.0,0.0
1120,2024-11-17 13:00:00+00:00,1,Luuq,3.8,42.55,3.75,42.5,35.09,0.0,0.0
1121,2024-11-17 14:00:00+00:00,1,Luuq,3.8,42.55,3.75,42.5,34.29,0.0,0.0
1122,2024-11-17 15:00:00+00:00,1,Luuq,3.8,42.55,3.75,42.5,33.239998,0.0,0.0
1123,2024-11-17 16:00:00+00:00,1,Luuq,3.8,42.55,3.75,42.5,31.789999,0.0,0.0
1124,2024-11-17 17:00:00+00:00,1,Luuq,3.8,42.55,3.75,42.5,30.09,0.0,0.0
1125,2024-11-17 18:00:00+00:00,1,Luuq,3.8,42.55,3.75,42.5,28.89,0.0,0.0
1126,2024-11-17 19:00:00+00:00,1,Luuq,3.8,42.55,3.75,42.5,27.74,0.0,0.0
1127,2024-11-17 20:00:00+00:00,1,Luuq,3.8,42.55,3.75,42.5,26.99,0.0,0.0
1128,2024-11-17 21:00:00+00:00,1,Luuq,3.8,42.55,3.75,42.5,26.34,0.0,0.0
1129,2024-11-17 22:00:00+00:00,1,Luuq,3.8,42.55,3.75,42.5,25.89,0.0,0.0
1130,2024-11-17 23:00:00+00:00,1,Luuq,3.8,42.55,3.75,42.5,25.64,0.0,0.0
1131,2024-11-18 00:00:00+00:00,1,Luuq,3.8,42.55,3.75,42.5,25.289999,0.0,0.0
1132,2024-11-18 01:00:00+00:00,1,Luuq,3.8,42.55,3.75,42.5,24.64,1.0,0.0
1133,2024-11-18 02:00:00+00:00,1,Luuq,3.8,42.55,3.75,42.5,23.89,1.0,0.0
1134,2024-11-18 03:00:00+00:00,1,Luuq,3.8,42.55,3.75,42.5,23.789999,2.0,0.0
1135,2024-11-18 04:00:00+00:00,1,Luuq,3.8,42.55,3.75,42.5,24.74,3.0,0.1
1136,2024-11-18 05:00:00+00:00,1,Luuq,3.8,42.55,3.75,42.5,26.289999,4.0,0.1
1137,2024-11-18 06:00:00+00:00,1,Luuq,3.8,42.55,3.75,42.5,27.84,5.0,0.1
1138,2024-11-18 07:00:00+00:00,1,Luuq,3.8,42.55,3.75,42.5,29.34,6.0,0.1
1139,2024-11-18 08:00:00+00:00,1,Luuq,3.8,42.55,3.75,42.5,30.789999,7.0,0.1
1140,2024-11-18 09:00:00+00:00,1,Luuq,3.8,42.55,3.75,42.5,31.59,8.0,0.1
1141,2024-11-18 10:00:00+00:00,1,Luuq,3.8,42.55,3.75,42.5,31.289999,9.0,1.0
1142,2024-11-18 11:00:00+00:00,1,Luuq,3.8,42.55,3.75,42.5,30.39,10.0,1.0
1143,2024-11-18 12:00:00+00:00,1,Luuq,3.8,42.55,3.75,42.5,29.64,10.0,1.0
1144,2024-11-18 13:00:00+00:00,1,Luuq,3.8,42.55,3.75,42.5,29.439999,10.0,0.1
1145,2024-11-18 14:00:00+00:00,1,Luuq,3.8,42.55,3.75,42.5,29.439999,10.0,0.1
1146,2024-11-18 15:00:00+00:00,1,Luuq,3.8,42.55,3.75,42.5,29.24,10.0,0.1
1147,2024-11-18 16:00:00+00:00,1,Luuq,3.8,42.55,3.75,42.5,28.64,9.0,0.0
1148,2024-11-18 17:00:00+00:00,1,Luuq,3.8,42.55,3.75,42.5,27.84,9.0,0.0
1149,2024-11-18 18:00:00+00:00,1,Luuq,3.8,42.55,3.75,42.5,27.14,8.0,0.0
1150,2024-11-18 19:00:00+00:00,1,Luuq,3.8,42.55,3.75,42.5,26.689999,8.0,0.0
1151,2024-11-18 20:00:00+00:00,1,Luuq,3.8,42.55,3.75,42.5,26.39,7.0,0.0
1152,2024-11-18 21:00:00+00:00,1,Luuq,3.8,42.55,3.75,42.5,26.09,7.0,0.0
1153,2024-11-18 22:00:00+00:00,1,Luuq,3.8,42.55,3.75,42.5,25.74,7.0,0.0
1154,2024-11-18 23:00:00+00:00,1,Luuq,3.8,42.55,3.75,42.5,25.439999,7.0,0.0
1155,2024-11-19 00:00:00+00:00,1,Luuq,3.8,42.55,3.75,42.5,25.14,8.0,0.0
1156,2024-11-19 01:00:00+00:00,1,Luuq,3.8,42.55,3.75,42.5,24.84,9.0,0.0
1157,2024-11-19 02:00:00+00:00,1,Luuq,3.8,42.55,3.75,42.5,24.539999,11.0,0.0
1158,2024-11-19 03:00:00+00:00,1,Luuq,3.8,42.55,3.75,42.5,24.59,13.0,0.0
1159,2024-11-19 04:00:00+00:00,1,Luuq,3.8,42.55,3.75,42.5,25.039999,15.0,0.1
1160,2024-11-19 05:00:00+00:00,1,Luuq,3.8,42.55,3.75,42.5,25.789999,17.0,0.1
1161,2024-11-19 06:00:00+00:00,1,Luuq,3.8,42.55,3.75,42.5,26.84,20.0,0.1
1162,2024-11-19 07:00:00+00:00,1,Luuq,3.8,42.55,3.75,42.5,28.39,22.0,0.1
1163,2024-11-19 08:00:00+00:00,1,Luuq,3.8,42.55,3.75,42.5,30.289999,25.0,0.1
1164,2024-11-19 09:00:00+00:00,1,Luuq,3.8,42.55,3.75,42.5,31.789999,27.0,0.1
1165,2024-11-19 10:00:00+00:00,1,Luuq,3.8,42.55,3.75,42.5,32.739998,28.0,0.0
1166,2024-11-19 11:00:00+00:00,1,Luuq,3.8,42.55,3.75,42.5,33.34,29.0,0.0
1167,2024-11-19 12:00:00+00:00,1,Luuq,3.8,42.55,3.75,42.5,33.59,30.0,0.0
1168,2024-11-19 13:00:00+00:00,1,Luuq,3.8,42.55,3.75,42.5,33.489998,30.0,0.0
1169,2024-11-19 14:00:00+00:00,1,Luuq,3.8,42.55,3.75,42.5,33.04,29.0,0.0
1170,2024-11-19 15:00:00+00:00,1,Luuq,3.8,42.55,3.75,42.5,32.39,28.0,0.0
1171,2024-11-19 16:00:00+00:00,1,Luuq,3.8,42.55,3.75,42.5,31.439999,27.0,0.0
1172,2024-11-19 17:00:00+00:00,1,Luuq,3.8,42.55,3.75,42.5,30.24,25.0,0.0
1173,2024-11-19 18:00:00+00:00,1,Luuq,3.8,42.55,3.75,42.5,29.24,23.0,0.0
1174,2024-11-19 19:00:00+00:00,1,Luuq,3.8,42.55,3.75,42.5,28.689999,21.0,0.0
1175,2024-11-19 20:00:00+00:00,1,Luuq,3.8,42.55,3.75,42.5,28.289999,19.0,0.0
